6909|T001-R1	23ee481346aabfe947b897b55e1cce4d	1261	Pfam	PF01582	TIR domain	19	182	4.9E-33	T	17-02-2017	IPR000157	Toll/interleukin-1 receptor homology (TIR) domain
6909|T001-R1	23ee481346aabfe947b897b55e1cce4d	1261	Pfam	PF00931	NB-ARC domain	219	473	8.2E-24	T	17-02-2017	IPR002182	NB-ARC
6909|T001-R1	23ee481346aabfe947b897b55e1cce4d	1261	Pfam	PF07725	Leucine Rich Repeat	640	659	7.3E-6	T	17-02-2017	IPR011713	Leucine-rich repeat 3
6909|T002-R1	5a7e83411425b52e6cfd5e6a1222b27c	725	Pfam	PF00931	NB-ARC domain	208	450	3.3E-28	T	17-02-2017	IPR002182	NB-ARC
6909|T002-R1	5a7e83411425b52e6cfd5e6a1222b27c	725	Pfam	PF01582	TIR domain	37	189	5.9E-19	T	17-02-2017	IPR000157	Toll/interleukin-1 receptor homology (TIR) domain
6909|T002-R1	5a7e83411425b52e6cfd5e6a1222b27c	725	Pfam	PF07725	Leucine Rich Repeat	608	622	1.8E-4	T	17-02-2017	IPR011713	Leucine-rich repeat 3
6909|T003-R1	13d91364eeb31ec84fea658b42e32ddd	546	Pfam	PF01582	TIR domain	19	176	1.8E-20	T	17-02-2017	IPR000157	Toll/interleukin-1 receptor homology (TIR) domain
6909|T003-R1	13d91364eeb31ec84fea658b42e32ddd	546	Pfam	PF01582	TIR domain	330	476	1.9E-30	T	17-02-2017	IPR000157	Toll/interleukin-1 receptor homology (TIR) domain
6909|T004-R1	167ed38c918d3d7329112f0e875802ec	1231	Pfam	PF01582	TIR domain	12	191	7.3E-29	T	17-02-2017	IPR000157	Toll/interleukin-1 receptor homology (TIR) domain
6909|T004-R1	167ed38c918d3d7329112f0e875802ec	1231	Pfam	PF00931	NB-ARC domain	221	469	4.2E-25	T	17-02-2017	IPR002182	NB-ARC
6909|T004-R1	167ed38c918d3d7329112f0e875802ec	1231	Pfam	PF07725	Leucine Rich Repeat	636	655	3.0E-5	T	17-02-2017	IPR011713	Leucine-rich repeat 3
6909|T006-R1	3a2e0027938c63e32d0fd562b1ae6741	846	Pfam	PF00931	NB-ARC domain	165	373	1.1E-15	T	17-02-2017	IPR002182	NB-ARC
6909|T006-R1	3a2e0027938c63e32d0fd562b1ae6741	846	Pfam	PF01582	TIR domain	45	156	9.7E-17	T	17-02-2017	IPR000157	Toll/interleukin-1 receptor homology (TIR) domain
6909|T006-R1	3a2e0027938c63e32d0fd562b1ae6741	846	Pfam	PF00560	Leucine Rich Repeat	565	587	1.2	T	17-02-2017	IPR001611	Leucine-rich repeat
6909|T009-R1	3e8e844b9a7186ceac2fe0874937101c	1217	Pfam	PF01582	TIR domain	16	184	1.1E-40	T	17-02-2017	IPR000157	Toll/interleukin-1 receptor homology (TIR) domain
6909|T009-R1	3e8e844b9a7186ceac2fe0874937101c	1217	Pfam	PF00931	NB-ARC domain	211	472	1.6E-29	T	17-02-2017	IPR002182	NB-ARC
6909|T009-R1	3e8e844b9a7186ceac2fe0874937101c	1217	Pfam	PF07725	Leucine Rich Repeat	638	657	3.7E-8	T	17-02-2017	IPR011713	Leucine-rich repeat 3
6909|T010-R1	218250d4b8eaff4f3eb4b24c24ee112f	1288	Pfam	PF03106	WRKY DNA -binding domain	1209	1268	5.8E-23	T	17-02-2017	IPR003657	WRKY domain
6909|T010-R1	218250d4b8eaff4f3eb4b24c24ee112f	1288	Pfam	PF00931	NB-ARC domain	170	407	1.8E-23	T	17-02-2017	IPR002182	NB-ARC
6909|T010-R1	218250d4b8eaff4f3eb4b24c24ee112f	1288	Pfam	PF07725	Leucine Rich Repeat	577	596	8.7E-9	T	17-02-2017	IPR011713	Leucine-rich repeat 3
6909|T013.1-R1	4925358bbb9820f66bbb824c3fc0e57a	1001	Pfam	PF01582	TIR domain	13	178	1.1E-44	T	17-02-2017	IPR000157	Toll/interleukin-1 receptor homology (TIR) domain
6909|T013.1-R1	4925358bbb9820f66bbb824c3fc0e57a	1001	Pfam	PF00931	NB-ARC domain	191	442	4.5E-21	T	17-02-2017	IPR002182	NB-ARC
6909|T013.1-R1	4925358bbb9820f66bbb824c3fc0e57a	1001	Pfam	PF07725	Leucine Rich Repeat	610	629	7.4E-5	T	17-02-2017	IPR011713	Leucine-rich repeat 3
6909|T013.1-R1	4925358bbb9820f66bbb824c3fc0e57a	1001	Pfam	PF07725	Leucine Rich Repeat	740	760	4.1E-7	T	17-02-2017	IPR011713	Leucine-rich repeat 3
6909|T014.1-R1	0e289c25518b9f1085551e756044270c	1449	Pfam	PF01582	TIR domain	12	189	9.1E-48	T	17-02-2017	IPR000157	Toll/interleukin-1 receptor homology (TIR) domain
6909|T014.1-R1	0e289c25518b9f1085551e756044270c	1449	Pfam	PF00931	NB-ARC domain	192	443	8.0E-20	T	17-02-2017	IPR002182	NB-ARC
6909|T014.1-R1	0e289c25518b9f1085551e756044270c	1449	Pfam	PF07725	Leucine Rich Repeat	597	615	6.0E-8	T	17-02-2017	IPR011713	Leucine-rich repeat 3
6909|T014.1-R1	0e289c25518b9f1085551e756044270c	1449	Pfam	PF00560	Leucine Rich Repeat	643	664	1.5	T	17-02-2017	IPR001611	Leucine-rich repeat
6909|T014.1-R1	0e289c25518b9f1085551e756044270c	1449	Pfam	PF07725	Leucine Rich Repeat	734	753	3.2E-6	T	17-02-2017	IPR011713	Leucine-rich repeat 3
6909|T014.1-R1	0e289c25518b9f1085551e756044270c	1449	Pfam	PF07725	Leucine Rich Repeat	894	913	2.4E-7	T	17-02-2017	IPR011713	Leucine-rich repeat 3
6909|T014.2-R1	e99663a3fdf4304e5f04b2926f6c541f	1147	Pfam	PF00931	NB-ARC domain	147	398	5.7E-21	T	17-02-2017	IPR002182	NB-ARC
6909|T014.2-R1	e99663a3fdf4304e5f04b2926f6c541f	1147	Pfam	PF01582	TIR domain	4	134	2.9E-32	T	17-02-2017	IPR000157	Toll/interleukin-1 receptor homology (TIR) domain
6909|T014.2-R1	e99663a3fdf4304e5f04b2926f6c541f	1147	Pfam	PF07725	Leucine Rich Repeat	566	585	3.3E-5	T	17-02-2017	IPR011713	Leucine-rich repeat 3
6909|T014.2-R1	e99663a3fdf4304e5f04b2926f6c541f	1147	Pfam	PF07725	Leucine Rich Repeat	698	718	1.2E-5	T	17-02-2017	IPR011713	Leucine-rich repeat 3
6909|T017-R1	b62efd2cb30af63ad3d1d2fbc2685b25	219	Pfam	PF01582	TIR domain	2	76	4.2E-12	T	17-02-2017	IPR000157	Toll/interleukin-1 receptor homology (TIR) domain
6909|T019-R1	ca58752bb9d5b34f01285b615e11cd35	1342	Pfam	PF01582	TIR domain	10	171	1.3E-45	T	17-02-2017	IPR000157	Toll/interleukin-1 receptor homology (TIR) domain
6909|T019-R1	ca58752bb9d5b34f01285b615e11cd35	1342	Pfam	PF00931	NB-ARC domain	185	418	7.2E-18	T	17-02-2017	IPR002182	NB-ARC
6909|T019-R1	ca58752bb9d5b34f01285b615e11cd35	1342	Pfam	PF07725	Leucine Rich Repeat	563	581	2.4E-7	T	17-02-2017	IPR011713	Leucine-rich repeat 3
6909|T019-R1	ca58752bb9d5b34f01285b615e11cd35	1342	Pfam	PF07725	Leucine Rich Repeat	700	719	3.0E-6	T	17-02-2017	IPR011713	Leucine-rich repeat 3
6909|T019-R1	ca58752bb9d5b34f01285b615e11cd35	1342	Pfam	PF07725	Leucine Rich Repeat	860	879	2.2E-7	T	17-02-2017	IPR011713	Leucine-rich repeat 3
6909|T021-R1	2ba0bdaa8c230550d2838a0c1fcc7482	883	Pfam	PF01582	TIR domain	12	176	1.8E-45	T	17-02-2017	IPR000157	Toll/interleukin-1 receptor homology (TIR) domain
6909|T021-R1	2ba0bdaa8c230550d2838a0c1fcc7482	883	Pfam	PF00931	NB-ARC domain	188	432	8.9E-22	T	17-02-2017	IPR002182	NB-ARC
6909|T021-R1	2ba0bdaa8c230550d2838a0c1fcc7482	883	Pfam	PF07725	Leucine Rich Repeat	559	577	6.7E-6	T	17-02-2017	IPR011713	Leucine-rich repeat 3
6909|T021-R1	2ba0bdaa8c230550d2838a0c1fcc7482	883	Pfam	PF07725	Leucine Rich Repeat	664	684	3.0E-6	T	17-02-2017	IPR011713	Leucine-rich repeat 3
6909|T022-R1	605629b65046cbd48778637a562b79ae	1309	Pfam	PF01582	TIR domain	11	182	3.5E-43	T	17-02-2017	IPR000157	Toll/interleukin-1 receptor homology (TIR) domain
6909|T022-R1	605629b65046cbd48778637a562b79ae	1309	Pfam	PF07725	Leucine Rich Repeat	1146	1165	2.7E-10	T	17-02-2017	IPR011713	Leucine-rich repeat 3
6909|T022-R1	605629b65046cbd48778637a562b79ae	1309	Pfam	PF00931	NB-ARC domain	187	418	4.1E-16	T	17-02-2017	IPR002182	NB-ARC
6909|T022-R1	605629b65046cbd48778637a562b79ae	1309	Pfam	PF01582	TIR domain	593	724	8.1E-14	T	17-02-2017	IPR000157	Toll/interleukin-1 receptor homology (TIR) domain
6909|T022-R1	605629b65046cbd48778637a562b79ae	1309	Pfam	PF00931	NB-ARC domain	755	987	2.5E-21	T	17-02-2017	IPR002182	NB-ARC
6909|T023-R1	68adf4dd3e9bed45a19be6bc5aae72bc	1247	Pfam	PF00931	NB-ARC domain	241	485	5.2E-26	T	17-02-2017	IPR002182	NB-ARC
6909|T023-R1	68adf4dd3e9bed45a19be6bc5aae72bc	1247	Pfam	PF01582	TIR domain	56	222	3.8E-33	T	17-02-2017	IPR000157	Toll/interleukin-1 receptor homology (TIR) domain
6909|T023-R1	68adf4dd3e9bed45a19be6bc5aae72bc	1247	Pfam	PF07725	Leucine Rich Repeat	650	668	3.9E-5	T	17-02-2017	IPR011713	Leucine-rich repeat 3
6909|T023-R1	68adf4dd3e9bed45a19be6bc5aae72bc	1247	Pfam	PF13855	Leucine rich repeat	883	937	1.9E-6	T	17-02-2017	IPR001611	Leucine-rich repeat
6909|T024-R1	a7a89c56d7cbdf9822d12a36955fe02a	1667	Pfam	PF01582	TIR domain	1402	1565	3.0E-35	T	17-02-2017	IPR000157	Toll/interleukin-1 receptor homology (TIR) domain
6909|T024-R1	a7a89c56d7cbdf9822d12a36955fe02a	1667	Pfam	PF00931	NB-ARC domain	192	411	6.7E-21	T	17-02-2017	IPR002182	NB-ARC
6909|T024-R1	a7a89c56d7cbdf9822d12a36955fe02a	1667	Pfam	PF07725	Leucine Rich Repeat	581	600	7.2E-9	T	17-02-2017	IPR011713	Leucine-rich repeat 3
6909|T024-R1	a7a89c56d7cbdf9822d12a36955fe02a	1667	Pfam	PF01582	TIR domain	7	163	6.1E-21	T	17-02-2017	IPR000157	Toll/interleukin-1 receptor homology (TIR) domain
6909|T025-R1	071688a0fc3d23d189178dc8b60c5ed8	1189	Pfam	PF01582	TIR domain	15	184	4.3E-35	T	17-02-2017	IPR000157	Toll/interleukin-1 receptor homology (TIR) domain
6909|T025-R1	NA	1189	Coils	Coil	maj_vote_coils_paircoils_nlrparser	198	225	NA	NA	NA	NA	NA	NA	NA
6909|T025-R1	071688a0fc3d23d189178dc8b60c5ed8	1189	Pfam	PF00931	NB-ARC domain	225	478	4.3E-16	T	17-02-2017	IPR002182	NB-ARC
6909|T025-R1	071688a0fc3d23d189178dc8b60c5ed8	1189	Pfam	PF07725	Leucine Rich Repeat	643	662	7.9E-5	T	17-02-2017	IPR011713	Leucine-rich repeat 3
6909|T028-R1	1040bce61d55d23f8e4aec1dfd58805d	907	Pfam	PF00931	NB-ARC domain	194	429	1.8E-16	T	17-02-2017	IPR002182	NB-ARC
6909|T028-R1	1040bce61d55d23f8e4aec1dfd58805d	907	Pfam	PF07725	Leucine Rich Repeat	607	624	3.6E-7	T	17-02-2017	IPR011713	Leucine-rich repeat 3
6909|T028-R1	1040bce61d55d23f8e4aec1dfd58805d	907	Pfam	PF01582	TIR domain	9	179	7.0E-49	T	17-02-2017	IPR000157	Toll/interleukin-1 receptor homology (TIR) domain
6909|T029-R1	83bccda385417c4c18cdcb542fda76ae	71	Pfam	PF01582	TIR domain	12	65	6.9E-12	T	17-02-2017	IPR000157	Toll/interleukin-1 receptor homology (TIR) domain
6909|T030.2-R2	e0d81de7bf383e75a8072c7baef5b066	825	Pfam	PF01582	TIR domain	12	183	3.6E-46	T	17-02-2017	IPR000157	Toll/interleukin-1 receptor homology (TIR) domain
6909|T030.2-R2	e0d81de7bf383e75a8072c7baef5b066	825	Pfam	PF00931	NB-ARC domain	188	449	2.1E-16	T	17-02-2017	IPR002182	NB-ARC
6909|T030.2-R2	e0d81de7bf383e75a8072c7baef5b066	825	Pfam	PF07725	Leucine Rich Repeat	669	687	6.1E-7	T	17-02-2017	IPR011713	Leucine-rich repeat 3
6909|T031-R1	8611f81d455d5954ca3d422ddf29fd67	1127	Pfam	PF01582	TIR domain	14	190	4.3E-50	T	17-02-2017	IPR000157	Toll/interleukin-1 receptor homology (TIR) domain
6909|T031-R1	8611f81d455d5954ca3d422ddf29fd67	1127	Pfam	PF00931	NB-ARC domain	191	412	5.1E-16	T	17-02-2017	IPR002182	NB-ARC
6909|T031-R1	8611f81d455d5954ca3d422ddf29fd67	1127	Pfam	PF07725	Leucine Rich Repeat	611	629	2.1E-7	T	17-02-2017	IPR011713	Leucine-rich repeat 3
6909|T033-R1	e411f13972f8bf5d59937bad9cf25065	1123	Pfam	PF01582	TIR domain	13	188	1.1E-53	T	17-02-2017	IPR000157	Toll/interleukin-1 receptor homology (TIR) domain
6909|T033-R1	e411f13972f8bf5d59937bad9cf25065	1123	Pfam	PF00931	NB-ARC domain	190	432	8.4E-18	T	17-02-2017	IPR002182	NB-ARC
6909|T033-R1	e411f13972f8bf5d59937bad9cf25065	1123	Pfam	PF07725	Leucine Rich Repeat	606	624	2.2E-6	T	17-02-2017	IPR011713	Leucine-rich repeat 3
6909|T039-R1	b1a76bfa9928388747ff3e5dc96e5228	1282	Pfam	PF00931	NB-ARC domain	41	295	1.0E-20	T	17-02-2017	IPR002182	NB-ARC
6909|T039-R1	b1a76bfa9928388747ff3e5dc96e5228	1282	Pfam	PF07725	Leucine Rich Repeat	445	463	5.3E-8	T	17-02-2017	IPR011713	Leucine-rich repeat 3
6909|T039-R1	b1a76bfa9928388747ff3e5dc96e5228	1282	Pfam	PF07725	Leucine Rich Repeat	606	624	7.1E-6	T	17-02-2017	IPR011713	Leucine-rich repeat 3
6909|T040.2-R1	74e0775c68c9a6431191ed4f6ba18bf8	1147	Pfam	PF01582	TIR domain	13	175	1.7E-45	T	17-02-2017	IPR000157	Toll/interleukin-1 receptor homology (TIR) domain
6909|T040.2-R1	74e0775c68c9a6431191ed4f6ba18bf8	1147	Pfam	PF00931	NB-ARC domain	189	445	1.0E-19	T	17-02-2017	IPR002182	NB-ARC
6909|T040.2-R1	74e0775c68c9a6431191ed4f6ba18bf8	1147	Pfam	PF07725	Leucine Rich Repeat	608	626	4.6E-8	T	17-02-2017	IPR011713	Leucine-rich repeat 3
6909|T040.2-R1	74e0775c68c9a6431191ed4f6ba18bf8	1147	Pfam	PF07725	Leucine Rich Repeat	745	764	8.3E-7	T	17-02-2017	IPR011713	Leucine-rich repeat 3
6909|T050-R1	205544391fc3ee453187b713014cad9f	1051	Pfam	PF01582	TIR domain	14	188	1.5E-54	T	17-02-2017	IPR000157	Toll/interleukin-1 receptor homology (TIR) domain
6909|T050-R1	205544391fc3ee453187b713014cad9f	1051	Pfam	PF00931	NB-ARC domain	192	447	1.1E-21	T	17-02-2017	IPR002182	NB-ARC
6909|T050-R1	205544391fc3ee453187b713014cad9f	1051	Pfam	PF07725	Leucine Rich Repeat	603	622	6.1E-7	T	17-02-2017	IPR011713	Leucine-rich repeat 3
6909|T053-R1	55a660aa020e5af75cea7a973d441b40	966	Pfam	PF01582	TIR domain	13	189	3.5E-51	T	17-02-2017	IPR000157	Toll/interleukin-1 receptor homology (TIR) domain
6909|T053-R1	55a660aa020e5af75cea7a973d441b40	966	Pfam	PF00931	NB-ARC domain	190	445	1.1E-21	T	17-02-2017	IPR002182	NB-ARC
6909|T053-R1	55a660aa020e5af75cea7a973d441b40	966	Pfam	PF07725	Leucine Rich Repeat	603	622	1.7E-8	T	17-02-2017	IPR011713	Leucine-rich repeat 3
6909|T054-R1	2e861b3f0ec0e0e8676ee4909da50120	1063	Pfam	PF00931	NB-ARC domain	219	479	6.8E-28	T	17-02-2017	IPR002182	NB-ARC
6909|T054-R1	2e861b3f0ec0e0e8676ee4909da50120	1063	Pfam	PF01582	TIR domain	42	217	6.3E-52	T	17-02-2017	IPR000157	Toll/interleukin-1 receptor homology (TIR) domain
6909|T054-R1	2e861b3f0ec0e0e8676ee4909da50120	1063	Pfam	PF07725	Leucine Rich Repeat	636	655	1.4E-8	T	17-02-2017	IPR011713	Leucine-rich repeat 3
6909|T055-R1	55b532e53e62adcf3d9209dcfe6ce718	1106	Pfam	PF01582	TIR domain	17	197	1.5E-46	T	17-02-2017	IPR000157	Toll/interleukin-1 receptor homology (TIR) domain
6909|T055-R1	55b532e53e62adcf3d9209dcfe6ce718	1106	Pfam	PF00931	NB-ARC domain	203	457	1.3E-24	T	17-02-2017	IPR002182	NB-ARC
6909|T055-R1	55b532e53e62adcf3d9209dcfe6ce718	1106	Pfam	PF07725	Leucine Rich Repeat	616	635	1.8E-7	T	17-02-2017	IPR011713	Leucine-rich repeat 3
6909|T060.2-R1	bd6b95f32f55eabe1322be46f9d4a31b	1372	Pfam	PF03106	WRKY DNA -binding domain	1181	1238	4.5E-23	T	17-02-2017	IPR003657	WRKY domain
6909|T060.2-R1	bd6b95f32f55eabe1322be46f9d4a31b	1372	Pfam	PF00931	NB-ARC domain	154	399	2.6E-27	T	17-02-2017	IPR002182	NB-ARC
6909|T060.2-R1	bd6b95f32f55eabe1322be46f9d4a31b	1372	Pfam	PF07725	Leucine Rich Repeat	570	589	9.3E-9	T	17-02-2017	IPR011713	Leucine-rich repeat 3
6909|T061-R1	bba246f22409c25f09f11b54c5d32d8c	1165	Pfam	PF01582	TIR domain	14	180	2.1E-34	T	17-02-2017	IPR000157	Toll/interleukin-1 receptor homology (TIR) domain
6909|T061-R1	bba246f22409c25f09f11b54c5d32d8c	1165	Pfam	PF00931	NB-ARC domain	211	474	2.9E-22	T	17-02-2017	IPR002182	NB-ARC
6909|T061-R1	bba246f22409c25f09f11b54c5d32d8c	1165	Pfam	PF07725	Leucine Rich Repeat	638	657	3.6E-8	T	17-02-2017	IPR011713	Leucine-rich repeat 3
6909|T062-R1	9397dd14960eabd0d8f00749b1db3da8	354	Pfam	PF01582	TIR domain	15	179	9.3E-35	T	17-02-2017	IPR000157	Toll/interleukin-1 receptor homology (TIR) domain
6909|T062-R1	9397dd14960eabd0d8f00749b1db3da8	354	Pfam	PF14299	Phloem protein 2	198	352	7.1E-24	T	17-02-2017	IPR025886	Phloem protein 2-like
6909|T063-R1	72eab406caa842047931a581f24e445a	392	Pfam	PF01582	TIR domain	16	184	3.1E-34	T	17-02-2017	IPR000157	Toll/interleukin-1 receptor homology (TIR) domain
6909|T063-R1	72eab406caa842047931a581f24e445a	392	Pfam	PF14299	Phloem protein 2	238	390	3.3E-32	T	17-02-2017	IPR025886	Phloem protein 2-like
6909|T064-R1	fc9b911a8743b143b05540ee11324ce7	1245	Pfam	PF00931	NB-ARC domain	199	468	1.1E-21	T	17-02-2017	IPR002182	NB-ARC
6909|T064-R1	fc9b911a8743b143b05540ee11324ce7	1245	Pfam	PF01582	TIR domain	20	194	4.7E-46	T	17-02-2017	IPR000157	Toll/interleukin-1 receptor homology (TIR) domain
6909|T065-R1	7ba8163b0839f5555c70dab797ad081f	900	Pfam	PF01582	TIR domain	16	187	3.8E-47	T	17-02-2017	IPR000157	Toll/interleukin-1 receptor homology (TIR) domain
6909|T065-R1	7ba8163b0839f5555c70dab797ad081f	900	Pfam	PF00931	NB-ARC domain	191	420	6.8E-20	T	17-02-2017	IPR002182	NB-ARC
6909|T065-R1	7ba8163b0839f5555c70dab797ad081f	900	Pfam	PF07725	Leucine Rich Repeat	608	627	9.8E-6	T	17-02-2017	IPR011713	Leucine-rich repeat 3
6909|T066-R1	e56753955c10c544492f196db1db2a94	1210	Pfam	PF00931	NB-ARC domain	241	511	2.3E-18	T	17-02-2017	IPR002182	NB-ARC
6909|T066-R1	e56753955c10c544492f196db1db2a94	1210	Pfam	PF01582	TIR domain	61	236	2.3E-50	T	17-02-2017	IPR000157	Toll/interleukin-1 receptor homology (TIR) domain
6909|T066-R1	e56753955c10c544492f196db1db2a94	1210	Pfam	PF07725	Leucine Rich Repeat	664	683	4.0E-6	T	17-02-2017	IPR011713	Leucine-rich repeat 3
6909|T081-R1	2dffc52963a4ea2a8f125408e3259f09	1183	Pfam	PF01582	TIR domain	15	182	1.1E-43	T	17-02-2017	IPR000157	Toll/interleukin-1 receptor homology (TIR) domain
6909|T081-R1	2dffc52963a4ea2a8f125408e3259f09	1183	Pfam	PF00931	NB-ARC domain	202	445	2.8E-25	T	17-02-2017	IPR002182	NB-ARC
6909|T081-R1	2dffc52963a4ea2a8f125408e3259f09	1183	Pfam	PF07725	Leucine Rich Repeat	607	623	5.3E-5	T	17-02-2017	IPR011713	Leucine-rich repeat 3
6909|T082-R1	33053b5df8f1a5554360509e717ebfea	422	Pfam	PF00931	NB-ARC domain	178	390	4.4E-23	T	17-02-2017	IPR002182	NB-ARC
6909|T082-R1	33053b5df8f1a5554360509e717ebfea	422	Pfam	PF01582	TIR domain	6	171	7.4E-21	T	17-02-2017	IPR000157	Toll/interleukin-1 receptor homology (TIR) domain
6909|T083-R2	fa42efae42fc932c5e0472ed0b167459	1337	Pfam	PF01582	TIR domain	11	178	1.3E-46	T	17-02-2017	IPR000157	Toll/interleukin-1 receptor homology (TIR) domain
6909|T083-R2	fa42efae42fc932c5e0472ed0b167459	1337	Pfam	PF00931	NB-ARC domain	189	444	6.8E-23	T	17-02-2017	IPR002182	NB-ARC
6909|T084-R1	b21a1bf186c33345715b150c638182a5	512	Pfam	PF01582	TIR domain	10	167	1.6E-31	T	17-02-2017	IPR000157	Toll/interleukin-1 receptor homology (TIR) domain
6909|T084-R1	b21a1bf186c33345715b150c638182a5	512	Pfam	PF00931	NB-ARC domain	259	475	1.6E-19	T	17-02-2017	IPR002182	NB-ARC
6909|T086-R1	9dadd1c76db82aa3e78038698d6032de	1195	Pfam	PF01582	TIR domain	19	189	9.7E-29	T	17-02-2017	IPR000157	Toll/interleukin-1 receptor homology (TIR) domain
6909|T086-R1	9dadd1c76db82aa3e78038698d6032de	1195	Pfam	PF00931	NB-ARC domain	225	473	3.5E-28	T	17-02-2017	IPR002182	NB-ARC
6909|T086-R1	9dadd1c76db82aa3e78038698d6032de	1195	Pfam	PF07725	Leucine Rich Repeat	659	677	2.1E-5	T	17-02-2017	IPR011713	Leucine-rich repeat 3
6909|T087.1-R1	5c897098ef169eef955c9d6c53ed15ed	136	Pfam	PF01582	TIR domain	3	100	1.1E-6	T	17-02-2017	IPR000157	Toll/interleukin-1 receptor homology (TIR) domain
6909|T087.2-R1	4d5304b17005e02e49d95ad68eeeb9fb	1355	Pfam	PF01582	TIR domain	1125	1289	1.9E-22	T	17-02-2017	IPR000157	Toll/interleukin-1 receptor homology (TIR) domain
6909|T087.2-R1	4d5304b17005e02e49d95ad68eeeb9fb	1355	Pfam	PF07725	Leucine Rich Repeat	437	456	1.3E-9	T	17-02-2017	IPR011713	Leucine-rich repeat 3
6909|T087.2-R1	4d5304b17005e02e49d95ad68eeeb9fb	1355	Pfam	PF00931	NB-ARC domain	45	270	7.9E-15	T	17-02-2017	IPR002182	NB-ARC
6909|T087.2-R1	4d5304b17005e02e49d95ad68eeeb9fb	1355	Pfam	PF00560	Leucine Rich Repeat	829	849	0.52	T	17-02-2017	IPR001611	Leucine-rich repeat
6909|T088.1-R1	f91ff776cc091abb895d55f24e6df37e	438	Pfam	PF00931	NB-ARC domain	230	390	2.0E-13	T	17-02-2017	IPR002182	NB-ARC
6909|T088.1-R1	f91ff776cc091abb895d55f24e6df37e	438	Pfam	PF01582	TIR domain	38	208	4.2E-51	T	17-02-2017	IPR000157	Toll/interleukin-1 receptor homology (TIR) domain
6909|T088.2-R1	2579b871dd44d24ad7d2d76759e1842c	363	Pfam	PF00931	NB-ARC domain	192	349	3.2E-6	T	17-02-2017	IPR002182	NB-ARC
6909|T088.2-R1	2579b871dd44d24ad7d2d76759e1842c	363	Pfam	PF01582	TIR domain	9	188	2.4E-50	T	17-02-2017	IPR000157	Toll/interleukin-1 receptor homology (TIR) domain
6909|T089-R1	023eeb488140674d4af4be30e2c65238	380	Pfam	PF00931	NB-ARC domain	192	330	5.0E-6	T	17-02-2017	IPR002182	NB-ARC
6909|T089-R1	023eeb488140674d4af4be30e2c65238	380	Pfam	PF01582	TIR domain	8	185	1.2E-56	T	17-02-2017	IPR000157	Toll/interleukin-1 receptor homology (TIR) domain
6909|T090-R1	3e836d080949b293dee3b4442388ec0e	232	Pfam	PF01582	TIR domain	8	188	1.9E-54	T	17-02-2017	IPR000157	Toll/interleukin-1 receptor homology (TIR) domain
6909|T091-R1	8841465d8d9d1e2927fcdbf0348d89fc	176	Pfam	PF01582	TIR domain	8	171	4.9E-56	T	17-02-2017	IPR000157	Toll/interleukin-1 receptor homology (TIR) domain
6909|T092-R1	76259ced1b147a10e9ebf5126fba0cca	371	Pfam	PF00931	NB-ARC domain	189	346	2.3E-9	T	17-02-2017	IPR002182	NB-ARC
6909|T092-R1	76259ced1b147a10e9ebf5126fba0cca	371	Pfam	PF01582	TIR domain	8	188	2.0E-54	T	17-02-2017	IPR000157	Toll/interleukin-1 receptor homology (TIR) domain
6909|T093-R1	d47905dd37218c8759cf0803d7170249	364	Pfam	PF01582	TIR domain	10	172	2.1E-51	T	17-02-2017	IPR000157	Toll/interleukin-1 receptor homology (TIR) domain
6909|T093-R1	d47905dd37218c8759cf0803d7170249	364	Pfam	PF00931	NB-ARC domain	179	335	1.6E-8	T	17-02-2017	IPR002182	NB-ARC
6909|T096-R1	NA	1637	Coils	Coil	maj_vote_coils_paircoils_nlrparser	1116	1143	NA	NA	NA	NA	NA	NA	NA
6909|T096-R1	0b59daabf5aa0f634f01a2eddc968a19	1637	Pfam	PF00412	LIM domain	1240	1291	2.8E-8	T	17-02-2017	IPR001781	Zinc finger, LIM-type
6909|T096-R1	0b59daabf5aa0f634f01a2eddc968a19	1637	Pfam	PF12315	Protein DA1	1387	1415	2.7E-4	T	17-02-2017	IPR022087	Protein DA1-like
6909|T096-R1	0b59daabf5aa0f634f01a2eddc968a19	1637	Pfam	PF12315	Protein DA1	1437	1626	2.6E-71	T	17-02-2017	IPR022087	Protein DA1-like
6909|T096-R1	0b59daabf5aa0f634f01a2eddc968a19	1637	Pfam	PF00931	NB-ARC domain	178	381	7.5E-21	T	17-02-2017	IPR002182	NB-ARC
6909|T096-R1	0b59daabf5aa0f634f01a2eddc968a19	1637	Pfam	PF07725	Leucine Rich Repeat	594	613	2.2E-5	T	17-02-2017	IPR011713	Leucine-rich repeat 3
6909|T097-R1	268a7886c0decd6574a6cfbc9155f47a	1197	Pfam	PF01582	TIR domain	18	183	2.1E-37	T	17-02-2017	IPR000157	Toll/interleukin-1 receptor homology (TIR) domain
6909|T097-R1	268a7886c0decd6574a6cfbc9155f47a	1197	Pfam	PF00931	NB-ARC domain	211	481	7.4E-20	T	17-02-2017	IPR002182	NB-ARC
6909|T097-R1	268a7886c0decd6574a6cfbc9155f47a	1197	Pfam	PF07725	Leucine Rich Repeat	638	657	5.6E-6	T	17-02-2017	IPR011713	Leucine-rich repeat 3
6909|T100.1-R1	622b7748998ef8d4f5cf868b4b4efc31	907	Pfam	PF00931	NB-ARC domain	168	455	7.3E-83	T	17-02-2017	IPR002182	NB-ARC
6909|T100.1-R1	NA	907	Coils	Coil	maj_vote_coils_paircoils_nlrparser	22	51	NA	NA	NA	NA	NA	NA	NA
6909|T100.2-R1	55470a03f79cdfc9b154cfbe97e34dd3	900	Pfam	PF00931	NB-ARC domain	169	449	7.2E-72	T	17-02-2017	IPR002182	NB-ARC
6909|T100.2-R1	NA	900	Coils	Coil	maj_vote_coils_paircoils_nlrparser	17	57	NA	NA	NA	NA	NA	NA	NA
6909|T101-R1	2ae6c106785447f63bac8aa144ff468d	910	Pfam	PF00931	NB-ARC domain	166	462	9.3E-77	T	17-02-2017	IPR002182	NB-ARC
6909|T101-R1	NA	910	Coils	Coil	maj_vote_coils_paircoils_nlrparser	20	50	NA	NA	NA	NA	NA	NA	NA
6909|T104-R1	593f07a2892f0bec9dd48a2668418b80	975	Pfam	PF01582	TIR domain	13	187	2.0E-47	T	17-02-2017	IPR000157	Toll/interleukin-1 receptor homology (TIR) domain
6909|T104-R1	593f07a2892f0bec9dd48a2668418b80	975	Pfam	PF00931	NB-ARC domain	198	328	4.0E-9	T	17-02-2017	IPR002182	NB-ARC
6909|T104-R1	593f07a2892f0bec9dd48a2668418b80	975	Pfam	PF07725	Leucine Rich Repeat	573	592	2.8E-5	T	17-02-2017	IPR011713	Leucine-rich repeat 3
6909|T105-R1	4409d0e2cf0c031d21d548a4d4046b23	1031	Pfam	PF01582	TIR domain	17	191	9.0E-47	T	17-02-2017	IPR000157	Toll/interleukin-1 receptor homology (TIR) domain
6909|T105-R1	4409d0e2cf0c031d21d548a4d4046b23	1031	Pfam	PF00931	NB-ARC domain	201	446	3.7E-27	T	17-02-2017	IPR002182	NB-ARC
6909|T105-R1	4409d0e2cf0c031d21d548a4d4046b23	1031	Pfam	PF07725	Leucine Rich Repeat	602	621	2.9E-9	T	17-02-2017	IPR011713	Leucine-rich repeat 3
6909|T106-R1	a27407f004e069317ad1eb3621316cc0	1017	Pfam	PF01582	TIR domain	13	190	5.5E-50	T	17-02-2017	IPR000157	Toll/interleukin-1 receptor homology (TIR) domain
6909|T106-R1	a27407f004e069317ad1eb3621316cc0	1017	Pfam	PF00931	NB-ARC domain	191	445	2.1E-26	T	17-02-2017	IPR002182	NB-ARC
6909|T106-R1	a27407f004e069317ad1eb3621316cc0	1017	Pfam	PF07725	Leucine Rich Repeat	607	626	1.1E-7	T	17-02-2017	IPR011713	Leucine-rich repeat 3
6909|T109-R1	06252c07dc61efd4c3409e270b9e3c6e	113	Pfam	PF01582	TIR domain	22	110	2.1E-24	T	17-02-2017	IPR000157	Toll/interleukin-1 receptor homology (TIR) domain
6909|T113-R1	be21adfb75dd442f064e964d5de64151	387	Pfam	PF01582	TIR domain	10	174	3.6E-35	T	17-02-2017	IPR000157	Toll/interleukin-1 receptor homology (TIR) domain
6909|T116-R1	6674dac8c8499cada56a88d3978fbf28	1219	Pfam	PF01582	TIR domain	10	187	2.7E-36	T	17-02-2017	IPR000157	Toll/interleukin-1 receptor homology (TIR) domain
6909|T116-R1	6674dac8c8499cada56a88d3978fbf28	1219	Pfam	PF00931	NB-ARC domain	197	446	6.1E-29	T	17-02-2017	IPR002182	NB-ARC
6909|T116-R1	6674dac8c8499cada56a88d3978fbf28	1219	Pfam	PF07725	Leucine Rich Repeat	621	640	7.3E-6	T	17-02-2017	IPR011713	Leucine-rich repeat 3
6909|T116-R1	6674dac8c8499cada56a88d3978fbf28	1219	Pfam	PF13855	Leucine rich repeat	855	912	1.9E-7	T	17-02-2017	IPR001611	Leucine-rich repeat
6909|T117-R1	796621f3404d1257bdb46e7e034f4bcf	1888	Pfam	PF07725	Leucine Rich Repeat	1228	1247	2.3E-5	T	17-02-2017	IPR011713	Leucine-rich repeat 3
6909|T117-R1	796621f3404d1257bdb46e7e034f4bcf	1888	Pfam	PF00069	Protein kinase domain	1620	1870	1.7E-58	T	17-02-2017	IPR000719	Protein kinase domain
6909|T117-R1	796621f3404d1257bdb46e7e034f4bcf	1888	Pfam	PF02671	Paired amphipathic helix repeat	324	368	4.4E-12	T	17-02-2017	IPR003822	Paired amphipathic helix
6909|T117-R1	796621f3404d1257bdb46e7e034f4bcf	1888	Pfam	PF03106	WRKY DNA -binding domain	468	524	2.6E-21	T	17-02-2017	IPR003657	WRKY domain
6909|T117-R1	796621f3404d1257bdb46e7e034f4bcf	1888	Pfam	PF03106	WRKY DNA -binding domain	641	661	1.2E-6	T	17-02-2017	IPR003657	WRKY domain
6909|T117-R1	796621f3404d1257bdb46e7e034f4bcf	1888	Pfam	PF00931	NB-ARC domain	822	1030	1.4E-17	T	17-02-2017	IPR002182	NB-ARC
6909|T120-R1	565259f7f05a315f4194810c9a8bc40b	1007	Pfam	PF00931	NB-ARC domain	222	481	1.2E-19	T	17-02-2017	IPR002182	NB-ARC
6909|T120-R1	565259f7f05a315f4194810c9a8bc40b	1007	Pfam	PF01582	TIR domain	47	208	8.8E-52	T	17-02-2017	IPR000157	Toll/interleukin-1 receptor homology (TIR) domain
6909|T120-R1	565259f7f05a315f4194810c9a8bc40b	1007	Pfam	PF07725	Leucine Rich Repeat	648	667	5.9E-7	T	17-02-2017	IPR011713	Leucine-rich repeat 3
6909|T121-R1	9626c5ecdacc8bccc01e2d22187cdecd	189	Pfam	PF05659	Arabidopsis broad-spectrum mildew resistance protein RPW8	5	142	3.7E-50	T	17-02-2017	IPR008808	Powdery mildew resistance protein, RPW8 domain
6909|T122-R1	1f3d543f3f89650a9ef5b0fb37e3923e	205	Pfam	PF05659	Arabidopsis broad-spectrum mildew resistance protein RPW8	5	142	1.7E-52	T	17-02-2017	IPR008808	Powdery mildew resistance protein, RPW8 domain
6909|T123-R1	9055a640e1e743a04c89aade02ef8488	213	Pfam	PF05659	Arabidopsis broad-spectrum mildew resistance protein RPW8	5	143	2.6E-57	T	17-02-2017	IPR008808	Powdery mildew resistance protein, RPW8 domain
6909|T124-R1	7e6ee784767a8722f55edde7ab1c7fb1	200	Pfam	PF05659	Arabidopsis broad-spectrum mildew resistance protein RPW8	11	147	9.9E-44	T	17-02-2017	IPR008808	Powdery mildew resistance protein, RPW8 domain
6909|T125-R1	d0a9b588e897abb62486ee2dc3de6a0d	1017	Pfam	PF01582	TIR domain	12	178	1.8E-39	T	17-02-2017	IPR000157	Toll/interleukin-1 receptor homology (TIR) domain
6909|T125-R1	d0a9b588e897abb62486ee2dc3de6a0d	1017	Pfam	PF00931	NB-ARC domain	202	451	3.4E-26	T	17-02-2017	IPR002182	NB-ARC
6909|T125-R1	d0a9b588e897abb62486ee2dc3de6a0d	1017	Pfam	PF07725	Leucine Rich Repeat	597	615	2.5E-7	T	17-02-2017	IPR011713	Leucine-rich repeat 3
6909|T126-R1	7f375458f00f8e341e1163e298c25ff6	459	Pfam	PF00931	NB-ARC domain	191	401	1.9E-16	T	17-02-2017	IPR002182	NB-ARC
6909|T126-R1	7f375458f00f8e341e1163e298c25ff6	459	Pfam	PF01582	TIR domain	38	174	2.2E-9	T	17-02-2017	IPR000157	Toll/interleukin-1 receptor homology (TIR) domain
6909|T129-R1	1677513f5564e049d228b63dd75b4988	968	Pfam	PF07725	Leucine Rich Repeat	418	436	2.7E-7	T	17-02-2017	IPR011713	Leucine-rich repeat 3
6909|T129-R1	1677513f5564e049d228b63dd75b4988	968	Pfam	PF07725	Leucine Rich Repeat	554	573	3.4E-6	T	17-02-2017	IPR011713	Leucine-rich repeat 3
6909|T129-R1	1677513f5564e049d228b63dd75b4988	968	Pfam	PF00931	NB-ARC domain	9	223	2.2E-15	T	17-02-2017	IPR002182	NB-ARC
6909|T133-R1	e2f0ebafbbf9fbf3400a05be35d05093	1572	Pfam	PF01582	TIR domain	16	148	4.6E-27	T	17-02-2017	IPR000157	Toll/interleukin-1 receptor homology (TIR) domain
6909|T133-R1	e2f0ebafbbf9fbf3400a05be35d05093	1572	Pfam	PF01582	TIR domain	201	371	1.4E-34	T	17-02-2017	IPR000157	Toll/interleukin-1 receptor homology (TIR) domain
6909|T133-R1	e2f0ebafbbf9fbf3400a05be35d05093	1572	Pfam	PF00931	NB-ARC domain	394	650	1.4E-34	T	17-02-2017	IPR002182	NB-ARC
6909|T134-R1	3496dea2a6e4768306f5a34067980a30	1556	Pfam	PF01582	TIR domain	17	148	1.5E-19	T	17-02-2017	IPR000157	Toll/interleukin-1 receptor homology (TIR) domain
6909|T134-R1	3496dea2a6e4768306f5a34067980a30	1556	Pfam	PF01582	TIR domain	175	346	1.4E-33	T	17-02-2017	IPR000157	Toll/interleukin-1 receptor homology (TIR) domain
6909|T134-R1	3496dea2a6e4768306f5a34067980a30	1556	Pfam	PF00931	NB-ARC domain	379	635	3.6E-31	T	17-02-2017	IPR002182	NB-ARC
6909|T137-R1	66800146add53ecf756a7d37096362fa	1007	Pfam	PF01582	TIR domain	13	186	1.3E-47	T	17-02-2017	IPR000157	Toll/interleukin-1 receptor homology (TIR) domain
6909|T137-R1	66800146add53ecf756a7d37096362fa	1007	Pfam	PF00931	NB-ARC domain	191	442	1.4E-23	T	17-02-2017	IPR002182	NB-ARC
6909|T137-R1	66800146add53ecf756a7d37096362fa	1007	Pfam	PF07725	Leucine Rich Repeat	602	621	2.0E-7	T	17-02-2017	IPR011713	Leucine-rich repeat 3
6909|T139-R1	6a76e54e790b48f6c269f555e5c15e81	1053	Pfam	PF01582	TIR domain	13	179	1.6E-45	T	17-02-2017	IPR000157	Toll/interleukin-1 receptor homology (TIR) domain
6909|T139-R1	6a76e54e790b48f6c269f555e5c15e81	1053	Pfam	PF00931	NB-ARC domain	192	440	4.6E-17	T	17-02-2017	IPR002182	NB-ARC
6909|T139-R1	6a76e54e790b48f6c269f555e5c15e81	1053	Pfam	PF07725	Leucine Rich Repeat	603	622	1.2E-7	T	17-02-2017	IPR011713	Leucine-rich repeat 3
6909|T141-R1	5600806f15eb15c29439f5cd30b1a492	910	Pfam	PF00931	NB-ARC domain	111	385	9.9E-67	T	17-02-2017	IPR002182	NB-ARC
6909|T141-R1	5600806f15eb15c29439f5cd30b1a492	910	Pfam	PF13855	Leucine rich repeat	489	542	2.8E-8	T	17-02-2017	IPR001611	Leucine-rich repeat
6909|T142-R1	3ca63ec3c606805a9f5d3f9489d84f9c	985	Pfam	PF00931	NB-ARC domain	150	426	2.1E-66	T	17-02-2017	IPR002182	NB-ARC
6909|T142-R1	NA	985	Coils	Coil	maj_vote_coils_paircoils_nlrparser	26	53	NA	NA	NA	NA	NA	NA	NA
6909|T145-R1	f70dbe70f40d410aa179ac345aca71e8	1128	Pfam	PF01582	TIR domain	12	184	1.2E-47	T	17-02-2017	IPR000157	Toll/interleukin-1 receptor homology (TIR) domain
6909|T145-R1	f70dbe70f40d410aa179ac345aca71e8	1128	Pfam	PF00931	NB-ARC domain	194	450	2.9E-17	T	17-02-2017	IPR002182	NB-ARC
6909|T145-R1	f70dbe70f40d410aa179ac345aca71e8	1128	Pfam	PF07725	Leucine Rich Repeat	605	623	1.3E-8	T	17-02-2017	IPR011713	Leucine-rich repeat 3
6909|T146-R1	52fef76ab3a85e7604ac4fa3a728aa0f	1205	Pfam	PF01582	TIR domain	12	183	8.1E-47	T	17-02-2017	IPR000157	Toll/interleukin-1 receptor homology (TIR) domain
6909|T146-R1	52fef76ab3a85e7604ac4fa3a728aa0f	1205	Pfam	PF00931	NB-ARC domain	188	450	5.2E-23	T	17-02-2017	IPR002182	NB-ARC
6909|T146-R1	52fef76ab3a85e7604ac4fa3a728aa0f	1205	Pfam	PF07725	Leucine Rich Repeat	606	623	1.3E-6	T	17-02-2017	IPR011713	Leucine-rich repeat 3
6909|T149-R1	642c3331751fab81130ff95ebece9573	1255	Pfam	PF00931	NB-ARC domain	242	505	2.3E-27	T	17-02-2017	IPR002182	NB-ARC
6909|T149-R1	642c3331751fab81130ff95ebece9573	1255	Pfam	PF01582	TIR domain	48	214	1.0E-32	T	17-02-2017	IPR000157	Toll/interleukin-1 receptor homology (TIR) domain
6909|T149-R1	642c3331751fab81130ff95ebece9573	1255	Pfam	PF07725	Leucine Rich Repeat	659	677	2.6E-5	T	17-02-2017	IPR011713	Leucine-rich repeat 3
6909|T150-R1	7f8822ded269363f21dc1e03cc69ff1e	1253	Pfam	PF00931	NB-ARC domain	178	412	6.6E-26	T	17-02-2017	IPR002182	NB-ARC
6909|T150-R1	7f8822ded269363f21dc1e03cc69ff1e	1253	Pfam	PF07725	Leucine Rich Repeat	570	589	2.7E-8	T	17-02-2017	IPR011713	Leucine-rich repeat 3
6909|T150-R1	7f8822ded269363f21dc1e03cc69ff1e	1253	Pfam	PF01582	TIR domain	6	159	3.9E-16	T	17-02-2017	IPR000157	Toll/interleukin-1 receptor homology (TIR) domain
6909|T154-R1	631bc20c31bafb615812a289c334612c	816	Pfam	PF00931	NB-ARC domain	157	436	2.9E-90	T	17-02-2017	IPR002182	NB-ARC
6909|T154-R1	NA	816	Coils	Coil	maj_vote_coils_paircoils_nlrparser	27	54	NA	NA	NA	NA	NA	NA	NA
6909|T155-R1	3a38ac945f0ada986040f6afecbefb53	848	Pfam	PF00931	NB-ARC domain	158	437	5.4E-90	T	17-02-2017	IPR002182	NB-ARC
6909|T155-R1	NA	848	Coils	Coil	maj_vote_coils_paircoils_nlrparser	28	62	NA	NA	NA	NA	NA	NA	NA
6909|T155-R1	3a38ac945f0ada986040f6afecbefb53	848	Pfam	PF13855	Leucine rich repeat	533	589	2.5E-9	T	17-02-2017	IPR001611	Leucine-rich repeat
6909|T160-R1	042477b25a8bda1bb47b2fe88873eb04	1607	Pfam	PF07725	Leucine Rich Repeat	1010	1029	1.9E-6	T	17-02-2017	IPR011713	Leucine-rich repeat 3
6909|T160-R1	042477b25a8bda1bb47b2fe88873eb04	1607	Pfam	PF00931	NB-ARC domain	272	417	6.8E-10	T	17-02-2017	IPR002182	NB-ARC
6909|T160-R1	042477b25a8bda1bb47b2fe88873eb04	1607	Pfam	PF01582	TIR domain	448	580	1.0E-11	T	17-02-2017	IPR000157	Toll/interleukin-1 receptor homology (TIR) domain
6909|T160-R1	042477b25a8bda1bb47b2fe88873eb04	1607	Pfam	PF01582	TIR domain	50	179	1.0E-34	T	17-02-2017	IPR000157	Toll/interleukin-1 receptor homology (TIR) domain
6909|T160-R1	042477b25a8bda1bb47b2fe88873eb04	1607	Pfam	PF00931	NB-ARC domain	600	839	3.7E-24	T	17-02-2017	IPR002182	NB-ARC
6909|T161-R1	f84da627f648388184673e557a66374e	1179	Pfam	PF01582	TIR domain	19	178	3.9E-36	T	17-02-2017	IPR000157	Toll/interleukin-1 receptor homology (TIR) domain
6909|T161-R1	f84da627f648388184673e557a66374e	1179	Pfam	PF00931	NB-ARC domain	219	488	1.8E-27	T	17-02-2017	IPR002182	NB-ARC
6909|T161-R1	f84da627f648388184673e557a66374e	1179	Pfam	PF07725	Leucine Rich Repeat	630	649	1.3E-5	T	17-02-2017	IPR011713	Leucine-rich repeat 3
6909|T164.1-R1	559e255f12ac6f3e517d7dd3499a39e6	1059	Pfam	PF00931	NB-ARC domain	235	495	2.8E-22	T	17-02-2017	IPR002182	NB-ARC
6909|T164.1-R1	559e255f12ac6f3e517d7dd3499a39e6	1059	Pfam	PF01582	TIR domain	56	233	3.1E-53	T	17-02-2017	IPR000157	Toll/interleukin-1 receptor homology (TIR) domain
6909|T164.1-R1	559e255f12ac6f3e517d7dd3499a39e6	1059	Pfam	PF07725	Leucine Rich Repeat	657	676	9.3E-8	T	17-02-2017	IPR011713	Leucine-rich repeat 3
6909|T164.2-R1	589efd698d72c784801e73b21bd6bd84	213	Pfam	PF01582	TIR domain	59	199	1.1E-48	T	17-02-2017	IPR000157	Toll/interleukin-1 receptor homology (TIR) domain
6909|T165-R1	63b7e3c6b51ebc6eea08d066c3c082e3	833	Pfam	PF00931	NB-ARC domain	31	291	7.1E-21	T	17-02-2017	IPR002182	NB-ARC
6909|T165-R1	63b7e3c6b51ebc6eea08d066c3c082e3	833	Pfam	PF07725	Leucine Rich Repeat	456	475	2.9E-5	T	17-02-2017	IPR011713	Leucine-rich repeat 3
6909|T167-R1	4ff8b98522f77e67fb670f8a14fb5096	882	Pfam	PF00931	NB-ARC domain	157	439	5.2E-108	T	17-02-2017	IPR002182	NB-ARC
6909|T167-R1	NA	882	Coils	Coil	maj_vote_coils_paircoils_nlrparser	28	62	NA	NA	NA	NA	NA	NA	NA
6909|T167-R1	4ff8b98522f77e67fb670f8a14fb5096	882	Pfam	PF13855	Leucine rich repeat	538	597	5.5E-12	T	17-02-2017	IPR001611	Leucine-rich repeat
6909|T168-R1	2a7dac9d48c52dcf6754a5d654b567bc	899	Pfam	PF00931	NB-ARC domain	156	438	3.7E-112	T	17-02-2017	IPR002182	NB-ARC
6909|T168-R1	NA	899	Coils	Coil	maj_vote_coils_paircoils_nlrparser	27	54	NA	NA	NA	NA	NA	NA	NA
6909|T168-R1	2a7dac9d48c52dcf6754a5d654b567bc	899	Pfam	PF13855	Leucine rich repeat	534	593	5.0E-11	T	17-02-2017	IPR001611	Leucine-rich repeat
6909|T171-R1	b4d90ac72d3d21985eaa709cd336037e	843	Pfam	PF00931	NB-ARC domain	161	439	2.0E-74	T	17-02-2017	IPR002182	NB-ARC
6909|T171-R1	b4d90ac72d3d21985eaa709cd336037e	843	Pfam	PF13855	Leucine rich repeat	535	594	2.1E-9	T	17-02-2017	IPR001611	Leucine-rich repeat
6909|T172.1-R1	5287bc77d82d68cbc2e592d874dffe0a	948	Pfam	PF00931	NB-ARC domain	155	431	1.8E-70	T	17-02-2017	IPR002182	NB-ARC
6909|T172.1-R1	NA	948	Coils	Coil	maj_vote_coils_paircoils_nlrparser	21	57	NA	NA	NA	NA	NA	NA	NA
6909|T172.1-R1	5287bc77d82d68cbc2e592d874dffe0a	948	Pfam	PF04548	AIG1 family	883	940	3.1E-10	T	17-02-2017	IPR006703	AIG1-type guanine nucleotide-binding (G) domain
6909|T172.2-R1	337efbe3aa02c186b73f095ab61bab28	623	Pfam	PF00931	NB-ARC domain	2	249	2.8E-29	T	17-02-2017	IPR002182	NB-ARC
6909|T176-R1	db13d0b4a4c3169b5a0f317bc22e832a	889	Pfam	PF00931	NB-ARC domain	161	442	9.6E-102	T	17-02-2017	IPR002182	NB-ARC
6909|T176-R1	NA	889	Coils	Coil	maj_vote_coils_paircoils_nlrparser	29	49	NA	NA	NA	NA	NA	NA	NA
6909|T176-R1	db13d0b4a4c3169b5a0f317bc22e832a	889	Pfam	PF13855	Leucine rich repeat	541	597	1.2E-10	T	17-02-2017	IPR001611	Leucine-rich repeat
6909|T178-R1	ee87775b71d4cd5fe217ef32e40f114b	885	Pfam	PF00931	NB-ARC domain	161	442	9.6E-99	T	17-02-2017	IPR002182	NB-ARC
6909|T178-R1	NA	885	Coils	Coil	maj_vote_coils_paircoils_nlrparser	29	49	NA	NA	NA	NA	NA	NA	NA
6909|T178-R1	ee87775b71d4cd5fe217ef32e40f114b	885	Pfam	PF13855	Leucine rich repeat	540	599	1.1E-11	T	17-02-2017	IPR001611	Leucine-rich repeat
6909|T182-R1	f4d95066a8239afeb1d5fc2b1fe2cd2a	1054	Pfam	PF00931	NB-ARC domain	176	460	1.7E-60	T	17-02-2017	IPR002182	NB-ARC
6909|T182-R1	f4d95066a8239afeb1d5fc2b1fe2cd2a	1054	Pfam	PF13855	Leucine rich repeat	579	635	6.0E-7	T	17-02-2017	IPR001611	Leucine-rich repeat
6909|T184-R1	23e967a50925a508d7f9289b633d3f62	1424	Pfam	PF00931	NB-ARC domain	192	445	3.6E-59	T	17-02-2017	IPR002182	NB-ARC
6909|T190-R1	9dfc0820bfa5e9acbbffb86db40fe840	1143	Pfam	PF00931	NB-ARC domain	166	467	4.0E-80	T	17-02-2017	IPR002182	NB-ARC
6909|T190-R1	NA	1143	Coils	Coil	maj_vote_coils_paircoils_nlrparser	25	54	NA	NA	NA	NA	NA	NA	NA
6909|T192-R1	957bbcf677891601a63cfc10078fc629	1046	Pfam	PF01582	TIR domain	16	178	1.9E-36	T	17-02-2017	IPR000157	Toll/interleukin-1 receptor homology (TIR) domain
6909|T192-R1	957bbcf677891601a63cfc10078fc629	1046	Pfam	PF00931	NB-ARC domain	180	438	3.8E-28	T	17-02-2017	IPR002182	NB-ARC
6909|T192-R1	957bbcf677891601a63cfc10078fc629	1046	Pfam	PF07725	Leucine Rich Repeat	591	608	1.5E-4	T	17-02-2017	IPR011713	Leucine-rich repeat 3
6909|T193-R1	85f8645a60c397f136df762fec1495e5	1068	Pfam	PF01582	TIR domain	13	188	4.2E-50	T	17-02-2017	IPR000157	Toll/interleukin-1 receptor homology (TIR) domain
6909|T193-R1	85f8645a60c397f136df762fec1495e5	1068	Pfam	PF00931	NB-ARC domain	190	446	1.9E-31	T	17-02-2017	IPR002182	NB-ARC
6909|T193-R1	85f8645a60c397f136df762fec1495e5	1068	Pfam	PF07725	Leucine Rich Repeat	604	623	1.0E-6	T	17-02-2017	IPR011713	Leucine-rich repeat 3
6909|T201-R1	bd2005ef3788f1cab414890ece93c4a9	851	Pfam	PF00931	NB-ARC domain	159	437	6.4E-90	T	17-02-2017	IPR002182	NB-ARC
6909|T201-R1	NA	851	Coils	Coil	maj_vote_coils_paircoils_nlrparser	29	63	NA	NA	NA	NA	NA	NA	NA
6909|T201-R1	bd2005ef3788f1cab414890ece93c4a9	851	Pfam	PF13855	Leucine rich repeat	535	593	4.4E-12	T	17-02-2017	IPR001611	Leucine-rich repeat
6909|T205-R1	4a1d4722c18c5b54803e12e2dddf5ebe	1285	Pfam	PF00931	NB-ARC domain	214	466	1.1E-23	T	17-02-2017	IPR002182	NB-ARC
6909|T205-R1	4a1d4722c18c5b54803e12e2dddf5ebe	1285	Pfam	PF01582	TIR domain	52	185	1.7E-47	T	17-02-2017	IPR000157	Toll/interleukin-1 receptor homology (TIR) domain
6909|T205-R1	4a1d4722c18c5b54803e12e2dddf5ebe	1285	Pfam	PF07725	Leucine Rich Repeat	642	661	2.4E-6	T	17-02-2017	IPR011713	Leucine-rich repeat 3
6909|T206-R1	200c2d30c4def64767706291e58134c9	770	Pfam	PF00931	NB-ARC domain	219	479	3.6E-21	T	17-02-2017	IPR002182	NB-ARC
6909|T206-R1	200c2d30c4def64767706291e58134c9	770	Pfam	PF01582	TIR domain	52	216	2.1E-33	T	17-02-2017	IPR000157	Toll/interleukin-1 receptor homology (TIR) domain
6909|T206-R1	200c2d30c4def64767706291e58134c9	770	Pfam	PF07725	Leucine Rich Repeat	634	652	3.8E-8	T	17-02-2017	IPR011713	Leucine-rich repeat 3
6909|T208.1-R1	b577a0a58fcf5bd9e2162e7d10eebe8c	894	Pfam	PF00931	NB-ARC domain	160	441	1.4E-98	T	17-02-2017	IPR002182	NB-ARC
6909|T208.1-R1	NA	894	Coils	Coil	maj_vote_coils_paircoils_nlrparser	36	56	NA	NA	NA	NA	NA	NA	NA
6909|T208.1-R1	b577a0a58fcf5bd9e2162e7d10eebe8c	894	Pfam	PF13855	Leucine rich repeat	539	598	1.6E-9	T	17-02-2017	IPR001611	Leucine-rich repeat
6909|T208.2-R1	7150c8b0a2b23dfd1f01d9f7d21b6109	884	Pfam	PF00931	NB-ARC domain	159	439	3.0E-89	T	17-02-2017	IPR002182	NB-ARC
6909|T208.2-R1	NA	884	Coils	Coil	maj_vote_coils_paircoils_nlrparser	27	66	NA	NA	NA	NA	NA	NA	NA
6909|T208.2-R1	7150c8b0a2b23dfd1f01d9f7d21b6109	884	Pfam	PF13855	Leucine rich repeat	540	599	1.9E-12	T	17-02-2017	IPR001611	Leucine-rich repeat
6909|T209-R1	72f8a6e6fd7c83b46af92bad2a38fd97	249	Pfam	PF01582	TIR domain	14	139	4.4E-24	T	17-02-2017	IPR000157	Toll/interleukin-1 receptor homology (TIR) domain
6909|T210-R1	1f6abc062023a5a8b9cf23e9454e8359	274	Pfam	PF01582	TIR domain	51	214	1.2E-29	T	17-02-2017	IPR000157	Toll/interleukin-1 receptor homology (TIR) domain
6909|T211-R1	eb3968af0a716fb6cdd9911b6ae2c250	241	Pfam	PF01582	TIR domain	9	176	2.1E-23	T	17-02-2017	IPR000157	Toll/interleukin-1 receptor homology (TIR) domain
6909|T216.2-R1	348552ea669944c75a3fcdeea4944d39	383	Pfam	PF00931	NB-ARC domain	102	290	6.1E-22	T	17-02-2017	IPR002182	NB-ARC
6909|T217.1-R1	80add21cef33fe8d1e27e37e3327691a	1201	Pfam	PF00931	NB-ARC domain	12	300	1.4E-14	T	17-02-2017	IPR002182	NB-ARC
6909|T220-R1	520e5ecfcde4ab5aef6de60c5c0f42f0	763	Pfam	PF13855	Leucine rich repeat	423	482	8.1E-11	T	17-02-2017	IPR001611	Leucine-rich repeat
6909|T220-R1	520e5ecfcde4ab5aef6de60c5c0f42f0	763	Pfam	PF00931	NB-ARC domain	45	327	7.1E-109	T	17-02-2017	IPR002182	NB-ARC
6909|T221-R1	NA	910	Coils	Coil	maj_vote_coils_paircoils_nlrparser	14	48	NA	NA	NA	NA	NA	NA	NA
6909|T221-R1	fbd5e8205635d5b6aacd220edfc64915	910	Pfam	PF00931	NB-ARC domain	143	425	1.6E-107	T	17-02-2017	IPR002182	NB-ARC
6909|T221-R1	fbd5e8205635d5b6aacd220edfc64915	910	Pfam	PF13855	Leucine rich repeat	532	591	4.9E-11	T	17-02-2017	IPR001611	Leucine-rich repeat
6909|T221-R1	NA	910	Coils	Coil	maj_vote_coils_paircoils_nlrparser	650	670	NA	NA	NA	NA	NA	NA	NA
6909|T226-R1	c528ae4c8c5801c80489ab2960d27adb	1038	Pfam	PF01582	TIR domain	10	185	8.4E-52	T	17-02-2017	IPR000157	Toll/interleukin-1 receptor homology (TIR) domain
6909|T226-R1	c528ae4c8c5801c80489ab2960d27adb	1038	Pfam	PF00931	NB-ARC domain	189	452	1.9E-27	T	17-02-2017	IPR002182	NB-ARC
6909|T226-R1	c528ae4c8c5801c80489ab2960d27adb	1038	Pfam	PF07725	Leucine Rich Repeat	605	623	2.2E-7	T	17-02-2017	IPR011713	Leucine-rich repeat 3
6909|T227-R1	b603c5ab8fea485aef937a108d7c1bb8	1085	Pfam	PF01582	TIR domain	13	187	9.7E-51	T	17-02-2017	IPR000157	Toll/interleukin-1 receptor homology (TIR) domain
6909|T227-R1	b603c5ab8fea485aef937a108d7c1bb8	1085	Pfam	PF00931	NB-ARC domain	190	449	3.6E-27	T	17-02-2017	IPR002182	NB-ARC
6909|T227-R1	b603c5ab8fea485aef937a108d7c1bb8	1085	Pfam	PF07725	Leucine Rich Repeat	607	625	4.4E-7	T	17-02-2017	IPR011713	Leucine-rich repeat 3
6909|T229-R1	d9c65b43cddc3008363008fe691b50eb	1240	Pfam	PF00931	NB-ARC domain	282	540	1.4E-23	T	17-02-2017	IPR002182	NB-ARC
6909|T229-R1	d9c65b43cddc3008363008fe691b50eb	1240	Pfam	PF07725	Leucine Rich Repeat	692	711	4.0E-8	T	17-02-2017	IPR011713	Leucine-rich repeat 3
6909|T229-R1	d9c65b43cddc3008363008fe691b50eb	1240	Pfam	PF01582	TIR domain	97	275	2.5E-55	T	17-02-2017	IPR000157	Toll/interleukin-1 receptor homology (TIR) domain
6909|T233-R1	NA	857	Coils	Coil	maj_vote_coils_paircoils_nlrparser	103	123	NA	NA	NA	NA	NA	NA	NA
6909|T233-R1	02fd73be11bcde882ef2d1b22911d395	857	Pfam	PF00931	NB-ARC domain	224	486	7.1E-30	T	17-02-2017	IPR002182	NB-ARC
6909|T233-R1	02fd73be11bcde882ef2d1b22911d395	857	Pfam	PF05659	Arabidopsis broad-spectrum mildew resistance protein RPW8	58	176	1.2E-26	T	17-02-2017	IPR008808	Powdery mildew resistance protein, RPW8 domain
6909|T233-R1	02fd73be11bcde882ef2d1b22911d395	857	Pfam	PF13855	Leucine rich repeat	722	779	1.3E-6	T	17-02-2017	IPR001611	Leucine-rich repeat
6909|T234-R1	6793fab8843a96b86cbabf9409c6779f	815	Pfam	PF05659	Arabidopsis broad-spectrum mildew resistance protein RPW8	12	133	1.0E-26	T	17-02-2017	IPR008808	Powdery mildew resistance protein, RPW8 domain
6909|T234-R1	6793fab8843a96b86cbabf9409c6779f	815	Pfam	PF00931	NB-ARC domain	182	440	1.3E-28	T	17-02-2017	IPR002182	NB-ARC
6909|T237-R1	d2cee9994b3811d73a9621c06b6e252b	780	Pfam	PF01582	TIR domain	16	190	6.1E-50	T	17-02-2017	IPR000157	Toll/interleukin-1 receptor homology (TIR) domain
6909|T237-R1	d2cee9994b3811d73a9621c06b6e252b	780	Pfam	PF00931	NB-ARC domain	194	461	2.4E-23	T	17-02-2017	IPR002182	NB-ARC
6909|T237-R1	d2cee9994b3811d73a9621c06b6e252b	780	Pfam	PF07725	Leucine Rich Repeat	615	634	1.5E-9	T	17-02-2017	IPR011713	Leucine-rich repeat 3
6909|T240-R1	43a095a718c7fd4e9bcf0dda53058459	192	Pfam	PF01582	TIR domain	12	171	6.0E-37	T	17-02-2017	IPR000157	Toll/interleukin-1 receptor homology (TIR) domain
6909|T242-R1	2526bf72df2d0f5c24d2d4eada24da0c	168	Pfam	PF01582	TIR domain	23	152	1.8E-32	T	17-02-2017	IPR000157	Toll/interleukin-1 receptor homology (TIR) domain
6909|T243-R1	3eb11257f821b761a993f5dea12cb493	847	Pfam	PF00931	NB-ARC domain	174	444	4.6E-65	T	17-02-2017	IPR002182	NB-ARC
6909|T245-R1	98762e45ebbeeedf266ad036e0a1d1ef	847	Pfam	PF00931	NB-ARC domain	172	451	7.6E-71	T	17-02-2017	IPR002182	NB-ARC
6909|T249-R1	6db944ee204aac0c61b84ff0b1d068da	639	Pfam	PF01582	TIR domain	11	187	1.0E-38	T	17-02-2017	IPR000157	Toll/interleukin-1 receptor homology (TIR) domain
6909|T249-R1	6db944ee204aac0c61b84ff0b1d068da	639	Pfam	PF00931	NB-ARC domain	203	395	1.4E-12	T	17-02-2017	IPR002182	NB-ARC
6909|T249-R1	6db944ee204aac0c61b84ff0b1d068da	639	Pfam	PF00931	NB-ARC domain	455	614	1.3E-18	T	17-02-2017	IPR002182	NB-ARC
6909|T250-R1	3b6ce2f6d794e76c0c4ddde28a7986dd	1190	Pfam	PF01582	TIR domain	13	188	7.7E-39	T	17-02-2017	IPR000157	Toll/interleukin-1 receptor homology (TIR) domain
6909|T250-R1	3b6ce2f6d794e76c0c4ddde28a7986dd	1190	Pfam	PF00931	NB-ARC domain	190	441	6.4E-28	T	17-02-2017	IPR002182	NB-ARC
6909|T250-R1	3b6ce2f6d794e76c0c4ddde28a7986dd	1190	Pfam	PF07725	Leucine Rich Repeat	606	623	9.7E-7	T	17-02-2017	IPR011713	Leucine-rich repeat 3
6909|T254-R1	80690ba4649ed6ed664102e882ecadc0	1400	Pfam	PF00560	Leucine Rich Repeat	1053	1075	1.4	T	17-02-2017	IPR001611	Leucine-rich repeat
6909|T254-R1	80690ba4649ed6ed664102e882ecadc0	1400	Pfam	PF00560	Leucine Rich Repeat	1077	1099	0.46	T	17-02-2017	IPR001611	Leucine-rich repeat
6909|T254-R1	80690ba4649ed6ed664102e882ecadc0	1400	Pfam	PF00560	Leucine Rich Repeat	1100	1122	0.4	T	17-02-2017	IPR001611	Leucine-rich repeat
6909|T254-R1	80690ba4649ed6ed664102e882ecadc0	1400	Pfam	PF00560	Leucine Rich Repeat	1124	1146	1.4	T	17-02-2017	IPR001611	Leucine-rich repeat
6909|T254-R1	80690ba4649ed6ed664102e882ecadc0	1400	Pfam	PF00931	NB-ARC domain	258	514	7.4E-18	T	17-02-2017	IPR002182	NB-ARC
6909|T254-R1	80690ba4649ed6ed664102e882ecadc0	1400	Pfam	PF07725	Leucine Rich Repeat	671	690	1.2E-6	T	17-02-2017	IPR011713	Leucine-rich repeat 3
6909|T254-R1	80690ba4649ed6ed664102e882ecadc0	1400	Pfam	PF01582	TIR domain	80	246	3.9E-51	T	17-02-2017	IPR000157	Toll/interleukin-1 receptor homology (TIR) domain
6909|T254-R1	80690ba4649ed6ed664102e882ecadc0	1400	Pfam	PF00560	Leucine Rich Repeat	885	907	1.4	T	17-02-2017	IPR001611	Leucine-rich repeat
6909|T254-R1	80690ba4649ed6ed664102e882ecadc0	1400	Pfam	PF00560	Leucine Rich Repeat	981	1003	1.4	T	17-02-2017	IPR001611	Leucine-rich repeat
6909|T257-R1	08f1be8864597fb70fc364cff6a7bee1	1295	Pfam	PF01582	TIR domain	19	179	3.6E-49	T	17-02-2017	IPR000157	Toll/interleukin-1 receptor homology (TIR) domain
6909|T257-R1	08f1be8864597fb70fc364cff6a7bee1	1295	Pfam	PF00931	NB-ARC domain	192	449	7.4E-33	T	17-02-2017	IPR002182	NB-ARC
6909|T257-R1	08f1be8864597fb70fc364cff6a7bee1	1295	Pfam	PF07725	Leucine Rich Repeat	604	623	6.0E-6	T	17-02-2017	IPR011713	Leucine-rich repeat 3
6909|T260-R1	81e1ef84ef056d3ec282367f9ae5ba42	924	Pfam	PF00931	NB-ARC domain	156	436	6.2E-90	T	17-02-2017	IPR002182	NB-ARC
6909|T260-R1	NA	924	Coils	Coil	maj_vote_coils_paircoils_nlrparser	24	71	NA	NA	NA	NA	NA	NA	NA
6909|T260-R1	81e1ef84ef056d3ec282367f9ae5ba42	924	Pfam	PF13855	Leucine rich repeat	538	596	3.8E-12	T	17-02-2017	IPR001611	Leucine-rich repeat
6909|T261-R1	5237996b575a02d898adbd9ec431b3a2	849	Pfam	PF00931	NB-ARC domain	122	401	1.6E-83	T	17-02-2017	IPR002182	NB-ARC
6909|T261-R1	NA	849	Coils	Coil	maj_vote_coils_paircoils_nlrparser	20	75	NA	NA	NA	NA	NA	NA	NA
6909|T261-R1	5237996b575a02d898adbd9ec431b3a2	849	Pfam	PF13855	Leucine rich repeat	519	566	2.0E-6	T	17-02-2017	IPR001611	Leucine-rich repeat
6909|T263-R1	195e73fa0c70f30ef726bd7779a5712d	1095	Pfam	PF01582	TIR domain	11	186	9.2E-51	T	17-02-2017	IPR000157	Toll/interleukin-1 receptor homology (TIR) domain
6909|T263-R1	195e73fa0c70f30ef726bd7779a5712d	1095	Pfam	PF00931	NB-ARC domain	189	453	1.9E-26	T	17-02-2017	IPR002182	NB-ARC
6909|T263-R1	195e73fa0c70f30ef726bd7779a5712d	1095	Pfam	PF07725	Leucine Rich Repeat	609	628	1.2E-7	T	17-02-2017	IPR011713	Leucine-rich repeat 3
6909|T268-R1	88cefc728ddd9577903acc25a1569cf6	531	Pfam	PF00931	NB-ARC domain	244	475	5.2E-23	T	17-02-2017	IPR002182	NB-ARC
6909|T268-R1	88cefc728ddd9577903acc25a1569cf6	531	Pfam	PF01582	TIR domain	65	243	1.2E-50	T	17-02-2017	IPR000157	Toll/interleukin-1 receptor homology (TIR) domain
6909|T269-R1	df9723e3fec45eb67f7593db0a50ce89	896	Pfam	PF00931	NB-ARC domain	242	494	1.3E-25	T	17-02-2017	IPR002182	NB-ARC
6909|T269-R1	df9723e3fec45eb67f7593db0a50ce89	896	Pfam	PF01582	TIR domain	62	239	5.4E-55	T	17-02-2017	IPR000157	Toll/interleukin-1 receptor homology (TIR) domain
6909|T269-R1	df9723e3fec45eb67f7593db0a50ce89	896	Pfam	PF07725	Leucine Rich Repeat	675	694	1.6E-8	T	17-02-2017	IPR011713	Leucine-rich repeat 3
6909|T272-R1	b426fae35380b7ea5ab69c2a2ae87bdd	1170	Pfam	PF01582	TIR domain	12	180	1.8E-31	T	17-02-2017	IPR000157	Toll/interleukin-1 receptor homology (TIR) domain
6909|T272-R1	b426fae35380b7ea5ab69c2a2ae87bdd	1170	Pfam	PF00931	NB-ARC domain	262	529	8.1E-23	T	17-02-2017	IPR002182	NB-ARC
6909|T272-R1	b426fae35380b7ea5ab69c2a2ae87bdd	1170	Pfam	PF07725	Leucine Rich Repeat	679	698	1.1E-6	T	17-02-2017	IPR011713	Leucine-rich repeat 3
6909|T275-R1	e9bd4906603d403b8ecb71c018640b6d	926	Pfam	PF00931	NB-ARC domain	178	465	5.5E-103	T	17-02-2017	IPR002182	NB-ARC
6909|T279-R1	c3cca115de80d4b998f3a2ea8afe8d4d	854	Pfam	PF00931	NB-ARC domain	160	439	3.2E-86	T	17-02-2017	IPR002182	NB-ARC
6909|T279-R1	NA	854	Coils	Coil	maj_vote_coils_paircoils_nlrparser	28	62	NA	NA	NA	NA	NA	NA	NA
6909|T279-R1	c3cca115de80d4b998f3a2ea8afe8d4d	854	Pfam	PF13855	Leucine rich repeat	535	594	3.7E-9	T	17-02-2017	IPR001611	Leucine-rich repeat
6909|T282-R1	ecc5965571ac91e2037b277343c448aa	1219	Pfam	PF00931	NB-ARC domain	278	530	2.3E-23	T	17-02-2017	IPR002182	NB-ARC
6909|T282-R1	ecc5965571ac91e2037b277343c448aa	1219	Pfam	PF07725	Leucine Rich Repeat	694	713	2.1E-7	T	17-02-2017	IPR011713	Leucine-rich repeat 3
6909|T282-R1	ecc5965571ac91e2037b277343c448aa	1219	Pfam	PF01582	TIR domain	93	271	4.4E-55	T	17-02-2017	IPR000157	Toll/interleukin-1 receptor homology (TIR) domain
6909|T285-R1	d7583129c563ad67f0c0f57203c5ad0d	255	Pfam	PF01582	TIR domain	12	186	2.4E-27	T	17-02-2017	IPR000157	Toll/interleukin-1 receptor homology (TIR) domain
6909|T286-R1	d37052cbfe2b7fc5f828889d80eb7615	241	Pfam	PF01582	TIR domain	12	178	4.8E-25	T	17-02-2017	IPR000157	Toll/interleukin-1 receptor homology (TIR) domain
6909|T287-R1	92324a6287dde486dfbaf006fa6827b1	252	Pfam	PF01582	TIR domain	17	187	7.3E-35	T	17-02-2017	IPR000157	Toll/interleukin-1 receptor homology (TIR) domain
6909|T287-R1	NA	252	Coils	Coil	maj_vote_coils_paircoils_nlrparser	170	204	NA	NA	NA	NA	NA	NA	NA
6909|T289-R1	62cdf7571f3139ed2f94e1b6dc8027e3	869	Pfam	PF00931	NB-ARC domain	6	171	3.4E-14	T	17-02-2017	IPR002182	NB-ARC
6909|T291.1-R1	NA	908	Coils	Coil	maj_vote_coils_paircoils_nlrparser	13	63	NA	NA	NA	NA	NA	NA	NA
6909|T291.1-R1	7aebc79f27856e98a10a8c55c038a87f	908	Pfam	PF00931	NB-ARC domain	169	453	1.9E-93	T	17-02-2017	IPR002182	NB-ARC
6909|T295-R1	9e35416c67c62632910525fbdc37fdc4	986	Pfam	PF00931	NB-ARC domain	186	437	1.4E-23	T	17-02-2017	IPR002182	NB-ARC
6909|T295-R1	9e35416c67c62632910525fbdc37fdc4	986	Pfam	PF07725	Leucine Rich Repeat	592	611	4.1E-6	T	17-02-2017	IPR011713	Leucine-rich repeat 3
6909|T295-R1	9e35416c67c62632910525fbdc37fdc4	986	Pfam	PF01582	TIR domain	9	179	2.1E-49	T	17-02-2017	IPR000157	Toll/interleukin-1 receptor homology (TIR) domain
6909|T300-R1	e8a49a9216c819eb4629d8240098ab41	1217	Pfam	PF01582	TIR domain	11	183	2.2E-47	T	17-02-2017	IPR000157	Toll/interleukin-1 receptor homology (TIR) domain
6909|T300-R1	e8a49a9216c819eb4629d8240098ab41	1217	Pfam	PF00931	NB-ARC domain	185	430	2.8E-20	T	17-02-2017	IPR002182	NB-ARC
6909|T300-R1	e8a49a9216c819eb4629d8240098ab41	1217	Pfam	PF07725	Leucine Rich Repeat	610	628	1.8E-6	T	17-02-2017	IPR011713	Leucine-rich repeat 3
6909|T302-R1	2530f8be8793f82ce12c0adb53f605c1	830	Pfam	PF00931	NB-ARC domain	190	442	3.3E-37	T	17-02-2017	IPR002182	NB-ARC
6909|T302-R1	2530f8be8793f82ce12c0adb53f605c1	830	Pfam	PF05659	Arabidopsis broad-spectrum mildew resistance protein RPW8	9	130	5.8E-12	T	17-02-2017	IPR008808	Powdery mildew resistance protein, RPW8 domain
6909|T306-R1	d896d5b8defc587636183b58e32e3870	1128	Pfam	PF01582	TIR domain	17	179	8.9E-46	T	17-02-2017	IPR000157	Toll/interleukin-1 receptor homology (TIR) domain
6909|T306-R1	d896d5b8defc587636183b58e32e3870	1128	Pfam	PF00931	NB-ARC domain	200	444	8.3E-32	T	17-02-2017	IPR002182	NB-ARC
6909|T310-R1	496d7c8e064019795e6d0f8edbde3915	1215	Pfam	PF00931	NB-ARC domain	236	494	2.3E-23	T	17-02-2017	IPR002182	NB-ARC
6909|T310-R1	496d7c8e064019795e6d0f8edbde3915	1215	Pfam	PF01582	TIR domain	55	233	2.3E-55	T	17-02-2017	IPR000157	Toll/interleukin-1 receptor homology (TIR) domain
6909|T310-R1	496d7c8e064019795e6d0f8edbde3915	1215	Pfam	PF07725	Leucine Rich Repeat	652	671	6.6E-8	T	17-02-2017	IPR011713	Leucine-rich repeat 3
6909|T313-R1	22c99f3583087eed82e3809017764990	961	Pfam	PF01582	TIR domain	14	188	7.3E-48	T	17-02-2017	IPR000157	Toll/interleukin-1 receptor homology (TIR) domain
6909|T313-R1	22c99f3583087eed82e3809017764990	961	Pfam	PF00931	NB-ARC domain	192	431	1.1E-13	T	17-02-2017	IPR002182	NB-ARC
6909|T313-R1	22c99f3583087eed82e3809017764990	961	Pfam	PF07725	Leucine Rich Repeat	590	609	5.7E-7	T	17-02-2017	IPR011713	Leucine-rich repeat 3
6909|T316-R1	f5717209c6c07f078e89f71c2dbf1fbb	1161	Pfam	PF01582	TIR domain	12	185	2.7E-47	T	17-02-2017	IPR000157	Toll/interleukin-1 receptor homology (TIR) domain
6909|T316-R1	f5717209c6c07f078e89f71c2dbf1fbb	1161	Pfam	PF00931	NB-ARC domain	196	453	3.4E-19	T	17-02-2017	IPR002182	NB-ARC
6909|T316-R1	f5717209c6c07f078e89f71c2dbf1fbb	1161	Pfam	PF07725	Leucine Rich Repeat	606	624	1.0E-8	T	17-02-2017	IPR011713	Leucine-rich repeat 3
6909|T317-R1	d739b65f2adff87c2bd764784ae90fbe	325	Pfam	PF01582	TIR domain	36	195	2.2E-22	T	17-02-2017	IPR000157	Toll/interleukin-1 receptor homology (TIR) domain
6909|T319-R1	f049b39a66d85c2980cec0fbf337bc15	1028	Pfam	PF01582	TIR domain	14	220	3.9E-49	T	17-02-2017	IPR000157	Toll/interleukin-1 receptor homology (TIR) domain
6909|T319-R1	f049b39a66d85c2980cec0fbf337bc15	1028	Pfam	PF00931	NB-ARC domain	222	476	4.8E-25	T	17-02-2017	IPR002182	NB-ARC
6909|T322-R1	9d357cb0609c4c8344bbc3f4b5d0f86a	1049	Pfam	PF01582	TIR domain	11	179	3.4E-41	T	17-02-2017	IPR000157	Toll/interleukin-1 receptor homology (TIR) domain
6909|T322-R1	9d357cb0609c4c8344bbc3f4b5d0f86a	1049	Pfam	PF00931	NB-ARC domain	189	440	3.5E-24	T	17-02-2017	IPR002182	NB-ARC
6909|T322-R1	9d357cb0609c4c8344bbc3f4b5d0f86a	1049	Pfam	PF07725	Leucine Rich Repeat	604	622	2.3E-6	T	17-02-2017	IPR011713	Leucine-rich repeat 3
6909|T323-R1	16253ea20625869a5ecddd89d7511cf9	420	Pfam	PF00931	NB-ARC domain	185	406	9.3E-16	T	17-02-2017	IPR002182	NB-ARC
6909|T323-R1	16253ea20625869a5ecddd89d7511cf9	420	Pfam	PF01582	TIR domain	33	122	2.7E-7	T	17-02-2017	IPR000157	Toll/interleukin-1 receptor homology (TIR) domain
6909|T324-R1	a0b68c4a26742a29af5a381fd2acc2bf	380	Pfam	PF01582	TIR domain	14	180	2.2E-47	T	17-02-2017	IPR000157	Toll/interleukin-1 receptor homology (TIR) domain
6909|T324-R1	a0b68c4a26742a29af5a381fd2acc2bf	380	Pfam	PF00931	NB-ARC domain	208	362	1.6E-5	T	17-02-2017	IPR002182	NB-ARC
6909|T325-R1	213f8984c6818a7c8de1d9ab9447bf1f	702	Pfam	PF00931	NB-ARC domain	177	305	4.6E-12	T	17-02-2017	IPR002182	NB-ARC
6909|T325-R1	213f8984c6818a7c8de1d9ab9447bf1f	702	Pfam	PF00412	LIM domain	347	383	7.1E-8	T	17-02-2017	IPR001781	Zinc finger, LIM-type
6909|T325-R1	213f8984c6818a7c8de1d9ab9447bf1f	702	Pfam	PF12315	Protein DA1	489	699	1.5E-77	T	17-02-2017	IPR022087	Protein DA1-like
6909|T325-R1	213f8984c6818a7c8de1d9ab9447bf1f	702	Pfam	PF05659	Arabidopsis broad-spectrum mildew resistance protein RPW8	7	145	6.5E-48	T	17-02-2017	IPR008808	Powdery mildew resistance protein, RPW8 domain
6909|T327-R1	78f4bf030244d31e7810299d8697530e	1111	Pfam	PF00931	NB-ARC domain	229	520	3.5E-80	T	17-02-2017	IPR002182	NB-ARC
6909|T329-R1	dd94e1f2f2f0cd3404e6ed6ff3f43bb7	835	Pfam	PF00931	NB-ARC domain	171	449	2.1E-71	T	17-02-2017	IPR002182	NB-ARC
6909|T334-R1	NA	874	Coils	Coil	maj_vote_coils_paircoils_nlrparser	15	80	NA	NA	NA	NA	NA	NA	NA
6909|T334-R1	4f8d598886062fae7e2f6d6512f30445	874	Pfam	PF00931	NB-ARC domain	160	430	5.7E-78	T	17-02-2017	IPR002182	NB-ARC
6909|T334-R1	4f8d598886062fae7e2f6d6512f30445	874	Pfam	PF13855	Leucine rich repeat	527	582	3.5E-9	T	17-02-2017	IPR001611	Leucine-rich repeat
6909|T337-R1	381f65f814e9462d2b5271450d7f4e6d	915	Pfam	PF00931	NB-ARC domain	42	333	4.4E-81	T	17-02-2017	IPR002182	NB-ARC
6909|T338-R1	7d53b4d82d1ac244816cafd9949d43ba	1214	Pfam	PF00931	NB-ARC domain	278	536	4.6E-23	T	17-02-2017	IPR002182	NB-ARC
6909|T338-R1	7d53b4d82d1ac244816cafd9949d43ba	1214	Pfam	PF07725	Leucine Rich Repeat	717	736	6.0E-9	T	17-02-2017	IPR011713	Leucine-rich repeat 3
6909|T338-R1	7d53b4d82d1ac244816cafd9949d43ba	1214	Pfam	PF01582	TIR domain	93	271	5.6E-55	T	17-02-2017	IPR000157	Toll/interleukin-1 receptor homology (TIR) domain
6909|T343-R1	31b4699171dcef35faabc00d60468cd1	1087	Pfam	PF01582	TIR domain	15	213	4.7E-49	T	17-02-2017	IPR000157	Toll/interleukin-1 receptor homology (TIR) domain
6909|T343-R1	31b4699171dcef35faabc00d60468cd1	1087	Pfam	PF00931	NB-ARC domain	222	480	3.6E-20	T	17-02-2017	IPR002182	NB-ARC
6909|T343-R1	31b4699171dcef35faabc00d60468cd1	1087	Pfam	PF07725	Leucine Rich Repeat	636	654	4.1E-7	T	17-02-2017	IPR011713	Leucine-rich repeat 3
6909|T345-R1	NA	908	Coils	Coil	maj_vote_coils_paircoils_nlrparser	13	63	NA	NA	NA	NA	NA	NA	NA
6909|T345-R1	5840502ed7ff3c9fd88baad4f8300a7f	908	Pfam	PF00931	NB-ARC domain	169	453	1.3E-93	T	17-02-2017	IPR002182	NB-ARC
6909|T348-R1	f961f12ef3f429f5b72c7bc977138a1a	1109	Pfam	PF01582	TIR domain	11	188	1.4E-51	T	17-02-2017	IPR000157	Toll/interleukin-1 receptor homology (TIR) domain
6909|T348-R1	f961f12ef3f429f5b72c7bc977138a1a	1109	Pfam	PF00931	NB-ARC domain	198	448	2.5E-23	T	17-02-2017	IPR002182	NB-ARC
6909|T348-R1	f961f12ef3f429f5b72c7bc977138a1a	1109	Pfam	PF07725	Leucine Rich Repeat	601	620	3.1E-9	T	17-02-2017	IPR011713	Leucine-rich repeat 3
6909|T351-R1	51cfe94fd4ac4c57809ec0ef92a54e1a	1229	Pfam	PF01582	TIR domain	11	188	8.5E-52	T	17-02-2017	IPR000157	Toll/interleukin-1 receptor homology (TIR) domain
6909|T351-R1	51cfe94fd4ac4c57809ec0ef92a54e1a	1229	Pfam	PF00931	NB-ARC domain	189	440	1.3E-23	T	17-02-2017	IPR002182	NB-ARC
6909|T351-R1	51cfe94fd4ac4c57809ec0ef92a54e1a	1229	Pfam	PF07725	Leucine Rich Repeat	602	621	8.4E-7	T	17-02-2017	IPR011713	Leucine-rich repeat 3
6909|T351-R1	51cfe94fd4ac4c57809ec0ef92a54e1a	1229	Pfam	PF07725	Leucine Rich Repeat	762	781	3.9E-7	T	17-02-2017	IPR011713	Leucine-rich repeat 3
6909|T355-R1	2aad07a9f1bf12f76a95e258cbb15747	1051	Pfam	PF00931	NB-ARC domain	236	489	2.9E-24	T	17-02-2017	IPR002182	NB-ARC
6909|T355-R1	2aad07a9f1bf12f76a95e258cbb15747	1051	Pfam	PF01582	TIR domain	48	224	4.8E-52	T	17-02-2017	IPR000157	Toll/interleukin-1 receptor homology (TIR) domain
6909|T355-R1	2aad07a9f1bf12f76a95e258cbb15747	1051	Pfam	PF07725	Leucine Rich Repeat	649	667	8.0E-9	T	17-02-2017	IPR011713	Leucine-rich repeat 3
6909|T361-R1	f57cc1c0000cba2791e1ecb0f9e41ccd	824	Pfam	PF00931	NB-ARC domain	168	258	6.7E-21	T	17-02-2017	IPR002182	NB-ARC
6909|T361-R1	f57cc1c0000cba2791e1ecb0f9e41ccd	824	Pfam	PF00931	NB-ARC domain	260	426	5.6E-37	T	17-02-2017	IPR002182	NB-ARC
6909|T361-R1	NA	824	Coils	Coil	maj_vote_coils_paircoils_nlrparser	27	60	NA	NA	NA	NA	NA	NA	NA
6909|T365-R1	6b9ebfcbbd0f698fc2c7cfccf9d30960	1008	Pfam	PF01582	TIR domain	10	187	2.8E-51	T	17-02-2017	IPR000157	Toll/interleukin-1 receptor homology (TIR) domain
6909|T365-R1	6b9ebfcbbd0f698fc2c7cfccf9d30960	1008	Pfam	PF00931	NB-ARC domain	188	438	2.3E-17	T	17-02-2017	IPR002182	NB-ARC
6909|T365-R1	6b9ebfcbbd0f698fc2c7cfccf9d30960	1008	Pfam	PF07725	Leucine Rich Repeat	612	631	1.2E-7	T	17-02-2017	IPR011713	Leucine-rich repeat 3
6909|T368-R1	2de2424f14056f3788cc9013e018c5f5	1189	Pfam	PF00931	NB-ARC domain	241	501	9.7E-24	T	17-02-2017	IPR002182	NB-ARC
6909|T368-R1	2de2424f14056f3788cc9013e018c5f5	1189	Pfam	PF01582	TIR domain	62	239	3.4E-49	T	17-02-2017	IPR000157	Toll/interleukin-1 receptor homology (TIR) domain
6909|T368-R1	2de2424f14056f3788cc9013e018c5f5	1189	Pfam	PF07725	Leucine Rich Repeat	654	673	6.7E-6	T	17-02-2017	IPR011713	Leucine-rich repeat 3
6909|T370-R1	b76c2339be1c3048208ad24b271aebbe	1004	Pfam	PF00931	NB-ARC domain	198	447	1.3E-26	T	17-02-2017	IPR002182	NB-ARC
6909|T370-R1	b76c2339be1c3048208ad24b271aebbe	1004	Pfam	PF01582	TIR domain	22	189	9.6E-42	T	17-02-2017	IPR000157	Toll/interleukin-1 receptor homology (TIR) domain
6909|T370-R1	b76c2339be1c3048208ad24b271aebbe	1004	Pfam	PF07725	Leucine Rich Repeat	586	604	1.2E-5	T	17-02-2017	IPR011713	Leucine-rich repeat 3
6909|T373.1-R1	f1c854325f83d3b92336e839d51bbffb	1018	Pfam	PF07725	Leucine Rich Repeat	466	484	1.2E-6	T	17-02-2017	IPR011713	Leucine-rich repeat 3
6909|T373.1-R1	f1c854325f83d3b92336e839d51bbffb	1018	Pfam	PF00931	NB-ARC domain	54	308	9.4E-24	T	17-02-2017	IPR002182	NB-ARC
6909|T374-R1	23d9ff38e5a0b7ba87471397f4dbfe6d	801	Pfam	PF00931	NB-ARC domain	185	406	2.5E-12	T	17-02-2017	IPR002182	NB-ARC
6909|T374-R1	23d9ff38e5a0b7ba87471397f4dbfe6d	801	Pfam	PF08381	Transcription factor regulating root and shoot growth via Pin3	434	485	6.7E-14	T	17-02-2017	IPR013591	Brevis radix (BRX) domain
6909|T374-R1	23d9ff38e5a0b7ba87471397f4dbfe6d	801	Pfam	PF08381	Transcription factor regulating root and shoot growth via Pin3	537	593	3.3E-17	T	17-02-2017	IPR013591	Brevis radix (BRX) domain
6909|T374-R1	23d9ff38e5a0b7ba87471397f4dbfe6d	801	Pfam	PF08381	Transcription factor regulating root and shoot growth via Pin3	725	776	9.8E-17	T	17-02-2017	IPR013591	Brevis radix (BRX) domain
6909|T374-R1	23d9ff38e5a0b7ba87471397f4dbfe6d	801	Pfam	PF01582	TIR domain	9	183	6.4E-51	T	17-02-2017	IPR000157	Toll/interleukin-1 receptor homology (TIR) domain
6909|T376-R1	68619d5601a05bfbeef784f5a9beeb5c	909	Pfam	PF00931	NB-ARC domain	159	439	8.7E-101	T	17-02-2017	IPR002182	NB-ARC
6909|T376-R1	68619d5601a05bfbeef784f5a9beeb5c	909	Pfam	PF13855	Leucine rich repeat	533	593	1.2E-9	T	17-02-2017	IPR001611	Leucine-rich repeat
6909|T378-R1	2c5c277d385400546f43aa32ddda46ea	799	Pfam	PF01582	TIR domain	12	179	1.4E-46	T	17-02-2017	IPR000157	Toll/interleukin-1 receptor homology (TIR) domain
6909|T378-R1	2c5c277d385400546f43aa32ddda46ea	799	Pfam	PF00931	NB-ARC domain	195	430	1.0E-16	T	17-02-2017	IPR002182	NB-ARC
6909|T378-R1	2c5c277d385400546f43aa32ddda46ea	799	Pfam	PF07725	Leucine Rich Repeat	608	625	3.1E-7	T	17-02-2017	IPR011713	Leucine-rich repeat 3
6909|T382-R1	NA	906	Coils	Coil	maj_vote_coils_paircoils_nlrparser	15	67	NA	NA	NA	NA	NA	NA	NA
6909|T382-R1	c7f934564c82ea2423154ecea2d4e4ec	906	Pfam	PF00931	NB-ARC domain	167	451	4.5E-92	T	17-02-2017	IPR002182	NB-ARC
6909|T385-R1	a06f07aa44c700b46a23a90685dac1e6	674	Pfam	PF00931	NB-ARC domain	44	167	2.3E-46	T	17-02-2017	IPR002182	NB-ARC
6909|T391-R1	NA	901	Coils	Coil	maj_vote_coils_paircoils_nlrparser	10	58	NA	NA	NA	NA	NA	NA	NA
6909|T391-R1	c93a720415e2e7873e606b47d0bc9837	901	Pfam	PF00931	NB-ARC domain	167	447	4.2E-93	T	17-02-2017	IPR002182	NB-ARC
6909|T395.1-R1	b310f832b6f59039c166c7cf270940ef	852	Pfam	PF00931	NB-ARC domain	164	450	3.4E-103	T	17-02-2017	IPR002182	NB-ARC
6909|T395.1-R1	NA	852	Coils	Coil	maj_vote_coils_paircoils_nlrparser	9	76	NA	NA	NA	NA	NA	NA	NA
6909|T396-R1	0fc8daa2e6917c31127c8a6c6560a7ac	848	Pfam	PF00931	NB-ARC domain	162	279	2.5E-30	T	17-02-2017	IPR002182	NB-ARC
6909|T396-R1	NA	848	Coils	Coil	maj_vote_coils_paircoils_nlrparser	20	40	NA	NA	NA	NA	NA	NA	NA
6909|T396-R1	0fc8daa2e6917c31127c8a6c6560a7ac	848	Pfam	PF00931	NB-ARC domain	288	398	4.3E-21	T	17-02-2017	IPR002182	NB-ARC
6909|T400.2-R1	d06de0e6bb0bc2ad97ce583612094af9	1045	Pfam	PF01582	TIR domain	12	186	7.9E-49	T	17-02-2017	IPR000157	Toll/interleukin-1 receptor homology (TIR) domain
6909|T400.2-R1	d06de0e6bb0bc2ad97ce583612094af9	1045	Pfam	PF00931	NB-ARC domain	189	441	1.9E-26	T	17-02-2017	IPR002182	NB-ARC
6909|T400.2-R1	d06de0e6bb0bc2ad97ce583612094af9	1045	Pfam	PF07725	Leucine Rich Repeat	587	606	1.7E-6	T	17-02-2017	IPR011713	Leucine-rich repeat 3
6909|T402-R1	ee739f7a337bc3b20dfdcc9d70baca30	531	Pfam	PF00635	MSP (Major sperm protein) domain	177	282	6.3E-30	T	17-02-2017	IPR000535	Major sperm protein (MSP) domain
6909|T402-R1	ee739f7a337bc3b20dfdcc9d70baca30	531	Pfam	PF01582	TIR domain	357	520	5.0E-29	T	17-02-2017	IPR000157	Toll/interleukin-1 receptor homology (TIR) domain
6909|T402-R1	ee739f7a337bc3b20dfdcc9d70baca30	531	Pfam	PF00635	MSP (Major sperm protein) domain	9	112	3.1E-28	T	17-02-2017	IPR000535	Major sperm protein (MSP) domain
6909|T406-R1	7d7ff7d82ac88aa084442c82024438a2	888	Pfam	PF00931	NB-ARC domain	161	440	5.1E-101	T	17-02-2017	IPR002182	NB-ARC
6909|T406-R1	NA	888	Coils	Coil	maj_vote_coils_paircoils_nlrparser	22	68	NA	NA	NA	NA	NA	NA	NA
6909|T406-R1	7d7ff7d82ac88aa084442c82024438a2	888	Pfam	PF13855	Leucine rich repeat	533	593	5.6E-8	T	17-02-2017	IPR001611	Leucine-rich repeat
6909|T414-R1	7bad3aac8ee154b2aaf52127454ec7e8	883	Pfam	PF00931	NB-ARC domain	160	443	1.4E-114	T	17-02-2017	IPR002182	NB-ARC
6909|T414-R1	NA	883	Coils	Coil	maj_vote_coils_paircoils_nlrparser	36	56	NA	NA	NA	NA	NA	NA	NA
6909|T414-R1	7bad3aac8ee154b2aaf52127454ec7e8	883	Pfam	PF00931	NB-ARC domain	466	532	2.4E-6	T	17-02-2017	IPR002182	NB-ARC
6909|T414-R1	7bad3aac8ee154b2aaf52127454ec7e8	883	Pfam	PF13855	Leucine rich repeat	539	600	1.1E-11	T	17-02-2017	IPR001611	Leucine-rich repeat
6909|T416.1-R1	b7ad945f14e6585164daa70c2a8ebd0f	1098	Pfam	PF00931	NB-ARC domain	206	445	5.6E-26	T	17-02-2017	IPR002182	NB-ARC
6909|T416.1-R1	b7ad945f14e6585164daa70c2a8ebd0f	1098	Pfam	PF01582	TIR domain	34	202	2.5E-49	T	17-02-2017	IPR000157	Toll/interleukin-1 receptor homology (TIR) domain
6909|T416.1-R1	b7ad945f14e6585164daa70c2a8ebd0f	1098	Pfam	PF07725	Leucine Rich Repeat	595	614	4.6E-5	T	17-02-2017	IPR011713	Leucine-rich repeat 3
6909|T418-R1	ff906e3365249fab46d5150909b7c3f1	1046	Pfam	PF01582	TIR domain	15	189	2.7E-51	T	17-02-2017	IPR000157	Toll/interleukin-1 receptor homology (TIR) domain
6909|T418-R1	ff906e3365249fab46d5150909b7c3f1	1046	Pfam	PF00931	NB-ARC domain	193	436	1.0E-23	T	17-02-2017	IPR002182	NB-ARC
6909|T418-R1	ff906e3365249fab46d5150909b7c3f1	1046	Pfam	PF07725	Leucine Rich Repeat	604	623	2.1E-8	T	17-02-2017	IPR011713	Leucine-rich repeat 3
6909|T420-R1	5e2f788af6155b38af724571d14d202b	797	Pfam	PF05659	Arabidopsis broad-spectrum mildew resistance protein RPW8	12	119	8.2E-12	T	17-02-2017	IPR008808	Powdery mildew resistance protein, RPW8 domain
6909|T420-R1	5e2f788af6155b38af724571d14d202b	797	Pfam	PF00931	NB-ARC domain	233	416	2.1E-28	T	17-02-2017	IPR002182	NB-ARC
6909|T421-R1	22f5ac288c93d6bda44a4d88ed041d45	892	Pfam	PF00931	NB-ARC domain	158	436	1.4E-91	T	17-02-2017	IPR002182	NB-ARC
6909|T421-R1	NA	892	Coils	Coil	maj_vote_coils_paircoils_nlrparser	29	56	NA	NA	NA	NA	NA	NA	NA
6909|T421-R1	22f5ac288c93d6bda44a4d88ed041d45	892	Pfam	PF13855	Leucine rich repeat	536	597	1.8E-13	T	17-02-2017	IPR001611	Leucine-rich repeat
6909|T426-R1	9306fc7dad26826a6f02845afcad441d	893	Pfam	PF00931	NB-ARC domain	156	436	3.0E-85	T	17-02-2017	IPR002182	NB-ARC
6909|T426-R1	NA	893	Coils	Coil	maj_vote_coils_paircoils_nlrparser	24	70	NA	NA	NA	NA	NA	NA	NA
6909|T426-R1	9306fc7dad26826a6f02845afcad441d	893	Pfam	PF13855	Leucine rich repeat	557	606	4.5E-8	T	17-02-2017	IPR001611	Leucine-rich repeat
6909|T430-R1	dde60faf466cab66a4cbd78f5762fee4	409	Pfam	PF01582	TIR domain	23	168	3.2E-29	T	17-02-2017	IPR000157	Toll/interleukin-1 receptor homology (TIR) domain
6909|T430-R1	dde60faf466cab66a4cbd78f5762fee4	409	Pfam	PF14299	Phloem protein 2	256	407	1.6E-35	T	17-02-2017	IPR025886	Phloem protein 2-like
6909|T438-R1	2ba598564411abd1836b223c1d57ef74	175	Pfam	PF01582	TIR domain	2	155	5.2E-39	T	17-02-2017	IPR000157	Toll/interleukin-1 receptor homology (TIR) domain
6909|T441-R1	b0a082a036b8ea1652652f01614e40ee	473	Pfam	PF00931	NB-ARC domain	4	90	4.3E-12	T	17-02-2017	IPR002182	NB-ARC
6909|T443-R1	658b1e4da6804caf00a91601ce63c404	252	Pfam	PF01582	TIR domain	10	164	4.0E-24	T	17-02-2017	IPR000157	Toll/interleukin-1 receptor homology (TIR) domain
6909|T444-R1	611ec5b10ef18a0fcf7b624b9326e43c	596	Pfam	PF01582	TIR domain	11	192	9.1E-25	T	17-02-2017	IPR000157	Toll/interleukin-1 receptor homology (TIR) domain
6909|T444-R1	611ec5b10ef18a0fcf7b624b9326e43c	596	Pfam	PF01582	TIR domain	376	459	3.0E-13	T	17-02-2017	IPR000157	Toll/interleukin-1 receptor homology (TIR) domain
6909|T447-R1	b56a5d3c63896fca25f1bcbd0770a90e	288	Pfam	PF01582	TIR domain	17	199	1.6E-27	T	17-02-2017	IPR000157	Toll/interleukin-1 receptor homology (TIR) domain
6909|T450-R1	0e06c32fcf47298729934e98716fc53a	552	Pfam	PF00931	NB-ARC domain	31	315	1.2E-82	T	17-02-2017	IPR002182	NB-ARC
6909|T453-R1	5f62483148a53c01bbaf13007632dcaf	354	Pfam	PF00931	NB-ARC domain	68	321	2.5E-24	T	17-02-2017	IPR002182	NB-ARC
6909|T457-R1	26eef9d76e6ad286808ec1874fc3f73b	811	Pfam	PF00931	NB-ARC domain	186	437	2.7E-36	T	17-02-2017	IPR002182	NB-ARC
6909|T457-R1	26eef9d76e6ad286808ec1874fc3f73b	811	Pfam	PF05659	Arabidopsis broad-spectrum mildew resistance protein RPW8	8	125	5.5E-11	T	17-02-2017	IPR008808	Powdery mildew resistance protein, RPW8 domain
6909|T460-R1	00fdc322443eb98f587f911b3e50c7fc	429	Pfam	PF00931	NB-ARC domain	205	412	4.2E-19	T	17-02-2017	IPR002182	NB-ARC
6909|T460-R1	00fdc322443eb98f587f911b3e50c7fc	429	Pfam	PF01582	TIR domain	26	202	1.8E-49	T	17-02-2017	IPR000157	Toll/interleukin-1 receptor homology (TIR) domain
6909|T464-R1	2733895780299c03073f0ca6571ea805	419	Pfam	PF01582	TIR domain	15	184	1.9E-33	T	17-02-2017	IPR000157	Toll/interleukin-1 receptor homology (TIR) domain
6909|T464-R1	2733895780299c03073f0ca6571ea805	419	Pfam	PF01582	TIR domain	217	390	3.6E-23	T	17-02-2017	IPR000157	Toll/interleukin-1 receptor homology (TIR) domain
6909|T469-R1	9c7591bc18c7d1fa2196c78ec96d47d1	375	Pfam	PF00931	NB-ARC domain	158	365	4.1E-56	T	17-02-2017	IPR002182	NB-ARC
6909|T472.1-R1	cd7b45b1476bd8d6754ed9e6c137af17	353	Pfam	PF01582	TIR domain	22	193	9.7E-37	T	17-02-2017	IPR000157	Toll/interleukin-1 receptor homology (TIR) domain
6909|T472.1-R1	cd7b45b1476bd8d6754ed9e6c137af17	353	Pfam	PF04859	Plant protein of unknown function (DUF641)	258	303	4.7E-6	T	17-02-2017	IPR006943	Domain of unknown function DUF641, plant
6909|T474-R1	63043cfa428125e9817df060b87b2122	313	Pfam	PF01582	TIR domain	8	169	1.6E-37	T	17-02-2017	IPR000157	Toll/interleukin-1 receptor homology (TIR) domain
6909|T481-R1	e42391b74a32af9c0c249989faaaf88c	165	Pfam	PF01582	TIR domain	11	144	2.5E-32	T	17-02-2017	IPR000157	Toll/interleukin-1 receptor homology (TIR) domain
6909|T483-R1	c4f99734f4db439827383c618ba5e07a	1096	Pfam	PF01582	TIR domain	15	188	6.2E-52	T	17-02-2017	IPR000157	Toll/interleukin-1 receptor homology (TIR) domain
6909|T483-R1	c4f99734f4db439827383c618ba5e07a	1096	Pfam	PF00931	NB-ARC domain	192	446	1.4E-22	T	17-02-2017	IPR002182	NB-ARC
6909|T483-R1	c4f99734f4db439827383c618ba5e07a	1096	Pfam	PF07725	Leucine Rich Repeat	604	623	1.7E-10	T	17-02-2017	IPR011713	Leucine-rich repeat 3
6909|T484-R1	f8dd8f7e7f7d39660cef892b3b691026	753	Pfam	PF01582	TIR domain	12	182	4.8E-48	T	17-02-2017	IPR000157	Toll/interleukin-1 receptor homology (TIR) domain
6909|T484-R1	f8dd8f7e7f7d39660cef892b3b691026	753	Pfam	PF00931	NB-ARC domain	185	437	1.0E-26	T	17-02-2017	IPR002182	NB-ARC
6909|T484-R1	f8dd8f7e7f7d39660cef892b3b691026	753	Pfam	PF07725	Leucine Rich Repeat	583	602	1.2E-6	T	17-02-2017	IPR011713	Leucine-rich repeat 3
6909|T485-R1	0a6cf91509a5ab80fe87c5fa4e7681bc	64	Pfam	PF00931	NB-ARC domain	16	58	6.9E-6	T	17-02-2017	IPR002182	NB-ARC
6909|T487-R1	5585dc91753ed298f5793dc6605caf67	203	Pfam	PF01582	TIR domain	8	182	1.3E-36	T	17-02-2017	IPR000157	Toll/interleukin-1 receptor homology (TIR) domain
6909|T489-R1	d72e43f8dd8b17fec9dc9f0dc3d49f61	171	Pfam	PF01582	TIR domain	25	154	8.9E-33	T	17-02-2017	IPR000157	Toll/interleukin-1 receptor homology (TIR) domain
6909|T494-R1	c5e44ad1fbdd0c0248164992c00e96e3	379	Pfam	PF00931	NB-ARC domain	152	367	1.8E-59	T	17-02-2017	IPR002182	NB-ARC
6909|T501-R1	91e701e14564b3dcb7e98d75d6a0393c	457	Pfam	PF01582	TIR domain	11	163	5.0E-23	T	17-02-2017	IPR000157	Toll/interleukin-1 receptor homology (TIR) domain
6909|T501-R1	91e701e14564b3dcb7e98d75d6a0393c	457	Pfam	PF00931	NB-ARC domain	216	432	3.5E-20	T	17-02-2017	IPR002182	NB-ARC
6909|T505-R1	8fcb1dee70908ed619c274f119441c2e	346	Pfam	PF00931	NB-ARC domain	61	310	1.5E-24	T	17-02-2017	IPR002182	NB-ARC
6909|T508-R1	d759a6f10e64b1c9a23b1ddfbe7acb8d	199	Pfam	PF01582	TIR domain	38	135	1.1E-19	T	17-02-2017	IPR000157	Toll/interleukin-1 receptor homology (TIR) domain
6909|T512.2-R1	15127f1730200026f3ddeec655b08266	37	Pfam	PF01582	TIR domain	2	37	1.7E-11	T	17-02-2017	IPR000157	Toll/interleukin-1 receptor homology (TIR) domain
6909|T531-R1	196423d02ff4e32b84dc5f957cc90084	735	Pfam	PF00931	NB-ARC domain	139	395	1.4E-22	T	17-02-2017	IPR002182	NB-ARC
6909|T531-R1	196423d02ff4e32b84dc5f957cc90084	735	Pfam	PF01582	TIR domain	38	133	6.6E-19	T	17-02-2017	IPR000157	Toll/interleukin-1 receptor homology (TIR) domain
6909|T531-R1	196423d02ff4e32b84dc5f957cc90084	735	Pfam	PF07725	Leucine Rich Repeat	554	573	8.9E-8	T	17-02-2017	IPR011713	Leucine-rich repeat 3
6909|T544-R1	f15403593a374788b3eab7c65ed6e21a	1190	Pfam	PF01582	TIR domain	10	147	4.2E-33	T	17-02-2017	IPR000157	Toll/interleukin-1 receptor homology (TIR) domain
6909|T544-R1	f15403593a374788b3eab7c65ed6e21a	1190	Pfam	PF00931	NB-ARC domain	169	418	2.9E-28	T	17-02-2017	IPR002182	NB-ARC
6909|T544-R1	f15403593a374788b3eab7c65ed6e21a	1190	Pfam	PF07725	Leucine Rich Repeat	593	612	2.7E-7	T	17-02-2017	IPR011713	Leucine-rich repeat 3
6909|T544-R1	f15403593a374788b3eab7c65ed6e21a	1190	Pfam	PF13855	Leucine rich repeat	828	884	9.2E-7	T	17-02-2017	IPR001611	Leucine-rich repeat
6909|T564-R1	5a96ae17ed95d50f73577c91843929f9	70	Pfam	PF01582	TIR domain	14	50	3.9E-8	T	17-02-2017	IPR000157	Toll/interleukin-1 receptor homology (TIR) domain
6909|T568-R1	cb7c628b2cd85bd1bd0343afb2237f8c	104	Pfam	PF01582	TIR domain	52	103	1.0E-8	T	17-02-2017	IPR000157	Toll/interleukin-1 receptor homology (TIR) domain
6909|T573-R1	461d8f674b6642158f9bd90fba8a1333	843	Pfam	PF00931	NB-ARC domain	157	439	3.3E-109	T	17-02-2017	IPR002182	NB-ARC
6909|T573-R1	NA	843	Coils	Coil	maj_vote_coils_paircoils_nlrparser	28	62	NA	NA	NA	NA	NA	NA	NA
6909|T573-R1	461d8f674b6642158f9bd90fba8a1333	843	Pfam	PF13855	Leucine rich repeat	535	594	9.5E-9	T	17-02-2017	IPR001611	Leucine-rich repeat
