9654|T001-R1	119e068c70c88bb370d7bea30cd35a47	1632	Pfam	PF01582	TIR domain	10	180	3.3E-44	T	17-02-2017	IPR000157	Toll/interleukin-1 receptor homology (TIR) domain
9654|T001-R1	119e068c70c88bb370d7bea30cd35a47	1632	Pfam	PF00931	NB-ARC domain	194	448	3.9E-18	T	17-02-2017	IPR002182	NB-ARC
9654|T001-R1	119e068c70c88bb370d7bea30cd35a47	1632	Pfam	PF07725	Leucine Rich Repeat	596	614	4.8E-6	T	17-02-2017	IPR011713	Leucine-rich repeat 3
9654|T004-R1	95d14091301eede5fdbe3630f7b154b1	619	Pfam	PF07725	Leucine Rich Repeat	125	144	1.3E-5	T	17-02-2017	IPR011713	Leucine-rich repeat 3
9654|T004-R1	95d14091301eede5fdbe3630f7b154b1	619	Pfam	PF01582	TIR domain	279	418	2.0E-46	T	17-02-2017	IPR000157	Toll/interleukin-1 receptor homology (TIR) domain
9654|T005-R1	a3fa56cc353c3b40e5e9d30720a07892	444	Pfam	PF00931	NB-ARC domain	252	415	2.9E-14	T	17-02-2017	IPR002182	NB-ARC
9654|T005-R1	a3fa56cc353c3b40e5e9d30720a07892	444	Pfam	PF01582	TIR domain	49	123	2.6E-25	T	17-02-2017	IPR000157	Toll/interleukin-1 receptor homology (TIR) domain
9654|T009-R1	edc2b70600bd03357608f972a7bda8ff	1608	Pfam	PF01582	TIR domain	12	173	2.5E-46	T	17-02-2017	IPR000157	Toll/interleukin-1 receptor homology (TIR) domain
9654|T009-R1	edc2b70600bd03357608f972a7bda8ff	1608	Pfam	PF00931	NB-ARC domain	172	408	2.0E-18	T	17-02-2017	IPR002182	NB-ARC
9654|T009-R1	edc2b70600bd03357608f972a7bda8ff	1608	Pfam	PF07725	Leucine Rich Repeat	451	470	1.3E-7	T	17-02-2017	IPR011713	Leucine-rich repeat 3
9654|T009-R1	edc2b70600bd03357608f972a7bda8ff	1608	Pfam	PF07725	Leucine Rich Repeat	581	601	2.8E-6	T	17-02-2017	IPR011713	Leucine-rich repeat 3
9654|T012-R1	dc41b4db6b60338516937e26853bfe95	1175	Pfam	PF01582	TIR domain	12	178	3.4E-40	T	17-02-2017	IPR000157	Toll/interleukin-1 receptor homology (TIR) domain
9654|T012-R1	dc41b4db6b60338516937e26853bfe95	1175	Pfam	PF00931	NB-ARC domain	194	446	2.6E-20	T	17-02-2017	IPR002182	NB-ARC
9654|T012-R1	dc41b4db6b60338516937e26853bfe95	1175	Pfam	PF07725	Leucine Rich Repeat	731	751	2.5E-6	T	17-02-2017	IPR011713	Leucine-rich repeat 3
9654|T013-R1	8819ca541eb60b77f853e3f49c7545f1	1563	Pfam	PF01582	TIR domain	13	192	6.2E-43	T	17-02-2017	IPR000157	Toll/interleukin-1 receptor homology (TIR) domain
9654|T013-R1	8819ca541eb60b77f853e3f49c7545f1	1563	Pfam	PF00931	NB-ARC domain	206	456	1.0E-21	T	17-02-2017	IPR002182	NB-ARC
9654|T013-R1	8819ca541eb60b77f853e3f49c7545f1	1563	Pfam	PF07725	Leucine Rich Repeat	625	644	1.2E-4	T	17-02-2017	IPR011713	Leucine-rich repeat 3
9654|T013-R1	8819ca541eb60b77f853e3f49c7545f1	1563	Pfam	PF07725	Leucine Rich Repeat	755	775	6.7E-7	T	17-02-2017	IPR011713	Leucine-rich repeat 3
9654|T016-R1	2dffc52963a4ea2a8f125408e3259f09	1183	Pfam	PF01582	TIR domain	15	182	1.1E-43	T	17-02-2017	IPR000157	Toll/interleukin-1 receptor homology (TIR) domain
9654|T016-R1	2dffc52963a4ea2a8f125408e3259f09	1183	Pfam	PF00931	NB-ARC domain	202	445	2.8E-25	T	17-02-2017	IPR002182	NB-ARC
9654|T016-R1	2dffc52963a4ea2a8f125408e3259f09	1183	Pfam	PF07725	Leucine Rich Repeat	607	623	5.3E-5	T	17-02-2017	IPR011713	Leucine-rich repeat 3
9654|T017-R1	33053b5df8f1a5554360509e717ebfea	422	Pfam	PF00931	NB-ARC domain	178	390	4.4E-23	T	17-02-2017	IPR002182	NB-ARC
9654|T017-R1	33053b5df8f1a5554360509e717ebfea	422	Pfam	PF01582	TIR domain	6	171	7.4E-21	T	17-02-2017	IPR000157	Toll/interleukin-1 receptor homology (TIR) domain
9654|T018-R1	fa42efae42fc932c5e0472ed0b167459	1337	Pfam	PF01582	TIR domain	11	178	1.3E-46	T	17-02-2017	IPR000157	Toll/interleukin-1 receptor homology (TIR) domain
9654|T018-R1	fa42efae42fc932c5e0472ed0b167459	1337	Pfam	PF00931	NB-ARC domain	189	444	6.8E-23	T	17-02-2017	IPR002182	NB-ARC
9654|T019-R1	b21a1bf186c33345715b150c638182a5	512	Pfam	PF01582	TIR domain	10	167	1.6E-31	T	17-02-2017	IPR000157	Toll/interleukin-1 receptor homology (TIR) domain
9654|T019-R1	b21a1bf186c33345715b150c638182a5	512	Pfam	PF00931	NB-ARC domain	259	475	1.6E-19	T	17-02-2017	IPR002182	NB-ARC
9654|T021.1-R1	798955c83ce6f28cecbebea83ab1e896	408	Pfam	PF00931	NB-ARC domain	235	394	1.8E-13	T	17-02-2017	IPR002182	NB-ARC
9654|T021.1-R1	798955c83ce6f28cecbebea83ab1e896	408	Pfam	PF01582	TIR domain	43	213	3.6E-51	T	17-02-2017	IPR000157	Toll/interleukin-1 receptor homology (TIR) domain
9654|T021.2-R1	2d3d9fe525e193b93de657657ecb46ee	312	Pfam	PF00931	NB-ARC domain	140	298	2.2E-6	T	17-02-2017	IPR002182	NB-ARC
9654|T021.2-R1	2d3d9fe525e193b93de657657ecb46ee	312	Pfam	PF01582	TIR domain	2	137	1.3E-33	T	17-02-2017	IPR000157	Toll/interleukin-1 receptor homology (TIR) domain
9654|T022-R1	023eeb488140674d4af4be30e2c65238	380	Pfam	PF00931	NB-ARC domain	192	330	5.0E-6	T	17-02-2017	IPR002182	NB-ARC
9654|T022-R1	023eeb488140674d4af4be30e2c65238	380	Pfam	PF01582	TIR domain	8	185	1.2E-56	T	17-02-2017	IPR000157	Toll/interleukin-1 receptor homology (TIR) domain
9654|T023-R1	3e836d080949b293dee3b4442388ec0e	232	Pfam	PF01582	TIR domain	8	188	1.9E-54	T	17-02-2017	IPR000157	Toll/interleukin-1 receptor homology (TIR) domain
9654|T024-R1	8841465d8d9d1e2927fcdbf0348d89fc	176	Pfam	PF01582	TIR domain	8	171	4.9E-56	T	17-02-2017	IPR000157	Toll/interleukin-1 receptor homology (TIR) domain
9654|T025-R1	76259ced1b147a10e9ebf5126fba0cca	371	Pfam	PF00931	NB-ARC domain	189	346	2.3E-9	T	17-02-2017	IPR002182	NB-ARC
9654|T025-R1	76259ced1b147a10e9ebf5126fba0cca	371	Pfam	PF01582	TIR domain	8	188	2.0E-54	T	17-02-2017	IPR000157	Toll/interleukin-1 receptor homology (TIR) domain
9654|T026.1-R1	dc5b589a9a96b1197d54ee3b5bb56513	378	Pfam	PF01582	TIR domain	10	187	2.6E-54	T	17-02-2017	IPR000157	Toll/interleukin-1 receptor homology (TIR) domain
9654|T026.1-R1	dc5b589a9a96b1197d54ee3b5bb56513	378	Pfam	PF00931	NB-ARC domain	194	350	1.7E-8	T	17-02-2017	IPR002182	NB-ARC
9654|T030-R1	3b39ef85fe88cc79a103cac63565c62f	1124	Pfam	PF01582	TIR domain	13	188	1.1E-53	T	17-02-2017	IPR000157	Toll/interleukin-1 receptor homology (TIR) domain
9654|T030-R1	3b39ef85fe88cc79a103cac63565c62f	1124	Pfam	PF00931	NB-ARC domain	190	432	2.4E-17	T	17-02-2017	IPR002182	NB-ARC
9654|T030-R1	3b39ef85fe88cc79a103cac63565c62f	1124	Pfam	PF07725	Leucine Rich Repeat	606	624	2.2E-6	T	17-02-2017	IPR011713	Leucine-rich repeat 3
9654|T032-R1	2947d4b048baf04c888e96e1329b50b5	693	Pfam	PF01582	TIR domain	14	221	1.2E-47	T	17-02-2017	IPR000157	Toll/interleukin-1 receptor homology (TIR) domain
9654|T032-R1	2947d4b048baf04c888e96e1329b50b5	693	Pfam	PF00931	NB-ARC domain	222	432	9.0E-16	T	17-02-2017	IPR002182	NB-ARC
9654|T034-R1	2dce9add79bc2a776ea1d1f712c6cbb7	179	Pfam	PF01582	TIR domain	8	165	1.7E-32	T	17-02-2017	IPR000157	Toll/interleukin-1 receptor homology (TIR) domain
9654|T035-R1	e9a449a2eb8ebbad1edb30eca380dbff	775	Pfam	PF00931	NB-ARC domain	217	476	2.7E-22	T	17-02-2017	IPR002182	NB-ARC
9654|T035-R1	e9a449a2eb8ebbad1edb30eca380dbff	775	Pfam	PF01582	TIR domain	50	207	1.4E-45	T	17-02-2017	IPR000157	Toll/interleukin-1 receptor homology (TIR) domain
9654|T035-R1	e9a449a2eb8ebbad1edb30eca380dbff	775	Pfam	PF07725	Leucine Rich Repeat	629	646	8.0E-7	T	17-02-2017	IPR011713	Leucine-rich repeat 3
9654|T038-R1	83bccda385417c4c18cdcb542fda76ae	71	Pfam	PF01582	TIR domain	12	65	6.9E-12	T	17-02-2017	IPR000157	Toll/interleukin-1 receptor homology (TIR) domain
9654|T039-R1	985a2b4087f629ec2d81248d1b1d483b	1210	Pfam	PF00931	NB-ARC domain	200	437	1.4E-17	T	17-02-2017	IPR002182	NB-ARC
9654|T039-R1	985a2b4087f629ec2d81248d1b1d483b	1210	Pfam	PF07725	Leucine Rich Repeat	634	651	3.0E-7	T	17-02-2017	IPR011713	Leucine-rich repeat 3
9654|T039-R1	985a2b4087f629ec2d81248d1b1d483b	1210	Pfam	PF01582	TIR domain	9	184	9.3E-48	T	17-02-2017	IPR000157	Toll/interleukin-1 receptor homology (TIR) domain
9654|T042-R1	6712e6639075e10c9bc579393816aed6	1351	Pfam	PF03106	WRKY DNA -binding domain	1184	1243	6.2E-23	T	17-02-2017	IPR003657	WRKY domain
9654|T042-R1	6712e6639075e10c9bc579393816aed6	1351	Pfam	PF00931	NB-ARC domain	148	385	1.5E-23	T	17-02-2017	IPR002182	NB-ARC
9654|T042-R1	6712e6639075e10c9bc579393816aed6	1351	Pfam	PF07725	Leucine Rich Repeat	555	574	9.2E-9	T	17-02-2017	IPR011713	Leucine-rich repeat 3
9654|T043-R1	1b672e10be847df83fcbd3f176964332	1217	Pfam	PF01582	TIR domain	16	184	1.4E-40	T	17-02-2017	IPR000157	Toll/interleukin-1 receptor homology (TIR) domain
9654|T043-R1	1b672e10be847df83fcbd3f176964332	1217	Pfam	PF00931	NB-ARC domain	211	472	1.6E-29	T	17-02-2017	IPR002182	NB-ARC
9654|T043-R1	1b672e10be847df83fcbd3f176964332	1217	Pfam	PF07725	Leucine Rich Repeat	638	657	3.7E-8	T	17-02-2017	IPR011713	Leucine-rich repeat 3
9654|T046-R1	959502f9871d2b6865ce35fde942d932	169	Pfam	PF01582	TIR domain	12	143	3.6E-29	T	17-02-2017	IPR000157	Toll/interleukin-1 receptor homology (TIR) domain
9654|T047-R1	f6d9cd78b1fa31d895d79b72e9a31f0e	2373	Pfam	PF00931	NB-ARC domain	1332	1552	1.4E-25	T	17-02-2017	IPR002182	NB-ARC
9654|T047-R1	f6d9cd78b1fa31d895d79b72e9a31f0e	2373	Pfam	PF01582	TIR domain	166	336	6.6E-35	T	17-02-2017	IPR000157	Toll/interleukin-1 receptor homology (TIR) domain
9654|T047-R1	f6d9cd78b1fa31d895d79b72e9a31f0e	2373	Pfam	PF00931	NB-ARC domain	367	598	2.6E-22	T	17-02-2017	IPR002182	NB-ARC
9654|T047-R1	f6d9cd78b1fa31d895d79b72e9a31f0e	2373	Pfam	PF07725	Leucine Rich Repeat	793	812	2.0E-6	T	17-02-2017	IPR011713	Leucine-rich repeat 3
9654|T048-R1	fcbe5a7cdeb4b7c21accc6a9582d656b	522	Pfam	PF01582	TIR domain	20	180	3.2E-30	T	17-02-2017	IPR000157	Toll/interleukin-1 receptor homology (TIR) domain
9654|T048-R1	fcbe5a7cdeb4b7c21accc6a9582d656b	522	Pfam	PF00931	NB-ARC domain	226	263	9.9E-7	T	17-02-2017	IPR002182	NB-ARC
9654|T048-R1	fcbe5a7cdeb4b7c21accc6a9582d656b	522	Pfam	PF00931	NB-ARC domain	292	437	1.9E-18	T	17-02-2017	IPR002182	NB-ARC
9654|T050-R1	5a55b61715cac738ef3fea1139a6cb89	1055	Pfam	PF01582	TIR domain	13	188	2.1E-47	T	17-02-2017	IPR000157	Toll/interleukin-1 receptor homology (TIR) domain
9654|T050-R1	5a55b61715cac738ef3fea1139a6cb89	1055	Pfam	PF00931	NB-ARC domain	192	449	4.9E-18	T	17-02-2017	IPR002182	NB-ARC
9654|T050-R1	5a55b61715cac738ef3fea1139a6cb89	1055	Pfam	PF07725	Leucine Rich Repeat	571	588	1.7E-5	T	17-02-2017	IPR011713	Leucine-rich repeat 3
9654|T051-R1	fb120689fb7d299101f050f652458dcd	155	Pfam	PF01582	TIR domain	12	144	4.2E-44	T	17-02-2017	IPR000157	Toll/interleukin-1 receptor homology (TIR) domain
9654|T052-R1	cf889528e12a81ef81fee49e8f64663d	998	Pfam	PF07725	Leucine Rich Repeat	456	472	1.1E-5	T	17-02-2017	IPR011713	Leucine-rich repeat 3
9654|T052-R1	cf889528e12a81ef81fee49e8f64663d	998	Pfam	PF00931	NB-ARC domain	50	301	5.0E-20	T	17-02-2017	IPR002182	NB-ARC
9654|T053-R1	a1203cb31e52d9ef9b2071c32ee15e5a	984	Pfam	PF00931	NB-ARC domain	148	400	1.7E-24	T	17-02-2017	IPR002182	NB-ARC
9654|T053-R1	a1203cb31e52d9ef9b2071c32ee15e5a	984	Pfam	PF01582	TIR domain	2	144	2.6E-39	T	17-02-2017	IPR000157	Toll/interleukin-1 receptor homology (TIR) domain
9654|T053-R1	a1203cb31e52d9ef9b2071c32ee15e5a	984	Pfam	PF07725	Leucine Rich Repeat	533	551	1.4E-6	T	17-02-2017	IPR011713	Leucine-rich repeat 3
9654|T055-R1	84e5fcd7a906baad4af90e3aaf84d857	906	Pfam	PF00931	NB-ARC domain	49	207	8.8E-9	T	17-02-2017	IPR002182	NB-ARC
9654|T058-R1	3785fe1cf4f74f92267d1c31ac757669	1374	Pfam	PF03106	WRKY DNA -binding domain	1184	1238	4.1E-23	T	17-02-2017	IPR003657	WRKY domain
9654|T058-R1	3785fe1cf4f74f92267d1c31ac757669	1374	Pfam	PF00931	NB-ARC domain	154	399	5.7E-29	T	17-02-2017	IPR002182	NB-ARC
9654|T058-R1	3785fe1cf4f74f92267d1c31ac757669	1374	Pfam	PF07725	Leucine Rich Repeat	570	589	9.3E-9	T	17-02-2017	IPR011713	Leucine-rich repeat 3
9654|T059-R1	4c043c59cfd3712432147ef370c00dc8	1165	Pfam	PF01582	TIR domain	14	180	4.4E-33	T	17-02-2017	IPR000157	Toll/interleukin-1 receptor homology (TIR) domain
9654|T059-R1	4c043c59cfd3712432147ef370c00dc8	1165	Pfam	PF00931	NB-ARC domain	211	474	1.9E-22	T	17-02-2017	IPR002182	NB-ARC
9654|T059-R1	4c043c59cfd3712432147ef370c00dc8	1165	Pfam	PF07725	Leucine Rich Repeat	638	657	3.6E-8	T	17-02-2017	IPR011713	Leucine-rich repeat 3
9654|T060-R1	51228d0b08a7eb8440093821d5d3407d	344	Pfam	PF01582	TIR domain	15	179	8.7E-35	T	17-02-2017	IPR000157	Toll/interleukin-1 receptor homology (TIR) domain
9654|T060-R1	51228d0b08a7eb8440093821d5d3407d	344	Pfam	PF14299	Phloem protein 2	198	344	7.2E-20	T	17-02-2017	IPR025886	Phloem protein 2-like
9654|T061-R1	9439ac34207f593ba6154b1291c212b7	392	Pfam	PF01582	TIR domain	16	184	2.1E-36	T	17-02-2017	IPR000157	Toll/interleukin-1 receptor homology (TIR) domain
9654|T061-R1	9439ac34207f593ba6154b1291c212b7	392	Pfam	PF14299	Phloem protein 2	238	390	1.8E-30	T	17-02-2017	IPR025886	Phloem protein 2-like
9654|T062-R1	b5b9e9d8f11fa457494ff9d16b477078	310	Pfam	PF14299	Phloem protein 2	153	308	6.2E-30	T	17-02-2017	IPR025886	Phloem protein 2-like
9654|T062-R1	b5b9e9d8f11fa457494ff9d16b477078	310	Pfam	PF01582	TIR domain	22	120	8.5E-8	T	17-02-2017	IPR000157	Toll/interleukin-1 receptor homology (TIR) domain
9654|T066-R1	d80475d7ce58eb8e69bb39883e71b4e6	1242	Pfam	PF00931	NB-ARC domain	184	453	1.1E-21	T	17-02-2017	IPR002182	NB-ARC
9654|T066-R1	d80475d7ce58eb8e69bb39883e71b4e6	1242	Pfam	PF01582	TIR domain	20	179	6.9E-45	T	17-02-2017	IPR000157	Toll/interleukin-1 receptor homology (TIR) domain
9654|T067-R1	57f0816b1177c67352e852be779ae361	900	Pfam	PF01582	TIR domain	16	187	3.8E-47	T	17-02-2017	IPR000157	Toll/interleukin-1 receptor homology (TIR) domain
9654|T067-R1	57f0816b1177c67352e852be779ae361	900	Pfam	PF00931	NB-ARC domain	191	420	7.3E-20	T	17-02-2017	IPR002182	NB-ARC
9654|T067-R1	57f0816b1177c67352e852be779ae361	900	Pfam	PF07725	Leucine Rich Repeat	608	627	9.8E-6	T	17-02-2017	IPR011713	Leucine-rich repeat 3
9654|T068-R1	49c0fe49907f1061a81ebf5fcf5e5094	1210	Pfam	PF00931	NB-ARC domain	241	511	2.3E-18	T	17-02-2017	IPR002182	NB-ARC
9654|T068-R1	49c0fe49907f1061a81ebf5fcf5e5094	1210	Pfam	PF01582	TIR domain	61	236	2.3E-50	T	17-02-2017	IPR000157	Toll/interleukin-1 receptor homology (TIR) domain
9654|T068-R1	49c0fe49907f1061a81ebf5fcf5e5094	1210	Pfam	PF07725	Leucine Rich Repeat	664	683	4.0E-6	T	17-02-2017	IPR011713	Leucine-rich repeat 3
9654|T073-R1	c32cd76ad7fbcf5aea75219190396324	1261	Pfam	PF01582	TIR domain	19	182	4.8E-32	T	17-02-2017	IPR000157	Toll/interleukin-1 receptor homology (TIR) domain
9654|T073-R1	c32cd76ad7fbcf5aea75219190396324	1261	Pfam	PF00931	NB-ARC domain	219	473	8.2E-24	T	17-02-2017	IPR002182	NB-ARC
9654|T073-R1	c32cd76ad7fbcf5aea75219190396324	1261	Pfam	PF07725	Leucine Rich Repeat	640	659	7.3E-6	T	17-02-2017	IPR011713	Leucine-rich repeat 3
9654|T074-R1	b1a37818f2bd1f79cc2e291fb034d431	754	Pfam	PF00931	NB-ARC domain	173	404	4.6E-20	T	17-02-2017	IPR002182	NB-ARC
9654|T074-R1	b1a37818f2bd1f79cc2e291fb034d431	754	Pfam	PF01582	TIR domain	46	150	1.6E-14	T	17-02-2017	IPR000157	Toll/interleukin-1 receptor homology (TIR) domain
9654|T074-R1	b1a37818f2bd1f79cc2e291fb034d431	754	Pfam	PF07725	Leucine Rich Repeat	546	565	4.5E-8	T	17-02-2017	IPR011713	Leucine-rich repeat 3
9654|T075-R1	04419bddf251f271f821b2229f5e29f2	1149	Pfam	PF01582	TIR domain	14	174	2.5E-30	T	17-02-2017	IPR000157	Toll/interleukin-1 receptor homology (TIR) domain
9654|T075-R1	04419bddf251f271f821b2229f5e29f2	1149	Pfam	PF00931	NB-ARC domain	189	442	9.4E-24	T	17-02-2017	IPR002182	NB-ARC
9654|T078-R1	27b8f626c28beb91219dd6b247dd32d4	906	Pfam	PF00931	NB-ARC domain	162	445	1.6E-73	T	17-02-2017	IPR002182	NB-ARC
9654|T080-R1	0fc8daa2e6917c31127c8a6c6560a7ac	848	Pfam	PF00931	NB-ARC domain	162	279	2.5E-30	T	17-02-2017	IPR002182	NB-ARC
9654|T080-R1	NA	848	Coils	Coil	maj_vote_coils_paircoils_nlrparser	20	40	NA	NA	NA	NA	NA	NA	NA
9654|T080-R1	0fc8daa2e6917c31127c8a6c6560a7ac	848	Pfam	PF00931	NB-ARC domain	288	398	4.3E-21	T	17-02-2017	IPR002182	NB-ARC
9654|T083-R1	7e257e05cc4110002429e663a37e092b	1185	Pfam	PF01582	TIR domain	19	190	8.4E-29	T	17-02-2017	IPR000157	Toll/interleukin-1 receptor homology (TIR) domain
9654|T083-R1	7e257e05cc4110002429e663a37e092b	1185	Pfam	PF00931	NB-ARC domain	225	473	1.9E-28	T	17-02-2017	IPR002182	NB-ARC
9654|T083-R1	7e257e05cc4110002429e663a37e092b	1185	Pfam	PF07725	Leucine Rich Repeat	659	677	2.0E-5	T	17-02-2017	IPR011713	Leucine-rich repeat 3
9654|T084.1-R1	c3ef7e556655455768a1d0be4ff42bf3	135	Pfam	PF01582	TIR domain	3	100	1.2E-6	T	17-02-2017	IPR000157	Toll/interleukin-1 receptor homology (TIR) domain
9654|T084.2-R1	e4d00735a91a5d1ff9ce860c242f7903	1338	Pfam	PF01582	TIR domain	1195	1255	3.6E-13	T	17-02-2017	IPR000157	Toll/interleukin-1 receptor homology (TIR) domain
9654|T084.2-R1	e4d00735a91a5d1ff9ce860c242f7903	1338	Pfam	PF07725	Leucine Rich Repeat	439	458	1.3E-9	T	17-02-2017	IPR011713	Leucine-rich repeat 3
9654|T084.2-R1	e4d00735a91a5d1ff9ce860c242f7903	1338	Pfam	PF00931	NB-ARC domain	45	272	3.5E-17	T	17-02-2017	IPR002182	NB-ARC
9654|T084.2-R1	e4d00735a91a5d1ff9ce860c242f7903	1338	Pfam	PF00560	Leucine Rich Repeat	832	852	0.51	T	17-02-2017	IPR001611	Leucine-rich repeat
9654|T086-R1	c9813053baa6ccffcf775949e40d1966	1217	Pfam	PF01582	TIR domain	10	186	7.7E-36	T	17-02-2017	IPR000157	Toll/interleukin-1 receptor homology (TIR) domain
9654|T086-R1	c9813053baa6ccffcf775949e40d1966	1217	Pfam	PF00931	NB-ARC domain	197	446	5.5E-29	T	17-02-2017	IPR002182	NB-ARC
9654|T086-R1	c9813053baa6ccffcf775949e40d1966	1217	Pfam	PF07725	Leucine Rich Repeat	621	640	7.3E-6	T	17-02-2017	IPR011713	Leucine-rich repeat 3
9654|T086-R1	c9813053baa6ccffcf775949e40d1966	1217	Pfam	PF13855	Leucine rich repeat	855	912	1.9E-7	T	17-02-2017	IPR001611	Leucine-rich repeat
9654|T088-R1	a8f2c611f7161f3394477d7653861e3b	1686	Pfam	PF07725	Leucine Rich Repeat	1032	1051	2.0E-5	T	17-02-2017	IPR011713	Leucine-rich repeat 3
9654|T088-R1	a8f2c611f7161f3394477d7653861e3b	1686	Pfam	PF00069	Protein kinase domain	1415	1668	4.9E-61	T	17-02-2017	IPR000719	Protein kinase domain
9654|T088-R1	a8f2c611f7161f3394477d7653861e3b	1686	Pfam	PF03106	WRKY DNA -binding domain	168	224	1.8E-21	T	17-02-2017	IPR003657	WRKY domain
9654|T088-R1	a8f2c611f7161f3394477d7653861e3b	1686	Pfam	PF02671	Paired amphipathic helix repeat	24	68	3.3E-11	T	17-02-2017	IPR003822	Paired amphipathic helix
9654|T088-R1	a8f2c611f7161f3394477d7653861e3b	1686	Pfam	PF03106	WRKY DNA -binding domain	341	397	4.0E-23	T	17-02-2017	IPR003657	WRKY domain
9654|T088-R1	a8f2c611f7161f3394477d7653861e3b	1686	Pfam	PF01582	TIR domain	510	608	4.5E-5	T	17-02-2017	IPR000157	Toll/interleukin-1 receptor homology (TIR) domain
9654|T088-R1	a8f2c611f7161f3394477d7653861e3b	1686	Pfam	PF00931	NB-ARC domain	626	834	2.0E-17	T	17-02-2017	IPR002182	NB-ARC
9654|T092-R1	NA	857	Coils	Coil	maj_vote_coils_paircoils_nlrparser	17	51	NA	NA	NA	NA	NA	NA	NA
9654|T092-R1	af151a145e82a2ad5578322925fda13e	857	Pfam	PF00931	NB-ARC domain	173	450	4.3E-72	T	17-02-2017	IPR002182	NB-ARC
9654|T093-R1	2d725e86ca2815751e7cdb7e5f83cd5c	855	Pfam	PF00931	NB-ARC domain	175	442	1.6E-60	T	17-02-2017	IPR002182	NB-ARC
9654|T095-R1	10357e5b92c3b6c0aa90906db9e533e5	847	Pfam	PF00931	NB-ARC domain	175	444	4.2E-65	T	17-02-2017	IPR002182	NB-ARC
9654|T098-R1	6bdd19e8151c63914edc6e8e4035e5e6	966	Pfam	PF01582	TIR domain	13	189	7.2E-53	T	17-02-2017	IPR000157	Toll/interleukin-1 receptor homology (TIR) domain
9654|T098-R1	6bdd19e8151c63914edc6e8e4035e5e6	966	Pfam	PF00931	NB-ARC domain	190	445	1.6E-22	T	17-02-2017	IPR002182	NB-ARC
9654|T098-R1	6bdd19e8151c63914edc6e8e4035e5e6	966	Pfam	PF07725	Leucine Rich Repeat	603	622	1.7E-8	T	17-02-2017	IPR011713	Leucine-rich repeat 3
9654|T099-R1	dad8099da64f2b1fedce42a13ba8fced	1034	Pfam	PF01582	TIR domain	13	188	1.8E-52	T	17-02-2017	IPR000157	Toll/interleukin-1 receptor homology (TIR) domain
9654|T099-R1	dad8099da64f2b1fedce42a13ba8fced	1034	Pfam	PF00931	NB-ARC domain	190	450	2.3E-27	T	17-02-2017	IPR002182	NB-ARC
9654|T099-R1	dad8099da64f2b1fedce42a13ba8fced	1034	Pfam	PF07725	Leucine Rich Repeat	607	626	1.3E-8	T	17-02-2017	IPR011713	Leucine-rich repeat 3
9654|T100.1-R1	06ac692cb0b53a3d1d6a1e2267034c65	1095	Pfam	PF01582	TIR domain	17	192	2.5E-48	T	17-02-2017	IPR000157	Toll/interleukin-1 receptor homology (TIR) domain
9654|T100.1-R1	06ac692cb0b53a3d1d6a1e2267034c65	1095	Pfam	PF00931	NB-ARC domain	195	449	1.0E-24	T	17-02-2017	IPR002182	NB-ARC
9654|T100.1-R1	06ac692cb0b53a3d1d6a1e2267034c65	1095	Pfam	PF07725	Leucine Rich Repeat	608	627	1.8E-7	T	17-02-2017	IPR011713	Leucine-rich repeat 3
9654|T105-R1	f7c1e2c7cbddb381b5e5fef13ccc856d	480	Pfam	PF00931	NB-ARC domain	161	314	5.3E-34	T	17-02-2017	IPR002182	NB-ARC
9654|T105-R1	NA	480	Coils	Coil	maj_vote_coils_paircoils_nlrparser	22	51	NA	NA	NA	NA	NA	NA	NA
9654|T108-R1	a14e88aa4c595c58232a58e1df97c303	795	Pfam	PF00931	NB-ARC domain	169	459	7.1E-82	T	17-02-2017	IPR002182	NB-ARC
9654|T108-R1	NA	795	Coils	Coil	maj_vote_coils_paircoils_nlrparser	17	54	NA	NA	NA	NA	NA	NA	NA
9654|T113-R1	3e922cb3b733d60627dcde314f7e17b3	834	Pfam	PF00931	NB-ARC domain	35	291	2.1E-20	T	17-02-2017	IPR002182	NB-ARC
9654|T114.1-R1	4b0b6fa9fa727e8601cc350b729746bf	181	Pfam	PF01582	TIR domain	33	166	2.5E-48	T	17-02-2017	IPR000157	Toll/interleukin-1 receptor homology (TIR) domain
9654|T114.2-R1	d7758cd70feece83eac3663f2af085d8	1116	Pfam	PF00931	NB-ARC domain	235	495	5.2E-23	T	17-02-2017	IPR002182	NB-ARC
9654|T114.2-R1	d7758cd70feece83eac3663f2af085d8	1116	Pfam	PF01582	TIR domain	56	233	3.3E-53	T	17-02-2017	IPR000157	Toll/interleukin-1 receptor homology (TIR) domain
9654|T114.2-R1	d7758cd70feece83eac3663f2af085d8	1116	Pfam	PF07725	Leucine Rich Repeat	657	676	9.8E-8	T	17-02-2017	IPR011713	Leucine-rich repeat 3
9654|T117-R1	8014eb337dbdc7b40976de1470a2a716	1314	Pfam	PF00931	NB-ARC domain	300	547	4.7E-21	T	17-02-2017	IPR002182	NB-ARC
9654|T117-R1	8014eb337dbdc7b40976de1470a2a716	1314	Pfam	PF07725	Leucine Rich Repeat	736	755	2.3E-6	T	17-02-2017	IPR011713	Leucine-rich repeat 3
9654|T117-R1	8014eb337dbdc7b40976de1470a2a716	1314	Pfam	PF01582	TIR domain	97	292	1.5E-51	T	17-02-2017	IPR000157	Toll/interleukin-1 receptor homology (TIR) domain
9654|T119-R1	f2081a45cb064d755d0264f4bd82e5e3	1220	Pfam	PF00931	NB-ARC domain	259	519	6.0E-24	T	17-02-2017	IPR002182	NB-ARC
9654|T119-R1	f2081a45cb064d755d0264f4bd82e5e3	1220	Pfam	PF07725	Leucine Rich Repeat	674	693	1.4E-8	T	17-02-2017	IPR011713	Leucine-rich repeat 3
9654|T119-R1	f2081a45cb064d755d0264f4bd82e5e3	1220	Pfam	PF01582	TIR domain	78	256	4.1E-55	T	17-02-2017	IPR000157	Toll/interleukin-1 receptor homology (TIR) domain
9654|T121-R1	a9403c0c88d68803140e897417d4e82f	1596	Pfam	PF01582	TIR domain	17	176	4.0E-22	T	17-02-2017	IPR000157	Toll/interleukin-1 receptor homology (TIR) domain
9654|T121-R1	a9403c0c88d68803140e897417d4e82f	1596	Pfam	PF01582	TIR domain	204	339	2.8E-32	T	17-02-2017	IPR000157	Toll/interleukin-1 receptor homology (TIR) domain
9654|T121-R1	a9403c0c88d68803140e897417d4e82f	1596	Pfam	PF00931	NB-ARC domain	422	469	2.1E-5	T	17-02-2017	IPR002182	NB-ARC
9654|T121-R1	a9403c0c88d68803140e897417d4e82f	1596	Pfam	PF00931	NB-ARC domain	486	669	1.3E-18	T	17-02-2017	IPR002182	NB-ARC
9654|T122-R1	f599b7bc56ba7e6edb5c79508acd2d84	1544	Pfam	PF01582	TIR domain	16	148	3.9E-27	T	17-02-2017	IPR000157	Toll/interleukin-1 receptor homology (TIR) domain
9654|T122-R1	f599b7bc56ba7e6edb5c79508acd2d84	1544	Pfam	PF01582	TIR domain	173	343	1.4E-34	T	17-02-2017	IPR000157	Toll/interleukin-1 receptor homology (TIR) domain
9654|T122-R1	f599b7bc56ba7e6edb5c79508acd2d84	1544	Pfam	PF00931	NB-ARC domain	366	622	1.3E-34	T	17-02-2017	IPR002182	NB-ARC
9654|T126-R1	0627f896d9bd0ad17dc3bf3fedc08e74	1180	Pfam	PF01582	TIR domain	19	177	2.4E-37	T	17-02-2017	IPR000157	Toll/interleukin-1 receptor homology (TIR) domain
9654|T126-R1	0627f896d9bd0ad17dc3bf3fedc08e74	1180	Pfam	PF00931	NB-ARC domain	219	489	2.1E-27	T	17-02-2017	IPR002182	NB-ARC
9654|T126-R1	0627f896d9bd0ad17dc3bf3fedc08e74	1180	Pfam	PF07725	Leucine Rich Repeat	630	649	1.3E-5	T	17-02-2017	IPR011713	Leucine-rich repeat 3
9654|T127-R1	3df81073d2dbeeadeb8ae41cd825ca9a	1631	Pfam	PF07725	Leucine Rich Repeat	1034	1053	1.9E-6	T	17-02-2017	IPR011713	Leucine-rich repeat 3
9654|T127-R1	3df81073d2dbeeadeb8ae41cd825ca9a	1631	Pfam	PF00931	NB-ARC domain	296	441	6.9E-10	T	17-02-2017	IPR002182	NB-ARC
9654|T127-R1	3df81073d2dbeeadeb8ae41cd825ca9a	1631	Pfam	PF01582	TIR domain	472	604	1.1E-11	T	17-02-2017	IPR000157	Toll/interleukin-1 receptor homology (TIR) domain
9654|T127-R1	3df81073d2dbeeadeb8ae41cd825ca9a	1631	Pfam	PF00931	NB-ARC domain	624	863	3.8E-24	T	17-02-2017	IPR002182	NB-ARC
9654|T127-R1	3df81073d2dbeeadeb8ae41cd825ca9a	1631	Pfam	PF01582	TIR domain	74	202	2.1E-34	T	17-02-2017	IPR000157	Toll/interleukin-1 receptor homology (TIR) domain
9654|T143-R1	604050406f55b3126efcbc3b8f76b98c	1064	Pfam	PF00931	NB-ARC domain	205	460	1.4E-23	T	17-02-2017	IPR002182	NB-ARC
9654|T143-R1	604050406f55b3126efcbc3b8f76b98c	1064	Pfam	PF01582	TIR domain	27	201	5.5E-54	T	17-02-2017	IPR000157	Toll/interleukin-1 receptor homology (TIR) domain
9654|T143-R1	604050406f55b3126efcbc3b8f76b98c	1064	Pfam	PF07725	Leucine Rich Repeat	616	635	3.1E-6	T	17-02-2017	IPR011713	Leucine-rich repeat 3
9654|T147-R1	d0de1e0d1b869d7541c7bee7fa6d45e9	1252	Pfam	PF00931	NB-ARC domain	177	411	2.2E-25	T	17-02-2017	IPR002182	NB-ARC
9654|T147-R1	d0de1e0d1b869d7541c7bee7fa6d45e9	1252	Pfam	PF07725	Leucine Rich Repeat	569	588	2.7E-8	T	17-02-2017	IPR011713	Leucine-rich repeat 3
9654|T147-R1	d0de1e0d1b869d7541c7bee7fa6d45e9	1252	Pfam	PF01582	TIR domain	6	158	3.6E-13	T	17-02-2017	IPR000157	Toll/interleukin-1 receptor homology (TIR) domain
9654|T148-R1	642c3331751fab81130ff95ebece9573	1255	Pfam	PF00931	NB-ARC domain	242	505	2.3E-27	T	17-02-2017	IPR002182	NB-ARC
9654|T148-R1	642c3331751fab81130ff95ebece9573	1255	Pfam	PF01582	TIR domain	48	214	1.0E-32	T	17-02-2017	IPR000157	Toll/interleukin-1 receptor homology (TIR) domain
9654|T148-R1	642c3331751fab81130ff95ebece9573	1255	Pfam	PF07725	Leucine Rich Repeat	659	677	2.6E-5	T	17-02-2017	IPR011713	Leucine-rich repeat 3
9654|T150-R1	f88e53f36af25d9e35dc0076d705d7e1	1037	Pfam	PF01582	TIR domain	408	517	5.9E-10	T	17-02-2017	IPR000157	Toll/interleukin-1 receptor homology (TIR) domain
9654|T150-R1	f88e53f36af25d9e35dc0076d705d7e1	1037	Pfam	PF00931	NB-ARC domain	590	751	1.2E-13	T	17-02-2017	IPR002182	NB-ARC
9654|T150-R1	f88e53f36af25d9e35dc0076d705d7e1	1037	Pfam	PF07725	Leucine Rich Repeat	899	918	6.0E-10	T	17-02-2017	IPR011713	Leucine-rich repeat 3
9654|T151-R1	0a49133c7de469469d9eca55241a5856	1203	Pfam	PF01582	TIR domain	16	183	1.3E-37	T	17-02-2017	IPR000157	Toll/interleukin-1 receptor homology (TIR) domain
9654|T151-R1	0a49133c7de469469d9eca55241a5856	1203	Pfam	PF00931	NB-ARC domain	202	443	1.8E-28	T	17-02-2017	IPR002182	NB-ARC
9654|T151-R1	0a49133c7de469469d9eca55241a5856	1203	Pfam	PF13855	Leucine rich repeat	838	894	1.4E-6	T	17-02-2017	IPR001611	Leucine-rich repeat
9654|T154-R1	213748485334541dc9ecf86f6d162301	234	Pfam	PF00931	NB-ARC domain	35	212	4.2E-13	T	17-02-2017	IPR002182	NB-ARC
9654|T156-R1	cde07c1902ff1151108af6b02896b70c	1097	Pfam	PF01582	TIR domain	13	187	8.7E-51	T	17-02-2017	IPR000157	Toll/interleukin-1 receptor homology (TIR) domain
9654|T156-R1	cde07c1902ff1151108af6b02896b70c	1097	Pfam	PF00931	NB-ARC domain	190	449	1.2E-27	T	17-02-2017	IPR002182	NB-ARC
9654|T156-R1	cde07c1902ff1151108af6b02896b70c	1097	Pfam	PF07725	Leucine Rich Repeat	607	625	9.6E-9	T	17-02-2017	IPR011713	Leucine-rich repeat 3
9654|T157-R1	5fc359b9c4e48c60ffbe4dabfc5dc50a	1043	Pfam	PF01582	TIR domain	10	190	2.0E-50	T	17-02-2017	IPR000157	Toll/interleukin-1 receptor homology (TIR) domain
9654|T157-R1	5fc359b9c4e48c60ffbe4dabfc5dc50a	1043	Pfam	PF00931	NB-ARC domain	194	457	1.9E-27	T	17-02-2017	IPR002182	NB-ARC
9654|T157-R1	5fc359b9c4e48c60ffbe4dabfc5dc50a	1043	Pfam	PF07725	Leucine Rich Repeat	610	628	2.2E-7	T	17-02-2017	IPR011713	Leucine-rich repeat 3
9654|T162-R1	d47e9b807e9ae6b5ebf68d2a16c1c6e8	241	Pfam	PF00931	NB-ARC domain	163	188	1.7E-5	T	17-02-2017	IPR002182	NB-ARC
9654|T162-R1	d47e9b807e9ae6b5ebf68d2a16c1c6e8	241	Pfam	PF00931	NB-ARC domain	191	227	4.3E-8	T	17-02-2017	IPR002182	NB-ARC
9654|T162-R1	NA	241	Coils	Coil	maj_vote_coils_paircoils_nlrparser	28	55	NA	NA	NA	NA	NA	NA	NA
9654|T163-R1	bcffc7d82bdaeb641258a7043a8d3e9d	882	Pfam	PF00931	NB-ARC domain	157	439	6.7E-111	T	17-02-2017	IPR002182	NB-ARC
9654|T163-R1	NA	882	Coils	Coil	maj_vote_coils_paircoils_nlrparser	28	62	NA	NA	NA	NA	NA	NA	NA
9654|T163-R1	bcffc7d82bdaeb641258a7043a8d3e9d	882	Pfam	PF13855	Leucine rich repeat	542	601	2.5E-9	T	17-02-2017	IPR001611	Leucine-rich repeat
9654|T163-R1	NA	882	Coils	Coil	maj_vote_coils_paircoils_nlrparser	660	680	NA	NA	NA	NA	NA	NA	NA
9654|T164-R1	19f0d30d67e7df9c2a7800bd1e1f126e	990	Pfam	PF00931	NB-ARC domain	158	440	7.2E-108	T	17-02-2017	IPR002182	NB-ARC
9654|T164-R1	NA	990	Coils	Coil	maj_vote_coils_paircoils_nlrparser	29	63	NA	NA	NA	NA	NA	NA	NA
9654|T164-R1	19f0d30d67e7df9c2a7800bd1e1f126e	990	Pfam	PF13855	Leucine rich repeat	536	595	2.8E-9	T	17-02-2017	IPR001611	Leucine-rich repeat
9654|T166-R1	1098b2ac0534b56244d5265be4f9b4f1	1017	Pfam	PF01582	TIR domain	11	178	1.4E-39	T	17-02-2017	IPR000157	Toll/interleukin-1 receptor homology (TIR) domain
9654|T166-R1	1098b2ac0534b56244d5265be4f9b4f1	1017	Pfam	PF00931	NB-ARC domain	202	451	2.1E-26	T	17-02-2017	IPR002182	NB-ARC
9654|T166-R1	1098b2ac0534b56244d5265be4f9b4f1	1017	Pfam	PF07725	Leucine Rich Repeat	597	615	2.5E-7	T	17-02-2017	IPR011713	Leucine-rich repeat 3
9654|T167-R1	78d641567b2f172ad2dfe954af852954	459	Pfam	PF00931	NB-ARC domain	191	401	6.6E-17	T	17-02-2017	IPR002182	NB-ARC
9654|T167-R1	78d641567b2f172ad2dfe954af852954	459	Pfam	PF01582	TIR domain	38	174	2.2E-9	T	17-02-2017	IPR000157	Toll/interleukin-1 receptor homology (TIR) domain
9654|T170-R1	7afe86374fcc3ca5934c3043ec176936	1152	Pfam	PF01582	TIR domain	12	186	6.9E-49	T	17-02-2017	IPR000157	Toll/interleukin-1 receptor homology (TIR) domain
9654|T170-R1	7afe86374fcc3ca5934c3043ec176936	1152	Pfam	PF00931	NB-ARC domain	193	407	9.8E-15	T	17-02-2017	IPR002182	NB-ARC
9654|T170-R1	7afe86374fcc3ca5934c3043ec176936	1152	Pfam	PF07725	Leucine Rich Repeat	602	620	3.3E-7	T	17-02-2017	IPR011713	Leucine-rich repeat 3
9654|T170-R1	7afe86374fcc3ca5934c3043ec176936	1152	Pfam	PF07725	Leucine Rich Repeat	738	757	4.2E-6	T	17-02-2017	IPR011713	Leucine-rich repeat 3
9654|T172.2-R1	4af6335b6cd20c35e62af48f45d64e7b	873	Pfam	PF00931	NB-ARC domain	221	393	1.2E-55	T	17-02-2017	IPR002182	NB-ARC
9654|T172.2-R1	NA	873	Coils	Coil	maj_vote_coils_paircoils_nlrparser	29	49	NA	NA	NA	NA	NA	NA	NA
9654|T172.2-R1	4af6335b6cd20c35e62af48f45d64e7b	873	Pfam	PF13855	Leucine rich repeat	491	550	1.1E-11	T	17-02-2017	IPR001611	Leucine-rich repeat
9654|T173.1-R1	30848aa76244c814359a307c17b1a0ee	889	Pfam	PF00931	NB-ARC domain	161	442	9.6E-102	T	17-02-2017	IPR002182	NB-ARC
9654|T173.1-R1	NA	889	Coils	Coil	maj_vote_coils_paircoils_nlrparser	29	49	NA	NA	NA	NA	NA	NA	NA
9654|T173.1-R1	30848aa76244c814359a307c17b1a0ee	889	Pfam	PF13855	Leucine rich repeat	541	597	1.2E-10	T	17-02-2017	IPR001611	Leucine-rich repeat
9654|T174-R1	5f49ec24a5e864054eee8d06b7d37f66	881	Pfam	PF00931	NB-ARC domain	157	436	4.7E-86	T	17-02-2017	IPR002182	NB-ARC
9654|T174-R1	NA	881	Coils	Coil	maj_vote_coils_paircoils_nlrparser	20	71	NA	NA	NA	NA	NA	NA	NA
9654|T174-R1	5f49ec24a5e864054eee8d06b7d37f66	881	Pfam	PF13855	Leucine rich repeat	555	604	1.3E-7	T	17-02-2017	IPR001611	Leucine-rich repeat
9654|T175-R1	98138675e937412b5cab5e06cf36acee	866	Pfam	PF00931	NB-ARC domain	158	438	2.2E-90	T	17-02-2017	IPR002182	NB-ARC
9654|T175-R1	NA	866	Coils	Coil	maj_vote_coils_paircoils_nlrparser	22	73	NA	NA	NA	NA	NA	NA	NA
9654|T175-R1	98138675e937412b5cab5e06cf36acee	866	Pfam	PF13855	Leucine rich repeat	528	587	2.4E-9	T	17-02-2017	IPR001611	Leucine-rich repeat
9654|T177-R1	cc5206caebc3f4a147605408cb6917b0	949	Pfam	PF00931	NB-ARC domain	153	433	3.5E-87	T	17-02-2017	IPR002182	NB-ARC
9654|T177-R1	NA	949	Coils	Coil	maj_vote_coils_paircoils_nlrparser	20	68	NA	NA	NA	NA	NA	NA	NA
9654|T177-R1	cc5206caebc3f4a147605408cb6917b0	949	Pfam	PF13855	Leucine rich repeat	552	601	3.3E-7	T	17-02-2017	IPR001611	Leucine-rich repeat
9654|T180-R1	010eef51851827b475b8c639afad8595	1194	Pfam	PF00931	NB-ARC domain	11	300	8.6E-15	T	17-02-2017	IPR002182	NB-ARC
9654|T181-R1	43358e1b625868324814e23fa18e3b0c	375	Pfam	PF00931	NB-ARC domain	102	291	5.5E-21	T	17-02-2017	IPR002182	NB-ARC
9654|T187-R1	4d5bb2c76f5deb05146b2ef5b74a50c7	1181	Pfam	PF01582	TIR domain	21	191	3.1E-27	T	17-02-2017	IPR000157	Toll/interleukin-1 receptor homology (TIR) domain
9654|T187-R1	4d5bb2c76f5deb05146b2ef5b74a50c7	1181	Pfam	PF00931	NB-ARC domain	294	450	8.2E-17	T	17-02-2017	IPR002182	NB-ARC
9654|T187-R1	4d5bb2c76f5deb05146b2ef5b74a50c7	1181	Pfam	PF07725	Leucine Rich Repeat	623	642	6.6E-6	T	17-02-2017	IPR011713	Leucine-rich repeat 3
9654|T188-R1	ea324c0fea52bc0dc6f7ae3120450510	1355	Pfam	PF01582	TIR domain	14	191	5.6E-28	T	17-02-2017	IPR000157	Toll/interleukin-1 receptor homology (TIR) domain
9654|T188-R1	ea324c0fea52bc0dc6f7ae3120450510	1355	Pfam	PF01582	TIR domain	288	407	4.7E-16	T	17-02-2017	IPR000157	Toll/interleukin-1 receptor homology (TIR) domain
9654|T188-R1	ea324c0fea52bc0dc6f7ae3120450510	1355	Pfam	PF00931	NB-ARC domain	421	671	5.6E-20	T	17-02-2017	IPR002182	NB-ARC
9654|T188-R1	ea324c0fea52bc0dc6f7ae3120450510	1355	Pfam	PF07725	Leucine Rich Repeat	836	855	2.6E-6	T	17-02-2017	IPR011713	Leucine-rich repeat 3
9654|T192-R1	413ce376123115e6527f9b6311eff469	387	Pfam	PF01582	TIR domain	10	174	3.6E-35	T	17-02-2017	IPR000157	Toll/interleukin-1 receptor homology (TIR) domain
9654|T195-R1	892ebf827c26fbb8be2d3fe33fe4991b	857	Pfam	PF01582	TIR domain	22	153	5.9E-44	T	17-02-2017	IPR000157	Toll/interleukin-1 receptor homology (TIR) domain
9654|T195-R1	892ebf827c26fbb8be2d3fe33fe4991b	857	Pfam	PF07725	Leucine Rich Repeat	522	541	3.7E-9	T	17-02-2017	IPR011713	Leucine-rich repeat 3
9654|T202-R1	0a6cf91509a5ab80fe87c5fa4e7681bc	64	Pfam	PF00931	NB-ARC domain	16	58	6.9E-6	T	17-02-2017	IPR002182	NB-ARC
9654|T203.1-R1	c33e2180216c53153e91bd3045c40200	1134	Pfam	PF06552	Plant specific mitochondrial import receptor subunit TOM20	1040	1134	1.9E-34	T	17-02-2017	IPR010547	Plant specific mitochondrial import receptor subunit TOM20
9654|T203.1-R1	c33e2180216c53153e91bd3045c40200	1134	Pfam	PF01582	TIR domain	12	110	4.5E-33	T	17-02-2017	IPR000157	Toll/interleukin-1 receptor homology (TIR) domain
9654|T203.1-R1	c33e2180216c53153e91bd3045c40200	1134	Pfam	PF00931	NB-ARC domain	153	405	2.2E-26	T	17-02-2017	IPR002182	NB-ARC
9654|T203.1-R1	c33e2180216c53153e91bd3045c40200	1134	Pfam	PF07725	Leucine Rich Repeat	551	570	1.9E-6	T	17-02-2017	IPR011713	Leucine-rich repeat 3
9654|T203.2-R1	debee90d09d129f37968f04ae1bc2f7f	1049	Pfam	PF01582	TIR domain	12	186	1.1E-49	T	17-02-2017	IPR000157	Toll/interleukin-1 receptor homology (TIR) domain
9654|T203.2-R1	debee90d09d129f37968f04ae1bc2f7f	1049	Pfam	PF00931	NB-ARC domain	189	419	3.6E-25	T	17-02-2017	IPR002182	NB-ARC
9654|T203.2-R1	debee90d09d129f37968f04ae1bc2f7f	1049	Pfam	PF07725	Leucine Rich Repeat	556	575	4.3E-5	T	17-02-2017	IPR011713	Leucine-rich repeat 3
9654|T208-R1	8cf3ccd16ca14e7f5df5f92578c9df75	1070	Pfam	PF00931	NB-ARC domain	230	487	3.5E-22	T	17-02-2017	IPR002182	NB-ARC
9654|T208-R1	8cf3ccd16ca14e7f5df5f92578c9df75	1070	Pfam	PF01582	TIR domain	47	224	4.0E-54	T	17-02-2017	IPR000157	Toll/interleukin-1 receptor homology (TIR) domain
9654|T208-R1	8cf3ccd16ca14e7f5df5f92578c9df75	1070	Pfam	PF07725	Leucine Rich Repeat	643	662	3.4E-8	T	17-02-2017	IPR011713	Leucine-rich repeat 3
9654|T212-R1	b3b427ca035cd6756e9d243d760b28d3	1067	Pfam	PF00931	NB-ARC domain	189	473	1.7E-60	T	17-02-2017	IPR002182	NB-ARC
9654|T212-R1	b3b427ca035cd6756e9d243d760b28d3	1067	Pfam	PF13855	Leucine rich repeat	592	648	6.1E-7	T	17-02-2017	IPR001611	Leucine-rich repeat
9654|T213-R1	23e967a50925a508d7f9289b633d3f62	1424	Pfam	PF00931	NB-ARC domain	192	445	3.6E-59	T	17-02-2017	IPR002182	NB-ARC
9654|T220-R1	a94b5326c092d4ae9947761c2befdacd	1229	Pfam	PF01582	TIR domain	11	188	8.5E-52	T	17-02-2017	IPR000157	Toll/interleukin-1 receptor homology (TIR) domain
9654|T220-R1	a94b5326c092d4ae9947761c2befdacd	1229	Pfam	PF00931	NB-ARC domain	189	440	8.1E-23	T	17-02-2017	IPR002182	NB-ARC
9654|T220-R1	a94b5326c092d4ae9947761c2befdacd	1229	Pfam	PF07725	Leucine Rich Repeat	602	621	8.4E-7	T	17-02-2017	IPR011713	Leucine-rich repeat 3
9654|T220-R1	a94b5326c092d4ae9947761c2befdacd	1229	Pfam	PF07725	Leucine Rich Repeat	762	781	3.9E-7	T	17-02-2017	IPR011713	Leucine-rich repeat 3
9654|T222-R1	0ccb532c27a5cfde118e8b4eba4e8a46	1216	Pfam	PF00931	NB-ARC domain	232	494	2.4E-23	T	17-02-2017	IPR002182	NB-ARC
9654|T222-R1	0ccb532c27a5cfde118e8b4eba4e8a46	1216	Pfam	PF01582	TIR domain	51	229	9.5E-55	T	17-02-2017	IPR000157	Toll/interleukin-1 receptor homology (TIR) domain
9654|T222-R1	0ccb532c27a5cfde118e8b4eba4e8a46	1216	Pfam	PF07725	Leucine Rich Repeat	651	670	1.4E-8	T	17-02-2017	IPR011713	Leucine-rich repeat 3
9654|T222-R1	0ccb532c27a5cfde118e8b4eba4e8a46	1216	Pfam	PF00560	Leucine Rich Repeat	814	836	1.2	T	17-02-2017	IPR001611	Leucine-rich repeat
9654|T224-R1	b5261afca869788571e4c16bb731fd8e	531	Pfam	PF07725	Leucine Rich Repeat	293	310	2.2E-5	T	17-02-2017	IPR011713	Leucine-rich repeat 3
9654|T224-R1	b5261afca869788571e4c16bb731fd8e	531	Pfam	PF00560	Leucine Rich Repeat	454	473	0.53	T	17-02-2017	IPR001611	Leucine-rich repeat
9654|T224-R1	b5261afca869788571e4c16bb731fd8e	531	Pfam	PF00560	Leucine Rich Repeat	478	500	0.51	T	17-02-2017	IPR001611	Leucine-rich repeat
9654|T224-R1	b5261afca869788571e4c16bb731fd8e	531	Pfam	PF00931	NB-ARC domain	81	220	3.3E-11	T	17-02-2017	IPR002182	NB-ARC
9654|T227-R1	62cdf7571f3139ed2f94e1b6dc8027e3	869	Pfam	PF00931	NB-ARC domain	6	171	3.4E-14	T	17-02-2017	IPR002182	NB-ARC
9654|T228-R1	61cb04872843b173154fd389ef925148	1150	Pfam	PF00931	NB-ARC domain	217	450	5.1E-19	T	17-02-2017	IPR002182	NB-ARC
9654|T228-R1	61cb04872843b173154fd389ef925148	1150	Pfam	PF01582	TIR domain	42	210	3.4E-49	T	17-02-2017	IPR000157	Toll/interleukin-1 receptor homology (TIR) domain
9654|T228-R1	61cb04872843b173154fd389ef925148	1150	Pfam	PF07725	Leucine Rich Repeat	531	549	4.1E-8	T	17-02-2017	IPR011713	Leucine-rich repeat 3
9654|T228-R1	61cb04872843b173154fd389ef925148	1150	Pfam	PF07725	Leucine Rich Repeat	690	708	4.5E-5	T	17-02-2017	IPR011713	Leucine-rich repeat 3
9654|T232-R1	a8e95a800b2ad739b970cb4300428993	1329	Pfam	PF01582	TIR domain	12	176	2.8E-44	T	17-02-2017	IPR000157	Toll/interleukin-1 receptor homology (TIR) domain
9654|T232-R1	a8e95a800b2ad739b970cb4300428993	1329	Pfam	PF00931	NB-ARC domain	188	432	2.1E-21	T	17-02-2017	IPR002182	NB-ARC
9654|T232-R1	a8e95a800b2ad739b970cb4300428993	1329	Pfam	PF07725	Leucine Rich Repeat	572	590	1.1E-5	T	17-02-2017	IPR011713	Leucine-rich repeat 3
9654|T237-R1	88f5d2100aecd2d1d9aeb254f8abe6fb	787	Pfam	PF00931	NB-ARC domain	185	402	1.7E-72	T	17-02-2017	IPR002182	NB-ARC
9654|T237-R1	NA	787	Coils	Coil	maj_vote_coils_paircoils_nlrparser	30	64	NA	NA	NA	NA	NA	NA	NA
9654|T237-R1	88f5d2100aecd2d1d9aeb254f8abe6fb	787	Pfam	PF13855	Leucine rich repeat	465	525	1.3E-12	T	17-02-2017	IPR001611	Leucine-rich repeat
9654|T240-R1	664f37864c8ce9d72019b38566c36393	1066	Pfam	PF01582	TIR domain	127	257	1.3E-12	T	17-02-2017	IPR000157	Toll/interleukin-1 receptor homology (TIR) domain
9654|T240-R1	664f37864c8ce9d72019b38566c36393	1066	Pfam	PF00931	NB-ARC domain	293	535	9.0E-18	T	17-02-2017	IPR002182	NB-ARC
9654|T240-R1	664f37864c8ce9d72019b38566c36393	1066	Pfam	PF07725	Leucine Rich Repeat	694	713	2.7E-7	T	17-02-2017	IPR011713	Leucine-rich repeat 3
9654|T241-R1	1785814f34ec7ae4b1cad22819a5ef3c	1242	Pfam	PF01582	TIR domain	15	185	1.0E-39	T	17-02-2017	IPR000157	Toll/interleukin-1 receptor homology (TIR) domain
9654|T241-R1	1785814f34ec7ae4b1cad22819a5ef3c	1242	Pfam	PF00931	NB-ARC domain	210	452	2.6E-32	T	17-02-2017	IPR002182	NB-ARC
9654|T244-R1	36d774a0e465894384c11c13782e0073	876	Pfam	PF00931	NB-ARC domain	157	439	1.9E-109	T	17-02-2017	IPR002182	NB-ARC
9654|T244-R1	NA	876	Coils	Coil	maj_vote_coils_paircoils_nlrparser	28	62	NA	NA	NA	NA	NA	NA	NA
9654|T244-R1	36d774a0e465894384c11c13782e0073	876	Pfam	PF13855	Leucine rich repeat	535	594	6.0E-11	T	17-02-2017	IPR001611	Leucine-rich repeat
9654|T248-R1	92bf3f736a1dee0c10d3021dd7af60a8	896	Pfam	PF00931	NB-ARC domain	242	494	2.3E-25	T	17-02-2017	IPR002182	NB-ARC
9654|T248-R1	92bf3f736a1dee0c10d3021dd7af60a8	896	Pfam	PF01582	TIR domain	62	239	2.4E-55	T	17-02-2017	IPR000157	Toll/interleukin-1 receptor homology (TIR) domain
9654|T248-R1	92bf3f736a1dee0c10d3021dd7af60a8	896	Pfam	PF07725	Leucine Rich Repeat	675	694	1.6E-8	T	17-02-2017	IPR011713	Leucine-rich repeat 3
9654|T249-R1	14f5548c53ea5d7136be60e0b388728b	525	Pfam	PF00931	NB-ARC domain	238	466	6.4E-22	T	17-02-2017	IPR002182	NB-ARC
9654|T249-R1	14f5548c53ea5d7136be60e0b388728b	525	Pfam	PF01582	TIR domain	65	237	8.8E-49	T	17-02-2017	IPR000157	Toll/interleukin-1 receptor homology (TIR) domain
9654|T253-R1	9ca20c5a27a466fb8ae561efb864bb8d	1075	Pfam	PF01582	TIR domain	11	179	3.5E-41	T	17-02-2017	IPR000157	Toll/interleukin-1 receptor homology (TIR) domain
9654|T253-R1	9ca20c5a27a466fb8ae561efb864bb8d	1075	Pfam	PF00931	NB-ARC domain	189	440	3.6E-24	T	17-02-2017	IPR002182	NB-ARC
9654|T253-R1	9ca20c5a27a466fb8ae561efb864bb8d	1075	Pfam	PF07725	Leucine Rich Repeat	604	622	2.4E-6	T	17-02-2017	IPR011713	Leucine-rich repeat 3
9654|T254-R1	a14ef053ab54deb7022074e67220beb7	413	Pfam	PF00931	NB-ARC domain	178	399	8.9E-16	T	17-02-2017	IPR002182	NB-ARC
9654|T255-R1	a0b68c4a26742a29af5a381fd2acc2bf	380	Pfam	PF01582	TIR domain	14	180	2.2E-47	T	17-02-2017	IPR000157	Toll/interleukin-1 receptor homology (TIR) domain
9654|T255-R1	a0b68c4a26742a29af5a381fd2acc2bf	380	Pfam	PF00931	NB-ARC domain	208	362	1.6E-5	T	17-02-2017	IPR002182	NB-ARC
9654|T258.1-R1	NA	1024	Coils	Coil	maj_vote_coils_paircoils_nlrparser	134	173	NA	NA	NA	NA	NA	NA	NA
9654|T258.1-R1	8f74f4aa2f95c442221b24829eeb44d5	1024	Pfam	PF00931	NB-ARC domain	266	546	3.4E-90	T	17-02-2017	IPR002182	NB-ARC
9654|T258.1-R1	8f74f4aa2f95c442221b24829eeb44d5	1024	Pfam	PF13855	Leucine rich repeat	647	706	3.2E-12	T	17-02-2017	IPR001611	Leucine-rich repeat
9654|T258.2-R1	358d18560dfcaee81df579f567631679	894	Pfam	PF00931	NB-ARC domain	160	441	1.4E-98	T	17-02-2017	IPR002182	NB-ARC
9654|T258.2-R1	NA	894	Coils	Coil	maj_vote_coils_paircoils_nlrparser	36	56	NA	NA	NA	NA	NA	NA	NA
9654|T258.2-R1	358d18560dfcaee81df579f567631679	894	Pfam	PF13855	Leucine rich repeat	539	597	2.7E-9	T	17-02-2017	IPR001611	Leucine-rich repeat
9654|T260-R1	e8b7f03843838d61acded57261cbee3d	865	Pfam	PF00931	NB-ARC domain	205	461	2.3E-29	T	17-02-2017	IPR002182	NB-ARC
9654|T260-R1	e8b7f03843838d61acded57261cbee3d	865	Pfam	PF07725	Leucine Rich Repeat	625	643	7.4E-9	T	17-02-2017	IPR011713	Leucine-rich repeat 3
9654|T260-R1	e8b7f03843838d61acded57261cbee3d	865	Pfam	PF01582	TIR domain	8	202	8.1E-46	T	17-02-2017	IPR000157	Toll/interleukin-1 receptor homology (TIR) domain
9654|T263-R1	46f14cbf18b80028542842f9ff63a266	155	Pfam	PF01582	TIR domain	11	143	1.9E-48	T	17-02-2017	IPR000157	Toll/interleukin-1 receptor homology (TIR) domain
9654|T264-R1	a3def048370b99723a3e76ef0f266fb8	909	Pfam	PF00931	NB-ARC domain	29	293	1.2E-26	T	17-02-2017	IPR002182	NB-ARC
9654|T264-R1	a3def048370b99723a3e76ef0f266fb8	909	Pfam	PF07725	Leucine Rich Repeat	443	462	2.7E-7	T	17-02-2017	IPR011713	Leucine-rich repeat 3
9654|T267-R1	2ac221649eed340b716a46d6abc0d1dc	1462	Pfam	PF01582	TIR domain	149	338	4.8E-54	T	17-02-2017	IPR000157	Toll/interleukin-1 receptor homology (TIR) domain
9654|T267-R1	2ac221649eed340b716a46d6abc0d1dc	1462	Pfam	PF00931	NB-ARC domain	345	600	8.8E-25	T	17-02-2017	IPR002182	NB-ARC
9654|T267-R1	2ac221649eed340b716a46d6abc0d1dc	1462	Pfam	PF07725	Leucine Rich Repeat	764	783	4.9E-9	T	17-02-2017	IPR011713	Leucine-rich repeat 3
9654|T277-R1	374d253e788d171d33f1151ebb7a29a8	1000	Pfam	PF00931	NB-ARC domain	167	291	2.0E-33	T	17-02-2017	IPR002182	NB-ARC
9654|T277-R1	374d253e788d171d33f1151ebb7a29a8	1000	Pfam	PF00931	NB-ARC domain	293	409	4.8E-27	T	17-02-2017	IPR002182	NB-ARC
9654|T279-R1	6db944ee204aac0c61b84ff0b1d068da	639	Pfam	PF01582	TIR domain	11	187	1.0E-38	T	17-02-2017	IPR000157	Toll/interleukin-1 receptor homology (TIR) domain
9654|T279-R1	6db944ee204aac0c61b84ff0b1d068da	639	Pfam	PF00931	NB-ARC domain	203	395	1.4E-12	T	17-02-2017	IPR002182	NB-ARC
9654|T279-R1	6db944ee204aac0c61b84ff0b1d068da	639	Pfam	PF00931	NB-ARC domain	455	614	1.3E-18	T	17-02-2017	IPR002182	NB-ARC
9654|T280-R1	145ead1b32cc876291c693d5f649a864	530	Pfam	PF00931	NB-ARC domain	201	452	1.2E-28	T	17-02-2017	IPR002182	NB-ARC
9654|T280-R1	145ead1b32cc876291c693d5f649a864	530	Pfam	PF01582	TIR domain	24	199	1.9E-39	T	17-02-2017	IPR000157	Toll/interleukin-1 receptor homology (TIR) domain
9654|T283-R1	e70a1819f764b0e844fe99a014bf1360	1108	Pfam	PF00931	NB-ARC domain	252	505	1.9E-16	T	17-02-2017	IPR002182	NB-ARC
9654|T283-R1	e70a1819f764b0e844fe99a014bf1360	1108	Pfam	PF07725	Leucine Rich Repeat	665	684	1.6E-5	T	17-02-2017	IPR011713	Leucine-rich repeat 3
9654|T283-R1	e70a1819f764b0e844fe99a014bf1360	1108	Pfam	PF01582	TIR domain	78	241	2.3E-51	T	17-02-2017	IPR000157	Toll/interleukin-1 receptor homology (TIR) domain
9654|T283-R1	e70a1819f764b0e844fe99a014bf1360	1108	Pfam	PF00560	Leucine Rich Repeat	783	805	0.054	T	17-02-2017	IPR001611	Leucine-rich repeat
9654|T283-R1	e70a1819f764b0e844fe99a014bf1360	1108	Pfam	PF00560	Leucine Rich Repeat	831	853	0.054	T	17-02-2017	IPR001611	Leucine-rich repeat
9654|T283-R1	e70a1819f764b0e844fe99a014bf1360	1108	Pfam	PF00560	Leucine Rich Repeat	855	877	0.47	T	17-02-2017	IPR001611	Leucine-rich repeat
9654|T286-R1	e1ae5a143dcfe1170c8addd5b597c414	1012	Pfam	PF00931	NB-ARC domain	228	490	1.3E-23	T	17-02-2017	IPR002182	NB-ARC
9654|T286-R1	e1ae5a143dcfe1170c8addd5b597c414	1012	Pfam	PF01582	TIR domain	47	225	4.2E-55	T	17-02-2017	IPR000157	Toll/interleukin-1 receptor homology (TIR) domain
9654|T286-R1	e1ae5a143dcfe1170c8addd5b597c414	1012	Pfam	PF07725	Leucine Rich Repeat	642	661	1.4E-9	T	17-02-2017	IPR011713	Leucine-rich repeat 3
9654|T290-R1	80ff4296f064b40878c813b47583d5ba	1188	Pfam	PF00931	NB-ARC domain	241	501	7.4E-24	T	17-02-2017	IPR002182	NB-ARC
9654|T290-R1	80ff4296f064b40878c813b47583d5ba	1188	Pfam	PF01582	TIR domain	62	239	1.3E-50	T	17-02-2017	IPR000157	Toll/interleukin-1 receptor homology (TIR) domain
9654|T290-R1	80ff4296f064b40878c813b47583d5ba	1188	Pfam	PF07725	Leucine Rich Repeat	654	673	6.7E-6	T	17-02-2017	IPR011713	Leucine-rich repeat 3
9654|T294-R1	86a06ae3e5bb419f832c92b6b14a84a4	780	Pfam	PF01582	TIR domain	16	190	6.1E-50	T	17-02-2017	IPR000157	Toll/interleukin-1 receptor homology (TIR) domain
9654|T294-R1	86a06ae3e5bb419f832c92b6b14a84a4	780	Pfam	PF00931	NB-ARC domain	194	458	4.1E-23	T	17-02-2017	IPR002182	NB-ARC
9654|T294-R1	86a06ae3e5bb419f832c92b6b14a84a4	780	Pfam	PF07725	Leucine Rich Repeat	615	634	1.5E-9	T	17-02-2017	IPR011713	Leucine-rich repeat 3
9654|T298-R1	62d5f587541744858d5fc5cd1ef60c03	537	Pfam	PF00931	NB-ARC domain	190	442	7.8E-38	T	17-02-2017	IPR002182	NB-ARC
9654|T298-R1	62d5f587541744858d5fc5cd1ef60c03	537	Pfam	PF05659	Arabidopsis broad-spectrum mildew resistance protein RPW8	9	130	2.9E-12	T	17-02-2017	IPR008808	Powdery mildew resistance protein, RPW8 domain
9654|T304-R1	3f3d9a1144105cd709e71245f8eb0ca9	891	Pfam	PF00931	NB-ARC domain	158	436	1.8E-91	T	17-02-2017	IPR002182	NB-ARC
9654|T304-R1	NA	891	Coils	Coil	maj_vote_coils_paircoils_nlrparser	29	56	NA	NA	NA	NA	NA	NA	NA
9654|T304-R1	3f3d9a1144105cd709e71245f8eb0ca9	891	Pfam	PF13855	Leucine rich repeat	536	597	1.8E-13	T	17-02-2017	IPR001611	Leucine-rich repeat
9654|T307-R1	f6a08d4602bbef121bfb08da36186fee	977	Pfam	PF01582	TIR domain	17	191	1.7E-52	T	17-02-2017	IPR000157	Toll/interleukin-1 receptor homology (TIR) domain
9654|T307-R1	f6a08d4602bbef121bfb08da36186fee	977	Pfam	PF00931	NB-ARC domain	197	450	3.8E-22	T	17-02-2017	IPR002182	NB-ARC
9654|T307-R1	f6a08d4602bbef121bfb08da36186fee	977	Pfam	PF07725	Leucine Rich Repeat	601	620	1.7E-5	T	17-02-2017	IPR011713	Leucine-rich repeat 3
9654|T311-R1	c759b7c5b97d9e549923e52e83582702	1317	Pfam	PF00931	NB-ARC domain	290	529	9.7E-7	T	17-02-2017	IPR002182	NB-ARC
9654|T311-R1	c759b7c5b97d9e549923e52e83582702	1317	Pfam	PF07725	Leucine Rich Repeat	713	732	1.9E-9	T	17-02-2017	IPR011713	Leucine-rich repeat 3
9654|T311-R1	c759b7c5b97d9e549923e52e83582702	1317	Pfam	PF01582	TIR domain	94	281	3.0E-51	T	17-02-2017	IPR000157	Toll/interleukin-1 receptor homology (TIR) domain
9654|T313-R1	dae760a317cc440b263e7df9aaa192f9	1457	Pfam	PF01582	TIR domain	327	502	2.0E-49	T	17-02-2017	IPR000157	Toll/interleukin-1 receptor homology (TIR) domain
9654|T313-R1	dae760a317cc440b263e7df9aaa192f9	1457	Pfam	PF00931	NB-ARC domain	509	763	1.7E-23	T	17-02-2017	IPR002182	NB-ARC
9654|T313-R1	dae760a317cc440b263e7df9aaa192f9	1457	Pfam	PF06026	Ribose 5-phosphate isomerase A (phosphoriboisomerase A)	87	270	6.1E-31	T	17-02-2017	IPR004788	Ribose 5-phosphate isomerase, type A
9654|T313-R1	dae760a317cc440b263e7df9aaa192f9	1457	Pfam	PF07725	Leucine Rich Repeat	921	939	1.7E-6	T	17-02-2017	IPR011713	Leucine-rich repeat 3
9654|T317-R1	e16600eb51b6618d9d0844fb7762a4b3	1295	Pfam	PF01582	TIR domain	19	179	3.6E-49	T	17-02-2017	IPR000157	Toll/interleukin-1 receptor homology (TIR) domain
9654|T317-R1	e16600eb51b6618d9d0844fb7762a4b3	1295	Pfam	PF00931	NB-ARC domain	192	449	2.7E-33	T	17-02-2017	IPR002182	NB-ARC
9654|T317-R1	e16600eb51b6618d9d0844fb7762a4b3	1295	Pfam	PF07725	Leucine Rich Repeat	604	623	6.0E-6	T	17-02-2017	IPR011713	Leucine-rich repeat 3
9654|T321-R1	0c02b0fa3bcef54da4fcff18ff61ac45	455	Pfam	PF01582	TIR domain	184	366	3.7E-27	T	17-02-2017	IPR000157	Toll/interleukin-1 receptor homology (TIR) domain
9654|T327-R1	ff906e3365249fab46d5150909b7c3f1	1046	Pfam	PF01582	TIR domain	15	189	2.7E-51	T	17-02-2017	IPR000157	Toll/interleukin-1 receptor homology (TIR) domain
9654|T327-R1	ff906e3365249fab46d5150909b7c3f1	1046	Pfam	PF00931	NB-ARC domain	193	436	1.0E-23	T	17-02-2017	IPR002182	NB-ARC
9654|T327-R1	ff906e3365249fab46d5150909b7c3f1	1046	Pfam	PF07725	Leucine Rich Repeat	604	623	2.1E-8	T	17-02-2017	IPR011713	Leucine-rich repeat 3
9654|T330-R1	80356fcf98fe990f6ae863ce4244b579	1189	Pfam	PF01582	TIR domain	12	185	6.1E-47	T	17-02-2017	IPR000157	Toll/interleukin-1 receptor homology (TIR) domain
9654|T330-R1	80356fcf98fe990f6ae863ce4244b579	1189	Pfam	PF00931	NB-ARC domain	196	453	6.9E-20	T	17-02-2017	IPR002182	NB-ARC
9654|T330-R1	80356fcf98fe990f6ae863ce4244b579	1189	Pfam	PF07725	Leucine Rich Repeat	607	625	1.0E-8	T	17-02-2017	IPR011713	Leucine-rich repeat 3
9654|T332-R1	d6d9ea288037ed70b4a0e68155d77b64	1109	Pfam	PF01582	TIR domain	11	188	1.4E-51	T	17-02-2017	IPR000157	Toll/interleukin-1 receptor homology (TIR) domain
9654|T332-R1	d6d9ea288037ed70b4a0e68155d77b64	1109	Pfam	PF00931	NB-ARC domain	198	448	4.8E-24	T	17-02-2017	IPR002182	NB-ARC
9654|T332-R1	d6d9ea288037ed70b4a0e68155d77b64	1109	Pfam	PF07725	Leucine Rich Repeat	601	620	3.1E-9	T	17-02-2017	IPR011713	Leucine-rich repeat 3
9654|T335-R1	edb830a926813b77df4a225cb1d71ea6	198	Pfam	PF00931	NB-ARC domain	53	196	1.3E-55	T	17-02-2017	IPR002182	NB-ARC
9654|T339-R1	1046844fc155ecd92b903c055cc8d74c	854	Pfam	PF00931	NB-ARC domain	160	439	2.9E-86	T	17-02-2017	IPR002182	NB-ARC
9654|T339-R1	NA	854	Coils	Coil	maj_vote_coils_paircoils_nlrparser	28	62	NA	NA	NA	NA	NA	NA	NA
9654|T339-R1	1046844fc155ecd92b903c055cc8d74c	854	Pfam	PF13855	Leucine rich repeat	535	594	2.7E-9	T	17-02-2017	IPR001611	Leucine-rich repeat
9654|T344-R1	45b18d1a128f9f5b63ae8521e834d67b	596	Pfam	PF01582	TIR domain	11	192	6.5E-25	T	17-02-2017	IPR000157	Toll/interleukin-1 receptor homology (TIR) domain
9654|T344-R1	45b18d1a128f9f5b63ae8521e834d67b	596	Pfam	PF01582	TIR domain	376	459	3.0E-13	T	17-02-2017	IPR000157	Toll/interleukin-1 receptor homology (TIR) domain
9654|T345-R1	14679a61741a9d228c16dccf4d7add97	288	Pfam	PF01582	TIR domain	10	178	1.9E-27	T	17-02-2017	IPR000157	Toll/interleukin-1 receptor homology (TIR) domain
9654|T347-R1	886943f64ad88556080fc25b115b65b2	1161	Pfam	PF00931	NB-ARC domain	215	485	5.6E-20	T	17-02-2017	IPR002182	NB-ARC
9654|T347-R1	886943f64ad88556080fc25b115b65b2	1161	Pfam	PF01582	TIR domain	22	187	1.5E-37	T	17-02-2017	IPR000157	Toll/interleukin-1 receptor homology (TIR) domain
9654|T347-R1	886943f64ad88556080fc25b115b65b2	1161	Pfam	PF07725	Leucine Rich Repeat	612	631	5.4E-6	T	17-02-2017	IPR011713	Leucine-rich repeat 3
9654|T351-R1	70f6d5ec78fceb2b2241e61369cbf76c	888	Pfam	PF00931	NB-ARC domain	161	440	5.1E-101	T	17-02-2017	IPR002182	NB-ARC
9654|T351-R1	NA	888	Coils	Coil	maj_vote_coils_paircoils_nlrparser	22	68	NA	NA	NA	NA	NA	NA	NA
9654|T351-R1	70f6d5ec78fceb2b2241e61369cbf76c	888	Pfam	PF13855	Leucine rich repeat	533	593	5.6E-8	T	17-02-2017	IPR001611	Leucine-rich repeat
9654|T355-R1	a2966f53a3a115eeca5801fe0306945b	1073	Pfam	PF01582	TIR domain	16	191	6.0E-48	T	17-02-2017	IPR000157	Toll/interleukin-1 receptor homology (TIR) domain
9654|T355-R1	a2966f53a3a115eeca5801fe0306945b	1073	Pfam	PF00931	NB-ARC domain	193	452	1.3E-28	T	17-02-2017	IPR002182	NB-ARC
9654|T355-R1	a2966f53a3a115eeca5801fe0306945b	1073	Pfam	PF07725	Leucine Rich Repeat	608	627	3.0E-5	T	17-02-2017	IPR011713	Leucine-rich repeat 3
9654|T358-R1	33ed79e648cad1afabf687a30489fd0a	1085	Pfam	PF00931	NB-ARC domain	237	499	3.6E-21	T	17-02-2017	IPR002182	NB-ARC
9654|T358-R1	33ed79e648cad1afabf687a30489fd0a	1085	Pfam	PF01582	TIR domain	57	233	1.4E-54	T	17-02-2017	IPR000157	Toll/interleukin-1 receptor homology (TIR) domain
9654|T358-R1	33ed79e648cad1afabf687a30489fd0a	1085	Pfam	PF07725	Leucine Rich Repeat	660	679	6.1E-8	T	17-02-2017	IPR011713	Leucine-rich repeat 3
9654|T363-R1	f8bc65227bd68d30a5ef4baf763420c6	1061	Pfam	PF00931	NB-ARC domain	186	437	5.3E-24	T	17-02-2017	IPR002182	NB-ARC
9654|T363-R1	f8bc65227bd68d30a5ef4baf763420c6	1061	Pfam	PF07725	Leucine Rich Repeat	592	611	4.5E-6	T	17-02-2017	IPR011713	Leucine-rich repeat 3
9654|T363-R1	f8bc65227bd68d30a5ef4baf763420c6	1061	Pfam	PF01582	TIR domain	9	179	6.2E-49	T	17-02-2017	IPR000157	Toll/interleukin-1 receptor homology (TIR) domain
9654|T367-R1	630152630e26239dd149e3d8f1e516e1	201	Pfam	PF05659	Arabidopsis broad-spectrum mildew resistance protein RPW8	5	154	1.2E-42	T	17-02-2017	IPR008808	Powdery mildew resistance protein, RPW8 domain
9654|T368-R1	8b78275d70c64937c4d10b2892c97c39	205	Pfam	PF05659	Arabidopsis broad-spectrum mildew resistance protein RPW8	5	142	1.7E-52	T	17-02-2017	IPR008808	Powdery mildew resistance protein, RPW8 domain
9654|T369-R1	02120bd644d3687be0c8646b91266a48	213	Pfam	PF05659	Arabidopsis broad-spectrum mildew resistance protein RPW8	5	143	2.6E-57	T	17-02-2017	IPR008808	Powdery mildew resistance protein, RPW8 domain
9654|T370-R1	a3043d900429a81f41ad5c560ece025d	181	Pfam	PF05659	Arabidopsis broad-spectrum mildew resistance protein RPW8	3	143	2.6E-43	T	17-02-2017	IPR008808	Powdery mildew resistance protein, RPW8 domain
9654|T371-R1	7b4ebcc786885221f2daae2420df4b9a	1194	Pfam	PF00931	NB-ARC domain	243	501	1.3E-25	T	17-02-2017	IPR002182	NB-ARC
9654|T371-R1	7b4ebcc786885221f2daae2420df4b9a	1194	Pfam	PF01582	TIR domain	55	240	3.5E-54	T	17-02-2017	IPR000157	Toll/interleukin-1 receptor homology (TIR) domain
9654|T371-R1	7b4ebcc786885221f2daae2420df4b9a	1194	Pfam	PF07725	Leucine Rich Repeat	657	676	4.0E-7	T	17-02-2017	IPR011713	Leucine-rich repeat 3
9654|T375-R1	aa565b3d4fd4a0687c5230e1a9fdea69	809	Pfam	PF05659	Arabidopsis broad-spectrum mildew resistance protein RPW8	10	128	1.1E-26	T	17-02-2017	IPR008808	Powdery mildew resistance protein, RPW8 domain
9654|T375-R1	aa565b3d4fd4a0687c5230e1a9fdea69	809	Pfam	PF00931	NB-ARC domain	176	438	2.7E-29	T	17-02-2017	IPR002182	NB-ARC
9654|T375-R1	NA	809	Coils	Coil	maj_vote_coils_paircoils_nlrparser	55	75	NA	NA	NA	NA	NA	NA	NA
9654|T375-R1	aa565b3d4fd4a0687c5230e1a9fdea69	809	Pfam	PF13855	Leucine rich repeat	674	731	1.1E-6	T	17-02-2017	IPR001611	Leucine-rich repeat
9654|T376-R1	6793fab8843a96b86cbabf9409c6779f	815	Pfam	PF05659	Arabidopsis broad-spectrum mildew resistance protein RPW8	12	133	1.0E-26	T	17-02-2017	IPR008808	Powdery mildew resistance protein, RPW8 domain
9654|T376-R1	6793fab8843a96b86cbabf9409c6779f	815	Pfam	PF00931	NB-ARC domain	182	440	1.3E-28	T	17-02-2017	IPR002182	NB-ARC
9654|T379-R1	6487f9e8cebbb61be756364feda8be4e	1128	Pfam	PF01582	TIR domain	12	183	5.6E-48	T	17-02-2017	IPR000157	Toll/interleukin-1 receptor homology (TIR) domain
9654|T379-R1	6487f9e8cebbb61be756364feda8be4e	1128	Pfam	PF00931	NB-ARC domain	188	450	1.3E-17	T	17-02-2017	IPR002182	NB-ARC
9654|T379-R1	6487f9e8cebbb61be756364feda8be4e	1128	Pfam	PF07725	Leucine Rich Repeat	605	623	1.3E-8	T	17-02-2017	IPR011713	Leucine-rich repeat 3
9654|T380-R1	dead177176ecda7f2c9ad68a9c1e3e25	608	Pfam	PF01582	TIR domain	12	168	5.3E-44	T	17-02-2017	IPR000157	Toll/interleukin-1 receptor homology (TIR) domain
9654|T380-R1	dead177176ecda7f2c9ad68a9c1e3e25	608	Pfam	PF00931	NB-ARC domain	173	435	9.4E-24	T	17-02-2017	IPR002182	NB-ARC
9654|T380-R1	dead177176ecda7f2c9ad68a9c1e3e25	608	Pfam	PF07725	Leucine Rich Repeat	589	606	6.1E-7	T	17-02-2017	IPR011713	Leucine-rich repeat 3
9654|T383-R1	NA	906	Coils	Coil	maj_vote_coils_paircoils_nlrparser	15	67	NA	NA	NA	NA	NA	NA	NA
9654|T383-R1	af6df96665a631563e59c0b3c0c27bed	906	Pfam	PF00931	NB-ARC domain	167	451	4.5E-92	T	17-02-2017	IPR002182	NB-ARC
9654|T387-R1	de57b5e8794ebbb22d7ff65c14ae9f6a	956	Pfam	PF01582	TIR domain	14	186	2.5E-50	T	17-02-2017	IPR000157	Toll/interleukin-1 receptor homology (TIR) domain
9654|T387-R1	de57b5e8794ebbb22d7ff65c14ae9f6a	956	Pfam	PF00931	NB-ARC domain	190	450	6.9E-25	T	17-02-2017	IPR002182	NB-ARC
9654|T387-R1	de57b5e8794ebbb22d7ff65c14ae9f6a	956	Pfam	PF07725	Leucine Rich Repeat	609	628	5.7E-7	T	17-02-2017	IPR011713	Leucine-rich repeat 3
9654|T390-R1	NA	1637	Coils	Coil	maj_vote_coils_paircoils_nlrparser	1117	1144	NA	NA	NA	NA	NA	NA	NA
9654|T390-R1	28971b7afa5b8edb8f7faf588a7063d6	1637	Pfam	PF00412	LIM domain	1241	1292	2.3E-8	T	17-02-2017	IPR001781	Zinc finger, LIM-type
9654|T390-R1	28971b7afa5b8edb8f7faf588a7063d6	1637	Pfam	PF12315	Protein DA1	1388	1416	2.7E-4	T	17-02-2017	IPR022087	Protein DA1-like
9654|T390-R1	28971b7afa5b8edb8f7faf588a7063d6	1637	Pfam	PF12315	Protein DA1	1438	1626	1.3E-69	T	17-02-2017	IPR022087	Protein DA1-like
9654|T390-R1	28971b7afa5b8edb8f7faf588a7063d6	1637	Pfam	PF00931	NB-ARC domain	179	382	1.6E-20	T	17-02-2017	IPR002182	NB-ARC
9654|T390-R1	28971b7afa5b8edb8f7faf588a7063d6	1637	Pfam	PF07725	Leucine Rich Repeat	595	614	2.2E-5	T	17-02-2017	IPR011713	Leucine-rich repeat 3
9654|T391-R1	2f5f5282f45089a78c1fe59bf41d07f4	330	Pfam	PF01582	TIR domain	36	195	2.9E-22	T	17-02-2017	IPR000157	Toll/interleukin-1 receptor homology (TIR) domain
9654|T394-R1	182f03a7f08f01a4febed40fe78e2d72	891	Pfam	PF00931	NB-ARC domain	156	438	3.3E-110	T	17-02-2017	IPR002182	NB-ARC
9654|T394-R1	NA	891	Coils	Coil	maj_vote_coils_paircoils_nlrparser	27	61	NA	NA	NA	NA	NA	NA	NA
9654|T394-R1	182f03a7f08f01a4febed40fe78e2d72	891	Pfam	PF13855	Leucine rich repeat	535	589	8.1E-9	T	17-02-2017	IPR001611	Leucine-rich repeat
9654|T397-R1	NA	902	Coils	Coil	maj_vote_coils_paircoils_nlrparser	10	58	NA	NA	NA	NA	NA	NA	NA
9654|T397-R1	d76d969664e620bc0c24cb3675dc6715	902	Pfam	PF00931	NB-ARC domain	167	447	2.7E-93	T	17-02-2017	IPR002182	NB-ARC
9654|T400-R1	5534cccc893224e7b0b68f6ba92b400f	742	Pfam	PF00931	NB-ARC domain	1	97	3.6E-27	T	17-02-2017	IPR002182	NB-ARC
9654|T400-R1	5534cccc893224e7b0b68f6ba92b400f	742	Pfam	PF00931	NB-ARC domain	138	298	7.9E-40	T	17-02-2017	IPR002182	NB-ARC
9654|T406-R1	2b1e1c0c6a02b7e76be659aaa3092234	396	Pfam	PF01582	TIR domain	26	196	1.0E-30	T	17-02-2017	IPR000157	Toll/interleukin-1 receptor homology (TIR) domain
9654|T406-R1	2b1e1c0c6a02b7e76be659aaa3092234	396	Pfam	PF14299	Phloem protein 2	275	394	3.3E-25	T	17-02-2017	IPR025886	Phloem protein 2-like
9654|T411-R1	c0ef27e8d87a947639a35d8a131b056f	844	Pfam	PF00931	NB-ARC domain	171	449	3.5E-70	T	17-02-2017	IPR002182	NB-ARC
9654|T414-R1	NA	856	Coils	Coil	maj_vote_coils_paircoils_nlrparser	13	63	NA	NA	NA	NA	NA	NA	NA
9654|T414-R1	2562649311a2f1790fba702ab243791c	856	Pfam	PF00931	NB-ARC domain	166	289	2.0E-41	T	17-02-2017	IPR002182	NB-ARC
9654|T417-R1	f434124b14cdeedd3a93f6adb608553f	1203	Pfam	PF01582	TIR domain	13	183	2.6E-34	T	17-02-2017	IPR000157	Toll/interleukin-1 receptor homology (TIR) domain
9654|T417-R1	f434124b14cdeedd3a93f6adb608553f	1203	Pfam	PF00931	NB-ARC domain	219	464	6.7E-19	T	17-02-2017	IPR002182	NB-ARC
9654|T417-R1	f434124b14cdeedd3a93f6adb608553f	1203	Pfam	PF07725	Leucine Rich Repeat	625	644	4.4E-5	T	17-02-2017	IPR011713	Leucine-rich repeat 3
9654|T424-R1	dcc1887a63eb3e1ed045ed61379ae75d	848	Pfam	PF00931	NB-ARC domain	157	437	3.5E-90	T	17-02-2017	IPR002182	NB-ARC
9654|T424-R1	NA	848	Coils	Coil	maj_vote_coils_paircoils_nlrparser	28	62	NA	NA	NA	NA	NA	NA	NA
9654|T424-R1	dcc1887a63eb3e1ed045ed61379ae75d	848	Pfam	PF13855	Leucine rich repeat	533	592	2.2E-11	T	17-02-2017	IPR001611	Leucine-rich repeat
9654|T428-R1	NA	909	Coils	Coil	maj_vote_coils_paircoils_nlrparser	13	63	NA	NA	NA	NA	NA	NA	NA
9654|T428-R1	0d4d9ff98646dcf9aea06a539ba64b68	909	Pfam	PF00931	NB-ARC domain	166	453	2.7E-90	T	17-02-2017	IPR002182	NB-ARC
9654|T432-R1	7950c08054bd1bb208ea5a565462c1e3	909	Pfam	PF00931	NB-ARC domain	159	439	8.7E-101	T	17-02-2017	IPR002182	NB-ARC
9654|T432-R1	7950c08054bd1bb208ea5a565462c1e3	909	Pfam	PF13855	Leucine rich repeat	533	593	1.2E-9	T	17-02-2017	IPR001611	Leucine-rich repeat
9654|T436-R1	79282edf474a782958568b9dd2ce6e43	864	Pfam	PF00931	NB-ARC domain	156	437	2.3E-90	T	17-02-2017	IPR002182	NB-ARC
9654|T436-R1	NA	864	Coils	Coil	maj_vote_coils_paircoils_nlrparser	27	61	NA	NA	NA	NA	NA	NA	NA
9654|T436-R1	79282edf474a782958568b9dd2ce6e43	864	Pfam	PF13855	Leucine rich repeat	538	594	4.7E-10	T	17-02-2017	IPR001611	Leucine-rich repeat
9654|T439-R1	8e74069acd05d7a0640389e7b0219905	561	Pfam	PF01582	TIR domain	17	171	5.3E-24	T	17-02-2017	IPR000157	Toll/interleukin-1 receptor homology (TIR) domain
9654|T439-R1	8e74069acd05d7a0640389e7b0219905	561	Pfam	PF01582	TIR domain	384	553	3.2E-30	T	17-02-2017	IPR000157	Toll/interleukin-1 receptor homology (TIR) domain
9654|T440-R1	e850e66f3a8068bac036afa19e9176fe	725	Pfam	PF00931	NB-ARC domain	208	450	2.6E-27	T	17-02-2017	IPR002182	NB-ARC
9654|T440-R1	e850e66f3a8068bac036afa19e9176fe	725	Pfam	PF01582	TIR domain	37	189	5.3E-19	T	17-02-2017	IPR000157	Toll/interleukin-1 receptor homology (TIR) domain
9654|T446-R1	883baf90dbd0d30b5d0ae6098962e975	200	Pfam	PF01582	TIR domain	26	189	3.7E-30	T	17-02-2017	IPR000157	Toll/interleukin-1 receptor homology (TIR) domain
9654|T448-R1	0dce5c8bbbbcab86b71442e7694f4040	1154	Pfam	PF00931	NB-ARC domain	269	527	4.0E-23	T	17-02-2017	IPR002182	NB-ARC
9654|T448-R1	0dce5c8bbbbcab86b71442e7694f4040	1154	Pfam	PF07725	Leucine Rich Repeat	672	691	7.8E-5	T	17-02-2017	IPR011713	Leucine-rich repeat 3
9654|T448-R1	0dce5c8bbbbcab86b71442e7694f4040	1154	Pfam	PF01582	TIR domain	77	266	2.0E-51	T	17-02-2017	IPR000157	Toll/interleukin-1 receptor homology (TIR) domain
9654|T450-R1	e3f626c1c170e7cfed3ea5b5a4077685	146	Pfam	PF05659	Arabidopsis broad-spectrum mildew resistance protein RPW8	12	143	2.0E-35	T	17-02-2017	IPR008808	Powdery mildew resistance protein, RPW8 domain
9654|T451-R1	18e4e34166a8248e437a11f26a4d076f	167	Pfam	PF05659	Arabidopsis broad-spectrum mildew resistance protein RPW8	3	140	1.0E-40	T	17-02-2017	IPR008808	Powdery mildew resistance protein, RPW8 domain
9654|T452-R1	68e1c1cda304fd657a1c16f6f15b9fd2	148	Pfam	PF05659	Arabidopsis broad-spectrum mildew resistance protein RPW8	7	137	1.9E-31	T	17-02-2017	IPR008808	Powdery mildew resistance protein, RPW8 domain
9654|T455-R1	dbc841f9d690503c264a52518dfde2a7	1047	Pfam	PF00931	NB-ARC domain	236	489	2.9E-24	T	17-02-2017	IPR002182	NB-ARC
9654|T455-R1	dbc841f9d690503c264a52518dfde2a7	1047	Pfam	PF01582	TIR domain	48	224	4.8E-52	T	17-02-2017	IPR000157	Toll/interleukin-1 receptor homology (TIR) domain
9654|T455-R1	dbc841f9d690503c264a52518dfde2a7	1047	Pfam	PF07725	Leucine Rich Repeat	649	667	8.0E-9	T	17-02-2017	IPR011713	Leucine-rich repeat 3
9654|T458-R1	b82b5414d073e7e9b75901288a92a19f	1217	Pfam	PF01582	TIR domain	11	183	4.1E-48	T	17-02-2017	IPR000157	Toll/interleukin-1 receptor homology (TIR) domain
9654|T458-R1	b82b5414d073e7e9b75901288a92a19f	1217	Pfam	PF00931	NB-ARC domain	185	430	3.8E-20	T	17-02-2017	IPR002182	NB-ARC
9654|T458-R1	b82b5414d073e7e9b75901288a92a19f	1217	Pfam	PF07725	Leucine Rich Repeat	610	628	1.8E-6	T	17-02-2017	IPR011713	Leucine-rich repeat 3
9654|T459-R1	b45e0aaaedb8286d7b38df9846edb953	797	Pfam	PF05659	Arabidopsis broad-spectrum mildew resistance protein RPW8	12	119	9.7E-12	T	17-02-2017	IPR008808	Powdery mildew resistance protein, RPW8 domain
9654|T459-R1	b45e0aaaedb8286d7b38df9846edb953	797	Pfam	PF00931	NB-ARC domain	233	416	2.1E-28	T	17-02-2017	IPR002182	NB-ARC
9654|T463.1-R1	d6c286d3e005c1d4547d1c6da74c8fe8	849	Pfam	PF00931	NB-ARC domain	161	447	3.4E-103	T	17-02-2017	IPR002182	NB-ARC
9654|T463.1-R1	NA	849	Coils	Coil	maj_vote_coils_paircoils_nlrparser	9	76	NA	NA	NA	NA	NA	NA	NA
9654|T466-R1	157fc13e409bc5b0175fcc26ee4da8ac	1107	Pfam	PF00931	NB-ARC domain	236	492	4.0E-22	T	17-02-2017	IPR002182	NB-ARC
9654|T466-R1	157fc13e409bc5b0175fcc26ee4da8ac	1107	Pfam	PF01582	TIR domain	51	229	1.8E-55	T	17-02-2017	IPR000157	Toll/interleukin-1 receptor homology (TIR) domain
9654|T468-R1	6b9ebfcbbd0f698fc2c7cfccf9d30960	1008	Pfam	PF01582	TIR domain	10	187	2.8E-51	T	17-02-2017	IPR000157	Toll/interleukin-1 receptor homology (TIR) domain
9654|T468-R1	6b9ebfcbbd0f698fc2c7cfccf9d30960	1008	Pfam	PF00931	NB-ARC domain	188	438	2.3E-17	T	17-02-2017	IPR002182	NB-ARC
9654|T468-R1	6b9ebfcbbd0f698fc2c7cfccf9d30960	1008	Pfam	PF07725	Leucine Rich Repeat	612	631	1.2E-7	T	17-02-2017	IPR011713	Leucine-rich repeat 3
9654|T471-R1	4ad0bc18df40537224047e054d3494d3	385	Pfam	PF00931	NB-ARC domain	89	346	4.0E-21	T	17-02-2017	IPR002182	NB-ARC
9654|T473-R1	938bb106e5f877b0f3a3f1c506cd7de4	102	Pfam	PF05659	Arabidopsis broad-spectrum mildew resistance protein RPW8	11	99	1.1E-15	T	17-02-2017	IPR008808	Powdery mildew resistance protein, RPW8 domain
9654|T474-R1	2db6fa577d1ee6492604d999e1320949	168	Pfam	PF05659	Arabidopsis broad-spectrum mildew resistance protein RPW8	3	140	1.6E-40	T	17-02-2017	IPR008808	Powdery mildew resistance protein, RPW8 domain
9654|T475-R1	027da14f950820de2cbfc3cef671629e	174	Pfam	PF05659	Arabidopsis broad-spectrum mildew resistance protein RPW8	3	143	1.2E-39	T	17-02-2017	IPR008808	Powdery mildew resistance protein, RPW8 domain
9654|T476-R1	0f5ee90a210a3c939ce7da445b531213	241	Pfam	PF05659	Arabidopsis broad-spectrum mildew resistance protein RPW8	150	241	8.2E-19	T	17-02-2017	IPR008808	Powdery mildew resistance protein, RPW8 domain
9654|T476-R1	0f5ee90a210a3c939ce7da445b531213	241	Pfam	PF05659	Arabidopsis broad-spectrum mildew resistance protein RPW8	7	137	8.8E-31	T	17-02-2017	IPR008808	Powdery mildew resistance protein, RPW8 domain
9654|T478-R1	264c175914878b659769b6e49afe68e8	216	Pfam	PF01582	TIR domain	34	196	1.6E-40	T	17-02-2017	IPR000157	Toll/interleukin-1 receptor homology (TIR) domain
9654|T479-R1	a4cd78f40037928730ddd3dcb28e9f1f	82	Pfam	PF01582	TIR domain	14	68	5.8E-10	T	17-02-2017	IPR000157	Toll/interleukin-1 receptor homology (TIR) domain
9654|T482-R1	75a5f0730d35a0f4675c84f59a49c7e2	1083	Pfam	PF00931	NB-ARC domain	229	520	1.6E-80	T	17-02-2017	IPR002182	NB-ARC
9654|T485-R1	9d74ea3a1130209afaf9b6ea37b7fb9b	249	Pfam	PF01582	TIR domain	14	139	4.6E-24	T	17-02-2017	IPR000157	Toll/interleukin-1 receptor homology (TIR) domain
9654|T486-R1	e3cedb8cc72dbf7d8a7de4ed7bc248ae	241	Pfam	PF01582	TIR domain	57	181	7.5E-20	T	17-02-2017	IPR000157	Toll/interleukin-1 receptor homology (TIR) domain
9654|T487-R1	21410e3e3bc548184c68732eb579a8c2	250	Pfam	PF01582	TIR domain	45	167	2.4E-15	T	17-02-2017	IPR000157	Toll/interleukin-1 receptor homology (TIR) domain
9654|T489-R1	8bf8c55d73741d3371b2908f10f5ac6d	375	Pfam	PF00931	NB-ARC domain	158	365	7.2E-57	T	17-02-2017	IPR002182	NB-ARC
9654|T492-R1	aa9d540283c3afb270a25fde697681f1	570	Pfam	PF00931	NB-ARC domain	31	291	2.0E-22	T	17-02-2017	IPR002182	NB-ARC
9654|T492-R1	aa9d540283c3afb270a25fde697681f1	570	Pfam	PF07725	Leucine Rich Repeat	434	452	2.7E-8	T	17-02-2017	IPR011713	Leucine-rich repeat 3
9654|T493-R1	432508af5559cecbe481d5e390c18176	202	Pfam	PF01582	TIR domain	49	189	5.8E-44	T	17-02-2017	IPR000157	Toll/interleukin-1 receptor homology (TIR) domain
9654|T497-R1	0a2a1b00f3fdfaf67918e5079e0949a7	811	Pfam	PF00931	NB-ARC domain	186	437	2.8E-36	T	17-02-2017	IPR002182	NB-ARC
9654|T497-R1	0a2a1b00f3fdfaf67918e5079e0949a7	811	Pfam	PF05659	Arabidopsis broad-spectrum mildew resistance protein RPW8	8	125	5.5E-11	T	17-02-2017	IPR008808	Powdery mildew resistance protein, RPW8 domain
9654|T500-R1	ad352b298ccfb98daa17367063fe9d6c	881	Pfam	PF00931	NB-ARC domain	160	443	4.0E-113	T	17-02-2017	IPR002182	NB-ARC
9654|T500-R1	NA	881	Coils	Coil	maj_vote_coils_paircoils_nlrparser	36	56	NA	NA	NA	NA	NA	NA	NA
9654|T500-R1	ad352b298ccfb98daa17367063fe9d6c	881	Pfam	PF00931	NB-ARC domain	466	532	3.2E-6	T	17-02-2017	IPR002182	NB-ARC
9654|T500-R1	ad352b298ccfb98daa17367063fe9d6c	881	Pfam	PF13855	Leucine rich repeat	539	600	8.1E-11	T	17-02-2017	IPR001611	Leucine-rich repeat
9654|T502-R1	92bc8208892f5fb2a45df2f272155c39	981	Pfam	PF00931	NB-ARC domain	155	432	8.3E-69	T	17-02-2017	IPR002182	NB-ARC
9654|T511-R1	ba991a1a3c82a9c82d742593e9adc818	445	Pfam	PF01582	TIR domain	15	184	2.2E-33	T	17-02-2017	IPR000157	Toll/interleukin-1 receptor homology (TIR) domain
9654|T511-R1	ba991a1a3c82a9c82d742593e9adc818	445	Pfam	PF01582	TIR domain	217	377	1.6E-22	T	17-02-2017	IPR000157	Toll/interleukin-1 receptor homology (TIR) domain
9654|T516-R1	57ce0eabcd09aea2042123f67047df12	997	Pfam	PF01582	TIR domain	14	189	1.8E-51	T	17-02-2017	IPR000157	Toll/interleukin-1 receptor homology (TIR) domain
9654|T516-R1	57ce0eabcd09aea2042123f67047df12	997	Pfam	PF00931	NB-ARC domain	191	445	7.7E-25	T	17-02-2017	IPR002182	NB-ARC
9654|T519-R1	9da664a77dc270f566ef31f66d62ec90	479	Pfam	PF00931	NB-ARC domain	4	90	7.7E-13	T	17-02-2017	IPR002182	NB-ARC
9654|T523-R1	05615296bf66b5369c6c13df77861e2d	860	Pfam	PF00931	NB-ARC domain	146	416	5.5E-78	T	17-02-2017	IPR002182	NB-ARC
9654|T523-R1	05615296bf66b5369c6c13df77861e2d	860	Pfam	PF13855	Leucine rich repeat	513	568	3.4E-9	T	17-02-2017	IPR001611	Leucine-rich repeat
9654|T526-R1	ce2038989c0beb80180b9e268b26ae32	824	Pfam	PF00931	NB-ARC domain	168	258	6.7E-21	T	17-02-2017	IPR002182	NB-ARC
9654|T526-R1	ce2038989c0beb80180b9e268b26ae32	824	Pfam	PF00931	NB-ARC domain	260	426	5.6E-37	T	17-02-2017	IPR002182	NB-ARC
9654|T526-R1	NA	824	Coils	Coil	maj_vote_coils_paircoils_nlrparser	27	60	NA	NA	NA	NA	NA	NA	NA
9654|T531-R1	dd59adee1101e02a7f94a4aa9bb75804	1086	Pfam	PF01582	TIR domain	13	206	1.1E-47	T	17-02-2017	IPR000157	Toll/interleukin-1 receptor homology (TIR) domain
9654|T531-R1	dd59adee1101e02a7f94a4aa9bb75804	1086	Pfam	PF00931	NB-ARC domain	209	465	3.5E-29	T	17-02-2017	IPR002182	NB-ARC
9654|T531-R1	dd59adee1101e02a7f94a4aa9bb75804	1086	Pfam	PF07725	Leucine Rich Repeat	629	647	9.5E-9	T	17-02-2017	IPR011713	Leucine-rich repeat 3
9654|T533-R1	b78b3d6a04c350635e7f5a98d8cbd18c	1083	Pfam	PF00931	NB-ARC domain	12	183	2.2E-9	T	17-02-2017	IPR002182	NB-ARC
9654|T538-R1	bd06eb5bf76cc619d2f9b740f3dfa258	245	Pfam	PF01582	TIR domain	13	188	4.0E-50	T	17-02-2017	IPR000157	Toll/interleukin-1 receptor homology (TIR) domain
9654|T541-R1	d7583129c563ad67f0c0f57203c5ad0d	255	Pfam	PF01582	TIR domain	12	186	2.4E-27	T	17-02-2017	IPR000157	Toll/interleukin-1 receptor homology (TIR) domain
9654|T544-R1	10813e147ce107d5fcd57608b0621ccf	313	Pfam	PF01582	TIR domain	8	170	8.4E-38	T	17-02-2017	IPR000157	Toll/interleukin-1 receptor homology (TIR) domain
9654|T548-R1	6aad497eee7b9d638477d10a89a73e21	1194	Pfam	PF00931	NB-ARC domain	247	509	1.1E-20	T	17-02-2017	IPR002182	NB-ARC
9654|T548-R1	6aad497eee7b9d638477d10a89a73e21	1194	Pfam	PF01582	TIR domain	60	243	3.0E-45	T	17-02-2017	IPR000157	Toll/interleukin-1 receptor homology (TIR) domain
9654|T548-R1	6aad497eee7b9d638477d10a89a73e21	1194	Pfam	PF07725	Leucine Rich Repeat	669	686	5.1E-6	T	17-02-2017	IPR011713	Leucine-rich repeat 3
9654|T550-R1	a336cecf8a875807f9c332874c4b407f	1052	Pfam	PF01582	TIR domain	1	102	1.9E-12	T	17-02-2017	IPR000157	Toll/interleukin-1 receptor homology (TIR) domain
9654|T550-R1	a336cecf8a875807f9c332874c4b407f	1052	Pfam	PF00931	NB-ARC domain	106	365	7.6E-27	T	17-02-2017	IPR002182	NB-ARC
9654|T550-R1	a336cecf8a875807f9c332874c4b407f	1052	Pfam	PF07725	Leucine Rich Repeat	531	550	8.4E-7	T	17-02-2017	IPR011713	Leucine-rich repeat 3
9654|T554-R1	8c761fc14d677e87aa9b328e9c385377	1120	Pfam	PF00931	NB-ARC domain	249	511	5.6E-26	T	17-02-2017	IPR002182	NB-ARC
9654|T554-R1	8c761fc14d677e87aa9b328e9c385377	1120	Pfam	PF01582	TIR domain	53	247	7.2E-51	T	17-02-2017	IPR000157	Toll/interleukin-1 receptor homology (TIR) domain
9654|T554-R1	8c761fc14d677e87aa9b328e9c385377	1120	Pfam	PF07725	Leucine Rich Repeat	671	689	6.7E-8	T	17-02-2017	IPR011713	Leucine-rich repeat 3
9654|T555-R1	1eb2a96786fe95a708e84124d0446377	977	Pfam	PF01582	TIR domain	13	177	7.2E-43	T	17-02-2017	IPR000157	Toll/interleukin-1 receptor homology (TIR) domain
9654|T555-R1	1eb2a96786fe95a708e84124d0446377	977	Pfam	PF00931	NB-ARC domain	192	428	1.9E-12	T	17-02-2017	IPR002182	NB-ARC
9654|T555-R1	1eb2a96786fe95a708e84124d0446377	977	Pfam	PF07725	Leucine Rich Repeat	601	620	4.8E-7	T	17-02-2017	IPR011713	Leucine-rich repeat 3
9654|T558-R1	51e132eddef5f90ada3fc50529f879a6	608	Pfam	PF00931	NB-ARC domain	27	248	1.4E-12	T	17-02-2017	IPR002182	NB-ARC
9654|T558-R1	51e132eddef5f90ada3fc50529f879a6	608	Pfam	PF08381	Transcription factor regulating root and shoot growth via Pin3	276	327	4.7E-14	T	17-02-2017	IPR013591	Brevis radix (BRX) domain
9654|T558-R1	51e132eddef5f90ada3fc50529f879a6	608	Pfam	PF08381	Transcription factor regulating root and shoot growth via Pin3	380	433	5.0E-17	T	17-02-2017	IPR013591	Brevis radix (BRX) domain
9654|T569-R1	589335735260bf4e7804459407baa425	347	Pfam	PF00931	NB-ARC domain	60	309	1.4E-25	T	17-02-2017	IPR002182	NB-ARC
9654|T575-R1	3915e2d067884d12272ee21cdecd233a	1245	Pfam	PF00931	NB-ARC domain	195	449	4.0E-20	T	17-02-2017	IPR002182	NB-ARC
9654|T575-R1	3915e2d067884d12272ee21cdecd233a	1245	Pfam	PF01582	TIR domain	20	188	3.9E-49	T	17-02-2017	IPR000157	Toll/interleukin-1 receptor homology (TIR) domain
9654|T575-R1	3915e2d067884d12272ee21cdecd233a	1245	Pfam	PF07725	Leucine Rich Repeat	608	626	5.8E-7	T	17-02-2017	IPR011713	Leucine-rich repeat 3
9654|T577-R1	0f786c46be6dc4bf9e5fc66b1a830f4b	496	Pfam	PF00931	NB-ARC domain	219	421	1.3E-15	T	17-02-2017	IPR002182	NB-ARC
9654|T577-R1	0f786c46be6dc4bf9e5fc66b1a830f4b	496	Pfam	PF01582	TIR domain	39	213	3.7E-49	T	17-02-2017	IPR000157	Toll/interleukin-1 receptor homology (TIR) domain
9654|T580.1-R1	7f4c3db3c0cd9b3b12a9e16b4874f5df	331	Pfam	PF01582	TIR domain	22	193	8.3E-37	T	17-02-2017	IPR000157	Toll/interleukin-1 receptor homology (TIR) domain
9654|T580.1-R1	7f4c3db3c0cd9b3b12a9e16b4874f5df	331	Pfam	PF04859	Plant protein of unknown function (DUF641)	239	284	4.2E-6	T	17-02-2017	IPR006943	Domain of unknown function DUF641, plant
9654|T585-R1	d4a4c76c6fc951621e903991b1ebe120	152	Pfam	PF00931	NB-ARC domain	60	129	7.8E-8	T	17-02-2017	IPR002182	NB-ARC
9654|T590-R1	3745a3493e5c0ab807d0386664e0c791	856	Pfam	PF00931	NB-ARC domain	159	437	3.9E-92	T	17-02-2017	IPR002182	NB-ARC
9654|T590-R1	NA	856	Coils	Coil	maj_vote_coils_paircoils_nlrparser	26	66	NA	NA	NA	NA	NA	NA	NA
9654|T590-R1	3745a3493e5c0ab807d0386664e0c791	856	Pfam	PF13855	Leucine rich repeat	538	596	4.8E-11	T	17-02-2017	IPR001611	Leucine-rich repeat
9654|T592-R1	b1f78b5ee32e1f3780843829c7cdb8a4	942	Pfam	PF00931	NB-ARC domain	176	365	9.9E-16	T	17-02-2017	IPR002182	NB-ARC
9654|T592-R1	b1f78b5ee32e1f3780843829c7cdb8a4	942	Pfam	PF07725	Leucine Rich Repeat	528	546	1.1E-5	T	17-02-2017	IPR011713	Leucine-rich repeat 3
9654|T592-R1	b1f78b5ee32e1f3780843829c7cdb8a4	942	Pfam	PF01582	TIR domain	8	115	8.8E-26	T	17-02-2017	IPR000157	Toll/interleukin-1 receptor homology (TIR) domain
9654|T593.1-R1	bec2a38fbb237fb6d1656783337bc32c	141	Pfam	PF01582	TIR domain	3	76	8.5E-5	T	17-02-2017	IPR000157	Toll/interleukin-1 receptor homology (TIR) domain
9654|T593.1-R1	NA	141	Coils	Coil	maj_vote_coils_paircoils_nlrparser	59	93	NA	NA	NA	NA	NA	NA	NA
9654|T593.2-R1	416e04f7a738f2029ef60080378b1d61	157	Pfam	PF01582	TIR domain	12	144	8.2E-24	T	17-02-2017	IPR000157	Toll/interleukin-1 receptor homology (TIR) domain
9654|T594-R1	2ebe2d7d0b8a693871888fe108407030	165	Pfam	PF01582	TIR domain	11	144	4.1E-31	T	17-02-2017	IPR000157	Toll/interleukin-1 receptor homology (TIR) domain
9654|T601-R1	337efbe3aa02c186b73f095ab61bab28	623	Pfam	PF00931	NB-ARC domain	2	249	2.8E-29	T	17-02-2017	IPR002182	NB-ARC
9654|T611-R1	c5e44ad1fbdd0c0248164992c00e96e3	379	Pfam	PF00931	NB-ARC domain	152	367	1.8E-59	T	17-02-2017	IPR002182	NB-ARC
9654|T613-R1	240a7a63fe840e37e25eee2302446d79	1096	Pfam	PF01582	TIR domain	15	187	8.7E-51	T	17-02-2017	IPR000157	Toll/interleukin-1 receptor homology (TIR) domain
9654|T613-R1	240a7a63fe840e37e25eee2302446d79	1096	Pfam	PF00931	NB-ARC domain	192	447	2.0E-22	T	17-02-2017	IPR002182	NB-ARC
9654|T613-R1	240a7a63fe840e37e25eee2302446d79	1096	Pfam	PF07725	Leucine Rich Repeat	604	623	1.7E-10	T	17-02-2017	IPR011713	Leucine-rich repeat 3
9654|T614-R1	a3043d900429a81f41ad5c560ece025d	181	Pfam	PF05659	Arabidopsis broad-spectrum mildew resistance protein RPW8	3	143	2.6E-43	T	17-02-2017	IPR008808	Powdery mildew resistance protein, RPW8 domain
9654|T615-R1	938bb106e5f877b0f3a3f1c506cd7de4	102	Pfam	PF05659	Arabidopsis broad-spectrum mildew resistance protein RPW8	11	99	1.1E-15	T	17-02-2017	IPR008808	Powdery mildew resistance protein, RPW8 domain
9654|T616-R1	2db6fa577d1ee6492604d999e1320949	168	Pfam	PF05659	Arabidopsis broad-spectrum mildew resistance protein RPW8	3	140	1.6E-40	T	17-02-2017	IPR008808	Powdery mildew resistance protein, RPW8 domain
9654|T622.1-R1	74e5bed4b1a4dafd5f7330dd8d3adc46	682	Pfam	PF00931	NB-ARC domain	195	428	2.2E-19	T	17-02-2017	IPR002182	NB-ARC
9654|T622.1-R1	74e5bed4b1a4dafd5f7330dd8d3adc46	682	Pfam	PF01582	TIR domain	20	188	1.5E-49	T	17-02-2017	IPR000157	Toll/interleukin-1 receptor homology (TIR) domain
9654|T622.1-R1	74e5bed4b1a4dafd5f7330dd8d3adc46	682	Pfam	PF07725	Leucine Rich Repeat	546	564	3.0E-7	T	17-02-2017	IPR011713	Leucine-rich repeat 3
9654|T624-R1	4a8ae2acbef22722033083aa1151842d	592	Pfam	PF00931	NB-ARC domain	22	279	1.3E-18	T	17-02-2017	IPR002182	NB-ARC
9654|T624-R1	4a8ae2acbef22722033083aa1151842d	592	Pfam	PF07725	Leucine Rich Repeat	434	452	1.7E-7	T	17-02-2017	IPR011713	Leucine-rich repeat 3
9654|T624-R1	4a8ae2acbef22722033083aa1151842d	592	Pfam	PF00560	Leucine Rich Repeat	480	502	0.53	T	17-02-2017	IPR001611	Leucine-rich repeat
9654|T625-R1	d4f522817e2853fb8bae5b4c22a808c6	155	Pfam	PF01582	TIR domain	12	144	5.8E-48	T	17-02-2017	IPR000157	Toll/interleukin-1 receptor homology (TIR) domain
9654|T636-R1	7823c89858edca0cdc340e68cee35825	768	Pfam	PF01582	TIR domain	12	180	8.0E-32	T	17-02-2017	IPR000157	Toll/interleukin-1 receptor homology (TIR) domain
9654|T636-R1	7823c89858edca0cdc340e68cee35825	768	Pfam	PF00931	NB-ARC domain	262	529	2.8E-23	T	17-02-2017	IPR002182	NB-ARC
9654|T636-R1	7823c89858edca0cdc340e68cee35825	768	Pfam	PF07725	Leucine Rich Repeat	679	698	6.9E-7	T	17-02-2017	IPR011713	Leucine-rich repeat 3
9654|T642-R1	1c248ab6c77d8fc411b22a5b4fe4d71e	161	Pfam	PF01582	TIR domain	13	145	1.4E-44	T	17-02-2017	IPR000157	Toll/interleukin-1 receptor homology (TIR) domain
9654|T649-R1	615f2414c93c6e37cb1ca522adc8cc65	457	Pfam	PF01582	TIR domain	11	163	5.0E-23	T	17-02-2017	IPR000157	Toll/interleukin-1 receptor homology (TIR) domain
9654|T649-R1	615f2414c93c6e37cb1ca522adc8cc65	457	Pfam	PF00931	NB-ARC domain	216	432	4.2E-20	T	17-02-2017	IPR002182	NB-ARC
9654|T650-R1	9cd567ec09f58188f65d20cd9d3430d1	199	Pfam	PF01582	TIR domain	38	135	4.7E-20	T	17-02-2017	IPR000157	Toll/interleukin-1 receptor homology (TIR) domain
9654|T664-R1	b2438b7e45af4cc1872ae4aec43666c1	102	Pfam	PF05659	Arabidopsis broad-spectrum mildew resistance protein RPW8	2	74	4.8E-19	T	17-02-2017	IPR008808	Powdery mildew resistance protein, RPW8 domain
9654|T665-R1	68e1c1cda304fd657a1c16f6f15b9fd2	148	Pfam	PF05659	Arabidopsis broad-spectrum mildew resistance protein RPW8	7	137	1.9E-31	T	17-02-2017	IPR008808	Powdery mildew resistance protein, RPW8 domain
9654|T666-R1	f4b9c4aa129ca8673d437f16b3335f12	98	Pfam	PF05659	Arabidopsis broad-spectrum mildew resistance protein RPW8	3	98	7.9E-27	T	17-02-2017	IPR008808	Powdery mildew resistance protein, RPW8 domain
