ALYR|T01017-R1	5319882c4899c15feb0930488ece04e2	175	Pfam	PF01582	TIR domain	11	170	4.5E-36	T	15-06-2017	IPR000157	Toll/interleukin-1 receptor homology (TIR) domain
ALYR|T01199-R1	NA	880	Coils	Coil	maj_vote_coils_paircoils_nlrparser	13	65	NA	NA	NA	NA	NA	NA	NA
ALYR|T01199-R1	b0e5f7ca104066d37aafe116e3a0907a	880	Pfam	PF00931	NB-ARC domain	169	456	1.2E-94	T	15-06-2017	IPR002182	NB-ARC
ALYR|T01366-R1	27c6a04a45b8aa202e2aea57c282ad59	883	Pfam	PF00931	NB-ARC domain	161	443	8.1E-103	T	15-06-2017	IPR002182	NB-ARC
ALYR|T01366-R1	NA	883	Coils	Coil	maj_vote_coils_paircoils_nlrparser	29	49	NA	NA	NA	NA	NA	NA	NA
ALYR|T01366-R1	27c6a04a45b8aa202e2aea57c282ad59	883	Pfam	PF13855	Leucine rich repeat	538	597	3.1E-12	T	15-06-2017	IPR001611	Leucine-rich repeat
ALYR|T01368-R1	f193c436bc1b9b6c6d30a3879d36d8bd	709	Pfam	PF00931	NB-ARC domain	40	321	1.5E-101	T	15-06-2017	IPR002182	NB-ARC
ALYR|T01368-R1	f193c436bc1b9b6c6d30a3879d36d8bd	709	Pfam	PF13855	Leucine rich repeat	420	476	3.6E-10	T	15-06-2017	IPR001611	Leucine-rich repeat
ALYR|T01375-R1	a5a877200a237238b8029be9473d7cba	858	Pfam	PF00931	NB-ARC domain	160	354	3.6E-65	T	15-06-2017	IPR002182	NB-ARC
ALYR|T01375-R1	NA	858	Coils	Coil	maj_vote_coils_paircoils_nlrparser	36	56	NA	NA	NA	NA	NA	NA	NA
ALYR|T01375-R1	a5a877200a237238b8029be9473d7cba	858	Pfam	PF00931	NB-ARC domain	363	405	1.9E-9	T	15-06-2017	IPR002182	NB-ARC
ALYR|T01375-R1	a5a877200a237238b8029be9473d7cba	858	Pfam	PF13855	Leucine rich repeat	503	561	4.9E-10	T	15-06-2017	IPR001611	Leucine-rich repeat
ALYR|T01376-R1	aec768be7dcff22644034b7e996a3a54	883	Pfam	PF00931	NB-ARC domain	160	438	6.2E-91	T	15-06-2017	IPR002182	NB-ARC
ALYR|T01376-R1	NA	883	Coils	Coil	maj_vote_coils_paircoils_nlrparser	27	65	NA	NA	NA	NA	NA	NA	NA
ALYR|T01376-R1	aec768be7dcff22644034b7e996a3a54	883	Pfam	PF13855	Leucine rich repeat	540	599	3.8E-12	T	15-06-2017	IPR001611	Leucine-rich repeat
ALYR|T01864-R1	aae7b959616d7016e9f155ff835d57d1	517	Pfam	PF00931	NB-ARC domain	190	346	3.0E-45	T	15-06-2017	IPR002182	NB-ARC
ALYR|T01864-R1	aae7b959616d7016e9f155ff835d57d1	517	Pfam	PF13855	Leucine rich repeat	384	443	4.7E-7	T	15-06-2017	IPR001611	Leucine-rich repeat
ALYR|T01864-R1	NA	517	Coils	Coil	maj_vote_coils_paircoils_nlrparser	69	96	NA	NA	NA	NA	NA	NA	NA
ALYR|T01868-R1	b58a8890fca772593bb5d240ec4aedd1	695	Pfam	PF00931	NB-ARC domain	189	326	3.7E-45	T	15-06-2017	IPR002182	NB-ARC
ALYR|T01868-R1	NA	695	Coils	Coil	maj_vote_coils_paircoils_nlrparser	29	63	NA	NA	NA	NA	NA	NA	NA
ALYR|T01868-R1	b58a8890fca772593bb5d240ec4aedd1	695	Pfam	PF13855	Leucine rich repeat	424	482	2.3E-10	T	15-06-2017	IPR001611	Leucine-rich repeat
ALYR|T02056.2-R1	c3e2dcc35d760be5de3ff59ae7acd486	1053	Pfam	PF01582	TIR domain	11	175	2.1E-40	T	15-06-2017	IPR000157	Toll/interleukin-1 receptor homology (TIR) domain
ALYR|T02056.2-R1	c3e2dcc35d760be5de3ff59ae7acd486	1053	Pfam	PF00931	NB-ARC domain	188	439	3.9E-25	T	15-06-2017	IPR002182	NB-ARC
ALYR|T02057-R1	1f09ae66d2a38441b2c7ef8112676c10	393	Pfam	PF00931	NB-ARC domain	240	379	6.1E-9	T	15-06-2017	IPR002182	NB-ARC
ALYR|T02057-R1	1f09ae66d2a38441b2c7ef8112676c10	393	Pfam	PF01582	TIR domain	28	115	2.1E-8	T	15-06-2017	IPR000157	Toll/interleukin-1 receptor homology (TIR) domain
ALYR|T02058-R1	a7c955acae01395aed83966d383e22aa	380	Pfam	PF01582	TIR domain	13	178	5.1E-46	T	15-06-2017	IPR000157	Toll/interleukin-1 receptor homology (TIR) domain
ALYR|T03017-R1	931cc8e8418296639724de6e5ada7251	1488	Pfam	PF01582	TIR domain	140	206	2.6E-14	T	15-06-2017	IPR000157	Toll/interleukin-1 receptor homology (TIR) domain
ALYR|T03017-R1	931cc8e8418296639724de6e5ada7251	1488	Pfam	PF01582	TIR domain	17	139	7.7E-19	T	15-06-2017	IPR000157	Toll/interleukin-1 receptor homology (TIR) domain
ALYR|T03017-R1	931cc8e8418296639724de6e5ada7251	1488	Pfam	PF00931	NB-ARC domain	295	565	2.1E-33	T	15-06-2017	IPR002182	NB-ARC
ALYR|T03018-R1	07dc271b5f32b9d88213ee2282845533	1391	Pfam	PF01582	TIR domain	11	183	1.6E-34	T	15-06-2017	IPR000157	Toll/interleukin-1 receptor homology (TIR) domain
ALYR|T03018-R1	07dc271b5f32b9d88213ee2282845533	1391	Pfam	PF00931	NB-ARC domain	203	473	2.2E-31	T	15-06-2017	IPR002182	NB-ARC
ALYR|T03019-R1	5d5ed7d5e16ef702d7503f90fa9fbd28	1541	Pfam	PF01582	TIR domain	16	147	1.4E-25	T	15-06-2017	IPR000157	Toll/interleukin-1 receptor homology (TIR) domain
ALYR|T03019-R1	5d5ed7d5e16ef702d7503f90fa9fbd28	1541	Pfam	PF01582	TIR domain	175	343	8.3E-36	T	15-06-2017	IPR000157	Toll/interleukin-1 receptor homology (TIR) domain
ALYR|T03019-R1	5d5ed7d5e16ef702d7503f90fa9fbd28	1541	Pfam	PF00931	NB-ARC domain	366	622	3.6E-32	T	15-06-2017	IPR002182	NB-ARC
ALYR|T03020-R1	dbf2eeeaca9640d729ba8747b2ea327d	1375	Pfam	PF01582	TIR domain	13	181	1.3E-35	T	15-06-2017	IPR000157	Toll/interleukin-1 receptor homology (TIR) domain
ALYR|T03020-R1	dbf2eeeaca9640d729ba8747b2ea327d	1375	Pfam	PF00931	NB-ARC domain	205	464	3.1E-35	T	15-06-2017	IPR002182	NB-ARC
ALYR|T04253-R1	638fb3f4417a9e1f20a1a6e5a8cc3af7	788	Pfam	PF05659	Arabidopsis broad-spectrum mildew resistance protein RPW8	12	119	1.2E-12	T	15-06-2017	IPR008808	Powdery mildew resistance protein, RPW8 domain
ALYR|T04253-R1	638fb3f4417a9e1f20a1a6e5a8cc3af7	788	Pfam	PF00931	NB-ARC domain	239	417	2.4E-29	T	15-06-2017	IPR002182	NB-ARC
ALYR|T04579-R1	26afde35a6b3d62543cd5be4c50c26f1	406	Pfam	PF12315	Protein DA1	174	377	2.8E-73	T	15-06-2017	IPR022087	Protein DA1-like
ALYR|T04579-R1	26afde35a6b3d62543cd5be4c50c26f1	406	Pfam	PF05659	Arabidopsis broad-spectrum mildew resistance protein RPW8	2	85	1.5E-21	T	15-06-2017	IPR008808	Powdery mildew resistance protein, RPW8 domain
ALYR|T05599-R1	e84b20f2a30226f438c3374c8e6cfbbb	696	Pfam	PF00931	NB-ARC domain	252	410	3.1E-12	T	15-06-2017	IPR002182	NB-ARC
ALYR|T05599-R1	e84b20f2a30226f438c3374c8e6cfbbb	696	Pfam	PF01582	TIR domain	56	126	3.2E-22	T	15-06-2017	IPR000157	Toll/interleukin-1 receptor homology (TIR) domain
ALYR|T05599-R1	e84b20f2a30226f438c3374c8e6cfbbb	696	Pfam	PF07725	Leucine Rich Repeat	566	585	9.4E-8	T	15-06-2017	IPR011713	Leucine-rich repeat 3
ALYR|T06359-R1	e1ecea1a79d153d65d3315bfa792f1d6	65	Pfam	PF01582	TIR domain	14	62	8.4E-10	T	15-06-2017	IPR000157	Toll/interleukin-1 receptor homology (TIR) domain
ALYR|T06457-R1	f7977fdef6e7f41d630aa4ffd1aadaed	903	Pfam	PF00931	NB-ARC domain	168	459	3.1E-76	T	15-06-2017	IPR002182	NB-ARC
ALYR|T06457-R1	NA	903	Coils	Coil	maj_vote_coils_paircoils_nlrparser	31	51	NA	NA	NA	NA	NA	NA	NA
ALYR|T06974-R1	2799b0958236417b31bc450559522620	379	Pfam	PF00931	NB-ARC domain	152	367	9.1E-60	T	15-06-2017	IPR002182	NB-ARC
ALYR|T07017-R1	7848f07ed451f0c903ea78b9697f9a94	195	Pfam	PF01582	TIR domain	38	135	2.5E-19	T	15-06-2017	IPR000157	Toll/interleukin-1 receptor homology (TIR) domain
ALYR|T08133-R1	2db1b6cffcb236dc54d533ff816d9276	1074	Pfam	PF01582	TIR domain	14	187	2.7E-50	T	15-06-2017	IPR000157	Toll/interleukin-1 receptor homology (TIR) domain
ALYR|T08133-R1	2db1b6cffcb236dc54d533ff816d9276	1074	Pfam	PF00931	NB-ARC domain	195	449	1.0E-24	T	15-06-2017	IPR002182	NB-ARC
ALYR|T08133-R1	2db1b6cffcb236dc54d533ff816d9276	1074	Pfam	PF07725	Leucine Rich Repeat	604	623	1.4E-8	T	15-06-2017	IPR011713	Leucine-rich repeat 3
ALYR|T08139-R1	84c254cf39826a44a226f8906e0ae9d9	298	Pfam	PF00931	NB-ARC domain	167	290	2.0E-36	T	15-06-2017	IPR002182	NB-ARC
ALYR|T08141-R1	8a1052933f773d0981033e6666aaabaa	575	Pfam	PF00931	NB-ARC domain	3	110	1.1E-29	T	15-06-2017	IPR002182	NB-ARC
ALYR|T08405-R1	c83e46e19d565d84097db0b95c4335ea	531	Pfam	PF07725	Leucine Rich Repeat	276	295	1.1E-8	T	15-06-2017	IPR011713	Leucine-rich repeat 3
ALYR|T08405-R1	c83e46e19d565d84097db0b95c4335ea	531	Pfam	PF00931	NB-ARC domain	53	237	1.1E-13	T	15-06-2017	IPR002182	NB-ARC
ALYR|T08427-R1	7399e4481be885bda866402ece192e7e	176	Pfam	PF00931	NB-ARC domain	12	165	2.1E-9	T	15-06-2017	IPR002182	NB-ARC
ALYR|T08431-R1	cfb03e9ada96797d4fe53c06505f670b	809	Pfam	PF00931	NB-ARC domain	212	467	4.7E-26	T	15-06-2017	IPR002182	NB-ARC
ALYR|T08431-R1	cfb03e9ada96797d4fe53c06505f670b	809	Pfam	PF01582	TIR domain	35	210	2.4E-50	T	15-06-2017	IPR000157	Toll/interleukin-1 receptor homology (TIR) domain
ALYR|T08433-R1	211a13a9e731469cf15952eaa8414f92	790	Pfam	PF01582	TIR domain	13	202	1.9E-47	T	15-06-2017	IPR000157	Toll/interleukin-1 receptor homology (TIR) domain
ALYR|T08433-R1	211a13a9e731469cf15952eaa8414f92	790	Pfam	PF00931	NB-ARC domain	204	458	2.3E-23	T	15-06-2017	IPR002182	NB-ARC
ALYR|T08433-R1	211a13a9e731469cf15952eaa8414f92	790	Pfam	PF07725	Leucine Rich Repeat	622	641	1.1E-9	T	15-06-2017	IPR011713	Leucine-rich repeat 3
ALYR|T08560-R1	f5d579d8dd7bdfbee54d5cfe91e342e9	777	Pfam	PF00931	NB-ARC domain	198	458	2.9E-22	T	15-06-2017	IPR002182	NB-ARC
ALYR|T08560-R1	f5d579d8dd7bdfbee54d5cfe91e342e9	777	Pfam	PF01582	TIR domain	22	195	5.3E-52	T	15-06-2017	IPR000157	Toll/interleukin-1 receptor homology (TIR) domain
ALYR|T08560-R1	f5d579d8dd7bdfbee54d5cfe91e342e9	777	Pfam	PF07725	Leucine Rich Repeat	613	632	4.0E-10	T	15-06-2017	IPR011713	Leucine-rich repeat 3
ALYR|T08563-R1	bd5ac4aea9bf31b188b1fc60d611b482	496	Pfam	PF00931	NB-ARC domain	207	467	2.3E-23	T	15-06-2017	IPR002182	NB-ARC
ALYR|T08563-R1	bd5ac4aea9bf31b188b1fc60d611b482	496	Pfam	PF01582	TIR domain	30	204	1.1E-52	T	15-06-2017	IPR000157	Toll/interleukin-1 receptor homology (TIR) domain
ALYR|T08566-R1	aefbe6959150567ffbef5f4930bc5084	390	Pfam	PF01582	TIR domain	22	197	6.0E-54	T	15-06-2017	IPR000157	Toll/interleukin-1 receptor homology (TIR) domain
ALYR|T08566-R1	aefbe6959150567ffbef5f4930bc5084	390	Pfam	PF01582	TIR domain	220	377	2.8E-49	T	15-06-2017	IPR000157	Toll/interleukin-1 receptor homology (TIR) domain
ALYR|T08567-R1	01be1c30245658ce0f64fcea69f3f051	731	Pfam	PF00931	NB-ARC domain	18	275	6.5E-21	T	15-06-2017	IPR002182	NB-ARC
ALYR|T08567-R1	01be1c30245658ce0f64fcea69f3f051	731	Pfam	PF07725	Leucine Rich Repeat	416	435	1.8E-6	T	15-06-2017	IPR011713	Leucine-rich repeat 3
ALYR|T08579-R1	6c693d75a7656708a13934e311ee4af5	928	Pfam	PF00931	NB-ARC domain	202	462	2.8E-22	T	15-06-2017	IPR002182	NB-ARC
ALYR|T08579-R1	6c693d75a7656708a13934e311ee4af5	928	Pfam	PF01582	TIR domain	23	198	3.2E-53	T	15-06-2017	IPR000157	Toll/interleukin-1 receptor homology (TIR) domain
ALYR|T08579-R1	6c693d75a7656708a13934e311ee4af5	928	Pfam	PF07725	Leucine Rich Repeat	619	638	9.9E-7	T	15-06-2017	IPR011713	Leucine-rich repeat 3
ALYR|T08588-R1	1f8fd97893e5bb1ac6a825f86165a996	387	Pfam	PF01582	TIR domain	9	173	5.9E-34	T	15-06-2017	IPR000157	Toll/interleukin-1 receptor homology (TIR) domain
ALYR|T08819-R2	0388badcb5d3b42031473863cb7cb56b	942	Pfam	PF01582	TIR domain	15	190	1.7E-52	T	15-06-2017	IPR000157	Toll/interleukin-1 receptor homology (TIR) domain
ALYR|T08819-R2	0388badcb5d3b42031473863cb7cb56b	942	Pfam	PF00931	NB-ARC domain	193	450	9.1E-26	T	15-06-2017	IPR002182	NB-ARC
ALYR|T08819-R2	0388badcb5d3b42031473863cb7cb56b	942	Pfam	PF07725	Leucine Rich Repeat	552	570	2.7E-5	T	15-06-2017	IPR011713	Leucine-rich repeat 3
ALYR|T08820-R1	8ccb490c21b697837f58530d289018d9	906	Pfam	PF01582	TIR domain	14	182	1.1E-52	T	15-06-2017	IPR000157	Toll/interleukin-1 receptor homology (TIR) domain
ALYR|T08820-R1	8ccb490c21b697837f58530d289018d9	906	Pfam	PF00931	NB-ARC domain	234	390	2.8E-16	T	15-06-2017	IPR002182	NB-ARC
ALYR|T08820-R1	8ccb490c21b697837f58530d289018d9	906	Pfam	PF07725	Leucine Rich Repeat	548	567	1.2E-8	T	15-06-2017	IPR011713	Leucine-rich repeat 3
ALYR|T08822-R1	5e5586c26aac78cf16e50a1b0a45a772	1056	Pfam	PF01582	TIR domain	13	187	3.3E-51	T	15-06-2017	IPR000157	Toll/interleukin-1 receptor homology (TIR) domain
ALYR|T08822-R1	5e5586c26aac78cf16e50a1b0a45a772	1056	Pfam	PF00931	NB-ARC domain	191	445	1.8E-24	T	15-06-2017	IPR002182	NB-ARC
ALYR|T08822-R1	5e5586c26aac78cf16e50a1b0a45a772	1056	Pfam	PF07725	Leucine Rich Repeat	599	618	4.2E-6	T	15-06-2017	IPR011713	Leucine-rich repeat 3
ALYR|T08824-R1	3635f9f204d105ab9cb1c8d4b0e078b1	1092	Pfam	PF01582	TIR domain	17	189	7.2E-49	T	15-06-2017	IPR000157	Toll/interleukin-1 receptor homology (TIR) domain
ALYR|T08824-R1	3635f9f204d105ab9cb1c8d4b0e078b1	1092	Pfam	PF00931	NB-ARC domain	196	446	1.0E-26	T	15-06-2017	IPR002182	NB-ARC
ALYR|T08824-R1	3635f9f204d105ab9cb1c8d4b0e078b1	1092	Pfam	PF07725	Leucine Rich Repeat	602	619	5.4E-5	T	15-06-2017	IPR011713	Leucine-rich repeat 3
ALYR|T08838.N1-R1	6b8d7e442ee8cdad203d0bd00404e624	965	Pfam	PF01582	TIR domain	12	188	2.5E-51	T	15-06-2017	IPR000157	Toll/interleukin-1 receptor homology (TIR) domain
ALYR|T08838.N1-R1	6b8d7e442ee8cdad203d0bd00404e624	965	Pfam	PF00931	NB-ARC domain	189	445	5.6E-23	T	15-06-2017	IPR002182	NB-ARC
ALYR|T08838.N1-R1	6b8d7e442ee8cdad203d0bd00404e624	965	Pfam	PF07725	Leucine Rich Repeat	602	621	1.7E-8	T	15-06-2017	IPR011713	Leucine-rich repeat 3
ALYR|T08838-R1	82c38f96901ee57e3f1f366d438ea0a5	1089	Pfam	PF01582	TIR domain	12	186	1.9E-52	T	15-06-2017	IPR000157	Toll/interleukin-1 receptor homology (TIR) domain
ALYR|T08838-R1	82c38f96901ee57e3f1f366d438ea0a5	1089	Pfam	PF00931	NB-ARC domain	189	449	3.7E-25	T	15-06-2017	IPR002182	NB-ARC
ALYR|T08838-R1	82c38f96901ee57e3f1f366d438ea0a5	1089	Pfam	PF07725	Leucine Rich Repeat	605	624	1.4E-8	T	15-06-2017	IPR011713	Leucine-rich repeat 3
ALYR|T09089-R1	36918bc40362e7d8d9085f182d2439a9	900	Pfam	PF00931	NB-ARC domain	158	438	1.6E-93	T	15-06-2017	IPR002182	NB-ARC
ALYR|T09089-R1	NA	900	Coils	Coil	maj_vote_coils_paircoils_nlrparser	22	73	NA	NA	NA	NA	NA	NA	NA
ALYR|T09089-R1	36918bc40362e7d8d9085f182d2439a9	900	Pfam	PF13855	Leucine rich repeat	540	595	6.7E-10	T	15-06-2017	IPR001611	Leucine-rich repeat
ALYR|T09197-R1	b0733bce5bc0f74b846abc5953d718b9	790	Pfam	PF00931	NB-ARC domain	1	278	4.4E-89	T	15-06-2017	IPR002182	NB-ARC
ALYR|T09197-R1	b0733bce5bc0f74b846abc5953d718b9	790	Pfam	PF13855	Leucine rich repeat	383	441	3.9E-11	T	15-06-2017	IPR001611	Leucine-rich repeat
ALYR|T09266-R1	02dc5608bbf0b3fd3a98ae59b912a840	1063	Pfam	PF00931	NB-ARC domain	207	460	8.0E-25	T	15-06-2017	IPR002182	NB-ARC
ALYR|T09266-R1	02dc5608bbf0b3fd3a98ae59b912a840	1063	Pfam	PF01582	TIR domain	29	204	1.6E-53	T	15-06-2017	IPR000157	Toll/interleukin-1 receptor homology (TIR) domain
ALYR|T09266-R1	02dc5608bbf0b3fd3a98ae59b912a840	1063	Pfam	PF07725	Leucine Rich Repeat	591	610	1.7E-7	T	15-06-2017	IPR011713	Leucine-rich repeat 3
ALYR|T09358-R1	19b36197a5057bdb3a004e48b02894e7	907	Pfam	PF00931	NB-ARC domain	157	436	1.6E-103	T	15-06-2017	IPR002182	NB-ARC
ALYR|T09358-R1	NA	907	Coils	Coil	maj_vote_coils_paircoils_nlrparser	28	62	NA	NA	NA	NA	NA	NA	NA
ALYR|T09358-R1	19b36197a5057bdb3a004e48b02894e7	907	Pfam	PF13855	Leucine rich repeat	535	594	1.7E-9	T	15-06-2017	IPR001611	Leucine-rich repeat
ALYR|T09374-R1	488d9b4269b9caa23e9b7b7e6f61ee77	174	Pfam	PF01582	TIR domain	30	125	6.9E-14	T	15-06-2017	IPR000157	Toll/interleukin-1 receptor homology (TIR) domain
ALYR|T09429-R1	41a3e49e3f18ec32206c06a89403f2a5	229	Pfam	PF01582	TIR domain	25	192	4.2E-35	T	15-06-2017	IPR000157	Toll/interleukin-1 receptor homology (TIR) domain
ALYR|T09572-R1	5cbae8c724d23eaf13f819cce4fbc541	1037	Pfam	PF01582	TIR domain	14	188	7.1E-51	T	15-06-2017	IPR000157	Toll/interleukin-1 receptor homology (TIR) domain
ALYR|T09572-R1	5cbae8c724d23eaf13f819cce4fbc541	1037	Pfam	PF00931	NB-ARC domain	191	448	1.1E-27	T	15-06-2017	IPR002182	NB-ARC
ALYR|T09572-R1	5cbae8c724d23eaf13f819cce4fbc541	1037	Pfam	PF07725	Leucine Rich Repeat	599	616	5.6E-7	T	15-06-2017	IPR011713	Leucine-rich repeat 3
ALYR|T09602-R1	62e602fa650287e396c0660159a74f45	712	Pfam	PF00931	NB-ARC domain	1	265	1.7E-74	T	15-06-2017	IPR002182	NB-ARC
ALYR|T09618-R1	d15fb7793f6a2c747353bcdc9030dc01	299	Pfam	PF00931	NB-ARC domain	167	290	3.1E-34	T	15-06-2017	IPR002182	NB-ARC
ALYR|T09618-R1	NA	299	Coils	Coil	maj_vote_coils_paircoils_nlrparser	27	56	NA	NA	NA	NA	NA	NA	NA
ALYR|T09619-R1	dcab22b137b65d86846d9cededadf25a	395	Pfam	PF00931	NB-ARC domain	1	110	1.8E-25	T	15-06-2017	IPR002182	NB-ARC
ALYR|T09622-R1	8362a55ae726cab02b1cd02997acf07f	928	Pfam	PF00931	NB-ARC domain	167	481	3.8E-78	T	15-06-2017	IPR002182	NB-ARC
ALYR|T09649-R1	303d9fe1d2c50beb378ac332c154fa6b	717	Pfam	PF00931	NB-ARC domain	164	447	5.3E-86	T	15-06-2017	IPR002182	NB-ARC
ALYR|T09650-R1	2dc518e5112956633b6ce51aa9506ccd	1706	Pfam	PF00931	NB-ARC domain	1120	1364	1.0E-20	T	15-06-2017	IPR002182	NB-ARC
ALYR|T09650-R1	2dc518e5112956633b6ce51aa9506ccd	1706	Pfam	PF07725	Leucine Rich Repeat	1521	1540	8.1E-9	T	15-06-2017	IPR011713	Leucine-rich repeat 3
ALYR|T09650-R1	2dc518e5112956633b6ce51aa9506ccd	1706	Pfam	PF00931	NB-ARC domain	167	444	3.3E-84	T	15-06-2017	IPR002182	NB-ARC
ALYR|T09650-R1	2dc518e5112956633b6ce51aa9506ccd	1706	Pfam	PF01582	TIR domain	955	1091	7.0E-14	T	15-06-2017	IPR000157	Toll/interleukin-1 receptor homology (TIR) domain
ALYR|T09661-R1	47cdad8eb01fce9d74341647171e6d34	858	Pfam	PF00931	NB-ARC domain	125	409	2.4E-83	T	15-06-2017	IPR002182	NB-ARC
ALYR|T09664-R1	4cd8a7824789d12c62d749247eb383ac	410	Pfam	PF00931	NB-ARC domain	167	393	2.1E-69	T	15-06-2017	IPR002182	NB-ARC
ALYR|T09665-R1	a05fc728c90e20d00d5dbb49b19aee5b	900	Pfam	PF00931	NB-ARC domain	167	450	1.5E-81	T	15-06-2017	IPR002182	NB-ARC
ALYR|T09708-R1	7cc7007e12ebc62f7904e5766eb9c12e	926	Pfam	PF00931	NB-ARC domain	172	463	6.4E-80	T	15-06-2017	IPR002182	NB-ARC
ALYR|T09728-R1	592b8033827a96b6b837ee9278f72140	910	Pfam	PF00931	NB-ARC domain	168	458	6.6E-85	T	15-06-2017	IPR002182	NB-ARC
ALYR|T09730-R1	029d0f694e2055ba43b058772a882c00	283	Pfam	PF00931	NB-ARC domain	2	73	2.5E-12	T	15-06-2017	IPR002182	NB-ARC
ALYR|T09733-R1	b1f08166b1f6a7fb57f9385a9bb8dcf6	904	Pfam	PF00931	NB-ARC domain	166	453	5.0E-86	T	15-06-2017	IPR002182	NB-ARC
ALYR|T09917-R1	36a84972ae7fac2f7ed72674cfbc9505	1304	Pfam	PF02902	Ulp1 protease family, C-terminal catalytic domain	1087	1295	1.1E-50	T	15-06-2017	IPR003653	Ulp1 protease family, C-terminal catalytic domain
ALYR|T09917-R1	36a84972ae7fac2f7ed72674cfbc9505	1304	Pfam	PF09331	Domain of unknown function (DUF1985)	263	406	7.4E-28	T	15-06-2017	IPR015410	Domain of unknown function DUF1985
ALYR|T09917-R1	36a84972ae7fac2f7ed72674cfbc9505	1304	Pfam	PF01582	TIR domain	6	93	1.5E-20	T	15-06-2017	IPR000157	Toll/interleukin-1 receptor homology (TIR) domain
ALYR|T09941-R1	324b3c31ef82d161b73e4e06dc518819	205	Pfam	PF01582	TIR domain	5	166	9.1E-34	T	15-06-2017	IPR000157	Toll/interleukin-1 receptor homology (TIR) domain
ALYR|T10097.1-R1	f1d5e990dc24e0d21409f89204bf772c	1025	Pfam	PF01582	TIR domain	17	192	5.1E-50	T	15-06-2017	IPR000157	Toll/interleukin-1 receptor homology (TIR) domain
ALYR|T10097.1-R1	f1d5e990dc24e0d21409f89204bf772c	1025	Pfam	PF00931	NB-ARC domain	194	458	8.8E-19	T	15-06-2017	IPR002182	NB-ARC
ALYR|T10097.1-R1	f1d5e990dc24e0d21409f89204bf772c	1025	Pfam	PF07725	Leucine Rich Repeat	616	634	3.6E-6	T	15-06-2017	IPR011713	Leucine-rich repeat 3
ALYR|T10607-R1	274599277d885a6c2ab6571ea3d7105e	410	Pfam	PF01582	TIR domain	23	191	1.1E-30	T	15-06-2017	IPR000157	Toll/interleukin-1 receptor homology (TIR) domain
ALYR|T10607-R1	274599277d885a6c2ab6571ea3d7105e	410	Pfam	PF14299	Phloem protein 2	257	408	7.1E-37	T	15-06-2017	IPR025886	Phloem protein 2-like
ALYR|T10862-R1	50b53b4c06206a43f7d463bfffb83d6e	919	Pfam	PF00931	NB-ARC domain	231	490	7.3E-24	T	15-06-2017	IPR002182	NB-ARC
ALYR|T10862-R1	50b53b4c06206a43f7d463bfffb83d6e	919	Pfam	PF01582	TIR domain	49	225	1.3E-51	T	15-06-2017	IPR000157	Toll/interleukin-1 receptor homology (TIR) domain
ALYR|T10862-R1	50b53b4c06206a43f7d463bfffb83d6e	919	Pfam	PF07725	Leucine Rich Repeat	650	668	2.3E-8	T	15-06-2017	IPR011713	Leucine-rich repeat 3
ALYR|T10936-R1	877881cff78bf8da6aa683d9b87d309f	441	Pfam	PF00931	NB-ARC domain	153	354	7.7E-18	T	15-06-2017	IPR002182	NB-ARC
ALYR|T10936-R1	877881cff78bf8da6aa683d9b87d309f	441	Pfam	PF01582	TIR domain	3	145	4.5E-41	T	15-06-2017	IPR000157	Toll/interleukin-1 receptor homology (TIR) domain
ALYR|T11656-R1	24bd90eee0c73e847847472265824d77	501	Pfam	PF07725	Leucine Rich Repeat	430	449	2.6E-4	T	15-06-2017	IPR011713	Leucine-rich repeat 3
ALYR|T11656-R1	24bd90eee0c73e847847472265824d77	501	Pfam	PF01582	TIR domain	69	206	1.7E-44	T	15-06-2017	IPR000157	Toll/interleukin-1 receptor homology (TIR) domain
ALYR|T12084-R1	e65b139c4e8da81ac9b587fad85c00b2	880	Pfam	PF00931	NB-ARC domain	42	288	1.1E-23	T	15-06-2017	IPR002182	NB-ARC
ALYR|T12087-R1	e7fbdca30901cd69c2042cd567b23453	158	Pfam	PF01582	TIR domain	13	147	2.7E-40	T	15-06-2017	IPR000157	Toll/interleukin-1 receptor homology (TIR) domain
ALYR|T12088-R1	8570b98d83834482a2875b385525cc81	417	Pfam	PF01582	TIR domain	11	160	4.0E-30	T	15-06-2017	IPR000157	Toll/interleukin-1 receptor homology (TIR) domain
ALYR|T12088-R1	8570b98d83834482a2875b385525cc81	417	Pfam	PF00931	NB-ARC domain	162	397	2.1E-20	T	15-06-2017	IPR002182	NB-ARC
ALYR|T12089-R1	ecd82144f1de365bfe3fd88718fa0559	984	Pfam	PF00931	NB-ARC domain	15	270	1.5E-21	T	15-06-2017	IPR002182	NB-ARC
ALYR|T12089-R1	ecd82144f1de365bfe3fd88718fa0559	984	Pfam	PF07725	Leucine Rich Repeat	425	443	3.8E-6	T	15-06-2017	IPR011713	Leucine-rich repeat 3
ALYR|T12090-R1	96fa77a763b36940d9163cab1c1792e9	165	Pfam	PF01582	TIR domain	9	153	7.0E-37	T	15-06-2017	IPR000157	Toll/interleukin-1 receptor homology (TIR) domain
ALYR|T12091-R1	fb504eac2d8927e0f04e7295ae7124d8	469	Pfam	PF00931	NB-ARC domain	225	431	1.9E-19	T	15-06-2017	IPR002182	NB-ARC
ALYR|T12091-R1	fb504eac2d8927e0f04e7295ae7124d8	469	Pfam	PF01582	TIR domain	3	161	1.5E-17	T	15-06-2017	IPR000157	Toll/interleukin-1 receptor homology (TIR) domain
ALYR|T12091-R1	NA	469	Coils	Coil	maj_vote_coils_paircoils_nlrparser	411	431	NA	NA	NA	NA	NA	NA	NA
ALYR|T12095-R1	b042d515bca4b8bb4749079ac2f0b27e	436	Pfam	PF00931	NB-ARC domain	218	388	1.3E-13	T	15-06-2017	IPR002182	NB-ARC
ALYR|T12095-R1	b042d515bca4b8bb4749079ac2f0b27e	436	Pfam	PF01582	TIR domain	39	208	6.0E-52	T	15-06-2017	IPR000157	Toll/interleukin-1 receptor homology (TIR) domain
ALYR|T12096-R1	0152bba956984fc27ef6a1e553ac0174	109	Pfam	PF01582	TIR domain	8	104	1.4E-38	T	15-06-2017	IPR000157	Toll/interleukin-1 receptor homology (TIR) domain
ALYR|T12099-R1	9a42ac506f6e721247fe4d2f62205303	379	Pfam	PF00931	NB-ARC domain	184	345	8.0E-11	T	15-06-2017	IPR002182	NB-ARC
ALYR|T12099-R1	9a42ac506f6e721247fe4d2f62205303	379	Pfam	PF01582	TIR domain	8	176	8.2E-50	T	15-06-2017	IPR000157	Toll/interleukin-1 receptor homology (TIR) domain
ALYR|T12102-R1	689fcd3e4fb47ceae6a76cc9b4095f73	378	Pfam	PF00931	NB-ARC domain	189	349	4.2E-8	T	15-06-2017	IPR002182	NB-ARC
ALYR|T12102-R1	689fcd3e4fb47ceae6a76cc9b4095f73	378	Pfam	PF01582	TIR domain	8	188	4.8E-55	T	15-06-2017	IPR000157	Toll/interleukin-1 receptor homology (TIR) domain
ALYR|T12104-R1	9a44897dc16d605f1bf87711c43418ee	373	Pfam	PF01582	TIR domain	10	189	5.9E-53	T	15-06-2017	IPR000157	Toll/interleukin-1 receptor homology (TIR) domain
ALYR|T12862-R1	5c98a60e927ac9431037d4a9bc293067	216	Pfam	PF01582	TIR domain	66	201	1.4E-47	T	15-06-2017	IPR000157	Toll/interleukin-1 receptor homology (TIR) domain
ALYR|T12904-R1	b8e0e3d85b86dc43d7dc196ccff9521d	163	Pfam	PF01582	TIR domain	44	104	5.3E-14	T	15-06-2017	IPR000157	Toll/interleukin-1 receptor homology (TIR) domain
ALYR|T13485-R1	cf1d7513c8f8c8be4b0fb50388dea06f	333	Pfam	PF00931	NB-ARC domain	24	245	1.0E-14	T	15-06-2017	IPR002182	NB-ARC
ALYR|T13949-R1	adac30025c0ca26cf9f9971d8d14dcbd	819	Pfam	PF00931	NB-ARC domain	71	358	2.0E-99	T	15-06-2017	IPR002182	NB-ARC
ALYR|T14213-R1	a628b74a8bde25736009f2885481e64f	975	Pfam	PF01582	TIR domain	10	185	1.8E-49	T	15-06-2017	IPR000157	Toll/interleukin-1 receptor homology (TIR) domain
ALYR|T14213-R1	a628b74a8bde25736009f2885481e64f	975	Pfam	PF00931	NB-ARC domain	190	444	5.3E-19	T	15-06-2017	IPR002182	NB-ARC
ALYR|T14213-R1	a628b74a8bde25736009f2885481e64f	975	Pfam	PF07725	Leucine Rich Repeat	614	628	5.3E-6	T	15-06-2017	IPR011713	Leucine-rich repeat 3
ALYR|T14834-R1	0047bca823e1066b9900030db0dc963e	1086	Pfam	PF00931	NB-ARC domain	191	445	4.1E-60	T	15-06-2017	IPR002182	NB-ARC
ALYR|T14835-R1	ee2772a55d102889ff6bbbdb3bded0d4	1052	Pfam	PF00931	NB-ARC domain	177	460	8.6E-63	T	15-06-2017	IPR002182	NB-ARC
ALYR|T14835-R1	ee2772a55d102889ff6bbbdb3bded0d4	1052	Pfam	PF13855	Leucine rich repeat	579	635	1.5E-7	T	15-06-2017	IPR001611	Leucine-rich repeat
ALYR|T14989-R1	2ad6abc3c5f02f147ddee1c82e4459fd	378	Pfam	PF00931	NB-ARC domain	157	366	2.3E-57	T	15-06-2017	IPR002182	NB-ARC
ALYR|T14989-R1	NA	378	Coils	Coil	maj_vote_coils_paircoils_nlrparser	18	49	NA	NA	NA	NA	NA	NA	NA
ALYR|T16955-R1	f6897368fbba23bf2257c0fc51c3768f	415	Pfam	PF01582	TIR domain	13	188	3.2E-49	T	15-06-2017	IPR000157	Toll/interleukin-1 receptor homology (TIR) domain
ALYR|T16955-R1	f6897368fbba23bf2257c0fc51c3768f	415	Pfam	PF00931	NB-ARC domain	225	406	7.0E-16	T	15-06-2017	IPR002182	NB-ARC
ALYR|T18073-R1	ecfa32985cba175291da964fcbbd051b	616	Pfam	PF01582	TIR domain	14	169	2.4E-48	T	15-06-2017	IPR000157	Toll/interleukin-1 receptor homology (TIR) domain
ALYR|T18073-R1	ecfa32985cba175291da964fcbbd051b	616	Pfam	PF07725	Leucine Rich Repeat	456	474	4.2E-7	T	15-06-2017	IPR011713	Leucine-rich repeat 3
ALYR|T18526-R1	b655b898eba7322dbf961435f4a32dbc	295	Pfam	PF01582	TIR domain	2	162	2.8E-38	T	15-06-2017	IPR000157	Toll/interleukin-1 receptor homology (TIR) domain
ALYR|T18793-R1	2e43c9b729e3293219023b7840fe84a9	1098	Pfam	PF01582	TIR domain	12	187	2.3E-52	T	15-06-2017	IPR000157	Toll/interleukin-1 receptor homology (TIR) domain
ALYR|T18793-R1	2e43c9b729e3293219023b7840fe84a9	1098	Pfam	PF00931	NB-ARC domain	191	449	5.6E-24	T	15-06-2017	IPR002182	NB-ARC
ALYR|T18793-R1	2e43c9b729e3293219023b7840fe84a9	1098	Pfam	PF07725	Leucine Rich Repeat	600	619	3.1E-9	T	15-06-2017	IPR011713	Leucine-rich repeat 3
ALYR|T20472-R1	0c8617d5fe2f6d100e6f29e03042e374	1158	Pfam	PF01582	TIR domain	21	178	8.2E-27	T	15-06-2017	IPR000157	Toll/interleukin-1 receptor homology (TIR) domain
ALYR|T20472-R1	0c8617d5fe2f6d100e6f29e03042e374	1158	Pfam	PF00931	NB-ARC domain	288	443	3.4E-18	T	15-06-2017	IPR002182	NB-ARC
ALYR|T20472-R1	0c8617d5fe2f6d100e6f29e03042e374	1158	Pfam	PF07725	Leucine Rich Repeat	618	637	4.0E-6	T	15-06-2017	IPR011713	Leucine-rich repeat 3
ALYR|T20472-R1	0c8617d5fe2f6d100e6f29e03042e374	1158	Pfam	PF13855	Leucine rich repeat	732	788	1.1E-6	T	15-06-2017	IPR001611	Leucine-rich repeat
ALYR|T20480-R1	91f070a34c5bc69f7396109061d86d2a	1356	Pfam	PF01582	TIR domain	14	180	1.1E-28	T	15-06-2017	IPR000157	Toll/interleukin-1 receptor homology (TIR) domain
ALYR|T20480-R1	91f070a34c5bc69f7396109061d86d2a	1356	Pfam	PF01582	TIR domain	222	390	1.5E-34	T	15-06-2017	IPR000157	Toll/interleukin-1 receptor homology (TIR) domain
ALYR|T20480-R1	91f070a34c5bc69f7396109061d86d2a	1356	Pfam	PF00931	NB-ARC domain	399	623	7.1E-23	T	15-06-2017	IPR002182	NB-ARC
ALYR|T20480-R1	91f070a34c5bc69f7396109061d86d2a	1356	Pfam	PF07725	Leucine Rich Repeat	836	855	2.6E-6	T	15-06-2017	IPR011713	Leucine-rich repeat 3
ALYR|T22642-R1	a5938678202be6dba624a32bb4358e01	933	Pfam	PF01582	TIR domain	12	187	3.2E-49	T	15-06-2017	IPR000157	Toll/interleukin-1 receptor homology (TIR) domain
ALYR|T22642-R1	a5938678202be6dba624a32bb4358e01	933	Pfam	PF00931	NB-ARC domain	220	385	2.0E-21	T	15-06-2017	IPR002182	NB-ARC
ALYR|T22642-R1	a5938678202be6dba624a32bb4358e01	933	Pfam	PF07725	Leucine Rich Repeat	534	552	4.8E-8	T	15-06-2017	IPR011713	Leucine-rich repeat 3
ALYR|T22730-R1	eb1435f8142d60aa55d9b2feb4868a0a	484	Pfam	PF01582	TIR domain	12	189	4.3E-53	T	15-06-2017	IPR000157	Toll/interleukin-1 receptor homology (TIR) domain
ALYR|T22730-R1	eb1435f8142d60aa55d9b2feb4868a0a	484	Pfam	PF00931	NB-ARC domain	190	450	5.5E-28	T	15-06-2017	IPR002182	NB-ARC
ALYR|T22767-R1	06dcf786d69bed8655bffe7256037803	709	Pfam	PF00931	NB-ARC domain	109	263	1.2E-45	T	15-06-2017	IPR002182	NB-ARC
ALYR|T22767-R1	06dcf786d69bed8655bffe7256037803	709	Pfam	PF00931	NB-ARC domain	16	89	2.1E-14	T	15-06-2017	IPR002182	NB-ARC
ALYR|T22767-R1	06dcf786d69bed8655bffe7256037803	709	Pfam	PF13855	Leucine rich repeat	343	404	3.5E-10	T	15-06-2017	IPR001611	Leucine-rich repeat
ALYR|T26086-R1	f553b876b529bb2bd05f7996f2467758	203	Pfam	PF01582	TIR domain	8	179	1.5E-32	T	15-06-2017	IPR000157	Toll/interleukin-1 receptor homology (TIR) domain
ALYR|T26090-R1	2a365119dcb7d63250e6090adc4518fe	210	Pfam	PF01582	TIR domain	41	181	1.5E-30	T	15-06-2017	IPR000157	Toll/interleukin-1 receptor homology (TIR) domain
ALYR|T26091-R1	99888905e805c8007750d685fed5cfb2	203	Pfam	PF01582	TIR domain	8	179	3.3E-34	T	15-06-2017	IPR000157	Toll/interleukin-1 receptor homology (TIR) domain
ALYR|T26596-R1	1b172d62bf6f1b74decd37ea363ac32d	439	Pfam	PF00931	NB-ARC domain	233	435	1.4E-13	T	15-06-2017	IPR002182	NB-ARC
ALYR|T26596-R1	1b172d62bf6f1b74decd37ea363ac32d	439	Pfam	PF01582	TIR domain	53	229	2.5E-51	T	15-06-2017	IPR000157	Toll/interleukin-1 receptor homology (TIR) domain
ALYR|T26990-R1	ac1e1934d57dde4dabad8ad437b1d06d	1115	Pfam	PF01582	TIR domain	12	187	1.7E-49	T	15-06-2017	IPR000157	Toll/interleukin-1 receptor homology (TIR) domain
ALYR|T26990-R1	ac1e1934d57dde4dabad8ad437b1d06d	1115	Pfam	PF00931	NB-ARC domain	196	445	1.3E-17	T	15-06-2017	IPR002182	NB-ARC
ALYR|T26990-R1	ac1e1934d57dde4dabad8ad437b1d06d	1115	Pfam	PF07725	Leucine Rich Repeat	609	627	1.4E-4	T	15-06-2017	IPR011713	Leucine-rich repeat 3
ALYR|T27156-R1	f8adbdcf2a90bef11ec77eb3c559b4a0	1088	Pfam	PF00931	NB-ARC domain	231	490	2.7E-26	T	15-06-2017	IPR002182	NB-ARC
ALYR|T27156-R1	f8adbdcf2a90bef11ec77eb3c559b4a0	1088	Pfam	PF01582	TIR domain	53	229	5.9E-53	T	15-06-2017	IPR000157	Toll/interleukin-1 receptor homology (TIR) domain
ALYR|T28255-R1	2bfb4474e96cfed1394725f324e892df	824	Pfam	PF00931	NB-ARC domain	264	394	3.2E-9	T	15-06-2017	IPR002182	NB-ARC
ALYR|T28255-R1	2bfb4474e96cfed1394725f324e892df	824	Pfam	PF07725	Leucine Rich Repeat	519	535	2.1E-6	T	15-06-2017	IPR011713	Leucine-rich repeat 3
ALYR|T28255-R1	2bfb4474e96cfed1394725f324e892df	824	Pfam	PF01582	TIR domain	52	229	6.1E-51	T	15-06-2017	IPR000157	Toll/interleukin-1 receptor homology (TIR) domain
ALYR|T28262-R1	4a3352c792e77b71d197e66302d98169	1022	Pfam	PF00931	NB-ARC domain	232	494	1.8E-22	T	15-06-2017	IPR002182	NB-ARC
ALYR|T28262-R1	4a3352c792e77b71d197e66302d98169	1022	Pfam	PF01582	TIR domain	52	230	3.4E-54	T	15-06-2017	IPR000157	Toll/interleukin-1 receptor homology (TIR) domain
ALYR|T28262-R1	4a3352c792e77b71d197e66302d98169	1022	Pfam	PF07725	Leucine Rich Repeat	649	668	3.7E-8	T	15-06-2017	IPR011713	Leucine-rich repeat 3
ALYR|T28262-R1	4a3352c792e77b71d197e66302d98169	1022	Pfam	PF00560	Leucine Rich Repeat	882	901	1.4	T	15-06-2017	IPR001611	Leucine-rich repeat
ALYR|T28262-R1	4a3352c792e77b71d197e66302d98169	1022	Pfam	PF00560	Leucine Rich Repeat	953	972	1.4	T	15-06-2017	IPR001611	Leucine-rich repeat
ALYR|T28269-R1	3b77d18a958178b7f164569dc490cab2	1144	Pfam	PF00931	NB-ARC domain	232	490	4.7E-24	T	15-06-2017	IPR002182	NB-ARC
ALYR|T28269-R1	3b77d18a958178b7f164569dc490cab2	1144	Pfam	PF01582	TIR domain	52	230	2.8E-54	T	15-06-2017	IPR000157	Toll/interleukin-1 receptor homology (TIR) domain
ALYR|T28269-R1	3b77d18a958178b7f164569dc490cab2	1144	Pfam	PF07725	Leucine Rich Repeat	650	669	2.3E-8	T	15-06-2017	IPR011713	Leucine-rich repeat 3
ALYR|T28705-R1	e8921eb2aac4d99ad5080c6a4c30cc3f	665	Pfam	PF00931	NB-ARC domain	184	294	9.8E-25	T	15-06-2017	IPR002182	NB-ARC
ALYR|T28705-R1	e8921eb2aac4d99ad5080c6a4c30cc3f	665	Pfam	PF00931	NB-ARC domain	54	166	9.0E-17	T	15-06-2017	IPR002182	NB-ARC
ALYR|T28708-R1	67480a9dd640d0d8a1f49f2ec49292cf	847	Pfam	PF00931	NB-ARC domain	181	451	3.0E-70	T	15-06-2017	IPR002182	NB-ARC
ALYR|T28709-R1	c665472baa7a9a91e42adba1fc69d5ab	708	Pfam	PF00931	NB-ARC domain	176	450	6.2E-72	T	15-06-2017	IPR002182	NB-ARC
ALYR|T29333-R1	0309d460f1199fc9eee278290a3bda89	189	Pfam	PF05659	Arabidopsis broad-spectrum mildew resistance protein RPW8	5	143	1.6E-54	T	15-06-2017	IPR008808	Powdery mildew resistance protein, RPW8 domain
ALYR|T29334-R1	5c2bb0ae80d96bc17586051b6f9f167f	206	Pfam	PF05659	Arabidopsis broad-spectrum mildew resistance protein RPW8	4	143	5.7E-53	T	15-06-2017	IPR008808	Powdery mildew resistance protein, RPW8 domain
ALYR|T29335-R1	0df053b60b2d705c5198c949b9d3a6c0	213	Pfam	PF05659	Arabidopsis broad-spectrum mildew resistance protein RPW8	5	143	7.3E-57	T	15-06-2017	IPR008808	Powdery mildew resistance protein, RPW8 domain
ALYR|T29336-R1	b6e46f1e81706441e9fddfd58682d656	213	Pfam	PF05659	Arabidopsis broad-spectrum mildew resistance protein RPW8	4	143	1.3E-42	T	15-06-2017	IPR008808	Powdery mildew resistance protein, RPW8 domain
ALYR|T29419-R1	6725c675ef66f8a01c48fe4d0cf14757	854	Pfam	PF00931	NB-ARC domain	167	452	9.5E-102	T	15-06-2017	IPR002182	NB-ARC
ALYR|T29419-R1	NA	854	Coils	Coil	maj_vote_coils_paircoils_nlrparser	9	74	NA	NA	NA	NA	NA	NA	NA
ALYR|T29483-R1	3d4549ceff463f4d5b635c12c2b3cbfc	1251	Pfam	PF00931	NB-ARC domain	178	413	2.0E-23	T	15-06-2017	IPR002182	NB-ARC
ALYR|T29483-R1	3d4549ceff463f4d5b635c12c2b3cbfc	1251	Pfam	PF07725	Leucine Rich Repeat	570	589	5.0E-8	T	15-06-2017	IPR011713	Leucine-rich repeat 3
ALYR|T29483-R1	3d4549ceff463f4d5b635c12c2b3cbfc	1251	Pfam	PF01582	TIR domain	6	159	6.1E-14	T	15-06-2017	IPR000157	Toll/interleukin-1 receptor homology (TIR) domain
ALYR|T29484-R1	4efa0d3b2461afa4bd80df1788453abd	1195	Pfam	PF01582	TIR domain	18	184	1.8E-32	T	15-06-2017	IPR000157	Toll/interleukin-1 receptor homology (TIR) domain
ALYR|T29484-R1	4efa0d3b2461afa4bd80df1788453abd	1195	Pfam	PF00931	NB-ARC domain	212	475	3.1E-27	T	15-06-2017	IPR002182	NB-ARC
ALYR|T29484-R1	4efa0d3b2461afa4bd80df1788453abd	1195	Pfam	PF07725	Leucine Rich Repeat	629	644	1.0E-4	T	15-06-2017	IPR011713	Leucine-rich repeat 3
ALYR|T31522-R1	3498d3ddfce1fe7027ad3e1ed1ff8017	815	Pfam	PF00931	NB-ARC domain	187	441	7.1E-38	T	15-06-2017	IPR002182	NB-ARC
ALYR|T31522-R1	3498d3ddfce1fe7027ad3e1ed1ff8017	815	Pfam	PF05659	Arabidopsis broad-spectrum mildew resistance protein RPW8	7	126	3.9E-12	T	15-06-2017	IPR008808	Powdery mildew resistance protein, RPW8 domain
ALYR|T32294-R1	5c2162b46234681322da68bcefdb79e0	989	Pfam	PF00931	NB-ARC domain	160	418	2.6E-23	T	15-06-2017	IPR002182	NB-ARC
ALYR|T32294-R1	5c2162b46234681322da68bcefdb79e0	989	Pfam	PF01582	TIR domain	4	157	3.9E-43	T	15-06-2017	IPR000157	Toll/interleukin-1 receptor homology (TIR) domain
ALYR|T32294-R1	5c2162b46234681322da68bcefdb79e0	989	Pfam	PF07725	Leucine Rich Repeat	572	591	9.1E-8	T	15-06-2017	IPR011713	Leucine-rich repeat 3
ALYR|T33050-R1	e7a9c2af06a12369892497d00cc46b15	1281	Pfam	PF01582	TIR domain	17	186	2.3E-52	T	15-06-2017	IPR000157	Toll/interleukin-1 receptor homology (TIR) domain
ALYR|T33050-R1	e7a9c2af06a12369892497d00cc46b15	1281	Pfam	PF00931	NB-ARC domain	199	448	2.8E-36	T	15-06-2017	IPR002182	NB-ARC
ALYR|T33050-R1	e7a9c2af06a12369892497d00cc46b15	1281	Pfam	PF07725	Leucine Rich Repeat	605	624	7.5E-5	T	15-06-2017	IPR011713	Leucine-rich repeat 3
ALYR|T33077-R1	3f3457c1b9bf21ec6decc52752fc386d	1186	Pfam	PF01582	TIR domain	11	174	4.9E-37	T	15-06-2017	IPR000157	Toll/interleukin-1 receptor homology (TIR) domain
ALYR|T33077-R1	3f3457c1b9bf21ec6decc52752fc386d	1186	Pfam	PF00931	NB-ARC domain	207	460	1.6E-19	T	15-06-2017	IPR002182	NB-ARC
ALYR|T33077-R1	3f3457c1b9bf21ec6decc52752fc386d	1186	Pfam	PF07725	Leucine Rich Repeat	637	656	3.1E-6	T	15-06-2017	IPR011713	Leucine-rich repeat 3
ALYR|T33078-R1	44a4b4e161bdc9d2d9d62798d39ee5ea	1091	Pfam	PF00931	NB-ARC domain	155	385	3.3E-20	T	15-06-2017	IPR002182	NB-ARC
ALYR|T33078-R1	44a4b4e161bdc9d2d9d62798d39ee5ea	1091	Pfam	PF01582	TIR domain	17	101	6.2E-11	T	15-06-2017	IPR000157	Toll/interleukin-1 receptor homology (TIR) domain
ALYR|T33078-R1	44a4b4e161bdc9d2d9d62798d39ee5ea	1091	Pfam	PF07725	Leucine Rich Repeat	576	591	1.3E-6	T	15-06-2017	IPR011713	Leucine-rich repeat 3
ALYR|T33085-R1	0fc2559a088849608bce75a6ec2947cf	528	Pfam	PF00931	NB-ARC domain	214	465	7.0E-15	T	15-06-2017	IPR002182	NB-ARC
ALYR|T33085-R1	0fc2559a088849608bce75a6ec2947cf	528	Pfam	PF01582	TIR domain	40	202	1.9E-49	T	15-06-2017	IPR000157	Toll/interleukin-1 receptor homology (TIR) domain
ALYR|T33087-R1	aa3fccf2395ca24f385bce29767b2ffb	788	Pfam	PF01582	TIR domain	19	195	1.5E-51	T	15-06-2017	IPR000157	Toll/interleukin-1 receptor homology (TIR) domain
ALYR|T33087-R1	aa3fccf2395ca24f385bce29767b2ffb	788	Pfam	PF00931	NB-ARC domain	197	457	2.9E-22	T	15-06-2017	IPR002182	NB-ARC
ALYR|T33087-R1	aa3fccf2395ca24f385bce29767b2ffb	788	Pfam	PF07725	Leucine Rich Repeat	617	636	1.5E-9	T	15-06-2017	IPR011713	Leucine-rich repeat 3
ALYR|T33147-R1	78556021656f4978ac3d13cbb7cf04fd	553	Pfam	PF01582	TIR domain	2	94	7.5E-31	T	15-06-2017	IPR000157	Toll/interleukin-1 receptor homology (TIR) domain
ALYR|T33148-R1	4a1981c12fe3f02f554d37953837ab04	901	Pfam	PF01582	TIR domain	16	187	1.2E-46	T	15-06-2017	IPR000157	Toll/interleukin-1 receptor homology (TIR) domain
ALYR|T33148-R1	4a1981c12fe3f02f554d37953837ab04	901	Pfam	PF00931	NB-ARC domain	190	444	1.5E-22	T	15-06-2017	IPR002182	NB-ARC
ALYR|T33148-R1	4a1981c12fe3f02f554d37953837ab04	901	Pfam	PF07725	Leucine Rich Repeat	609	626	7.4E-5	T	15-06-2017	IPR011713	Leucine-rich repeat 3
ALYR|T33642-R1	ff2efa8e39a385f95c5579805f780ebb	800	Pfam	PF00931	NB-ARC domain	39	329	4.5E-79	T	15-06-2017	IPR002182	NB-ARC
ALYR|T35339-R1	495a7166dd0d5e496e0ee05276fe69a5	885	Pfam	PF00931	NB-ARC domain	160	435	8.3E-85	T	15-06-2017	IPR002182	NB-ARC
ALYR|T35339-R1	NA	885	Coils	Coil	maj_vote_coils_paircoils_nlrparser	29	49	NA	NA	NA	NA	NA	NA	NA
ALYR|T35339-R1	495a7166dd0d5e496e0ee05276fe69a5	885	Pfam	PF13855	Leucine rich repeat	530	585	3.1E-9	T	15-06-2017	IPR001611	Leucine-rich repeat
ALYR|T35569-R1	f2f72e2f71effaec506bcdf1abe162ce	1260	Pfam	PF01582	TIR domain	14	190	1.2E-52	T	15-06-2017	IPR000157	Toll/interleukin-1 receptor homology (TIR) domain
ALYR|T35569-R1	f2f72e2f71effaec506bcdf1abe162ce	1260	Pfam	PF00931	NB-ARC domain	192	437	1.5E-18	T	15-06-2017	IPR002182	NB-ARC
ALYR|T35569-R1	f2f72e2f71effaec506bcdf1abe162ce	1260	Pfam	PF07725	Leucine Rich Repeat	617	635	2.1E-7	T	15-06-2017	IPR011713	Leucine-rich repeat 3
ALYR|T35677-R1	7919ac1518dad62b83238f166a9629bb	152	Pfam	PF00931	NB-ARC domain	32	129	1.6E-7	T	15-06-2017	IPR002182	NB-ARC
ALYR|T36312-R1	08ea9b6f7374ed5f69e9c3f94550c76b	286	Pfam	PF01582	TIR domain	17	195	7.2E-28	T	15-06-2017	IPR000157	Toll/interleukin-1 receptor homology (TIR) domain
ALYR|T36312-R1	08ea9b6f7374ed5f69e9c3f94550c76b	286	Pfam	PF01582	TIR domain	207	250	8.8E-5	T	15-06-2017	IPR000157	Toll/interleukin-1 receptor homology (TIR) domain
ALYR|T36475-R1	cdde12c1ba4ed519d2ba3bf3e6a5c9c9	1212	Pfam	PF01582	TIR domain	10	176	3.3E-33	T	15-06-2017	IPR000157	Toll/interleukin-1 receptor homology (TIR) domain
ALYR|T36475-R1	cdde12c1ba4ed519d2ba3bf3e6a5c9c9	1212	Pfam	PF00931	NB-ARC domain	186	436	9.0E-29	T	15-06-2017	IPR002182	NB-ARC
ALYR|T36475-R1	cdde12c1ba4ed519d2ba3bf3e6a5c9c9	1212	Pfam	PF13855	Leucine rich repeat	844	901	1.6E-7	T	15-06-2017	IPR001611	Leucine-rich repeat
ALYR|T36476-R1	e0301e423543ef81e1ec5e606dc9f730	1199	Pfam	PF07887	Calmodulin binding protein-like	34	317	1.8E-93	T	15-06-2017	IPR012416	CALMODULIN-BINDING PROTEIN60
ALYR|T36476-R1	e0301e423543ef81e1ec5e606dc9f730	1199	Pfam	PF01582	TIR domain	385	515	2.4E-5	T	15-06-2017	IPR000157	Toll/interleukin-1 receptor homology (TIR) domain
ALYR|T36476-R1	e0301e423543ef81e1ec5e606dc9f730	1199	Pfam	PF00931	NB-ARC domain	533	732	8.6E-17	T	15-06-2017	IPR002182	NB-ARC
ALYR|T37952-R1	bae7973804875ff159ebc88a6fefc822	1178	Pfam	PF01582	TIR domain	15	180	2.3E-36	T	15-06-2017	IPR000157	Toll/interleukin-1 receptor homology (TIR) domain
ALYR|T37952-R1	bae7973804875ff159ebc88a6fefc822	1178	Pfam	PF00931	NB-ARC domain	215	467	1.0E-26	T	15-06-2017	IPR002182	NB-ARC
ALYR|T37952-R1	bae7973804875ff159ebc88a6fefc822	1178	Pfam	PF07725	Leucine Rich Repeat	631	648	8.1E-5	T	15-06-2017	IPR011713	Leucine-rich repeat 3
ALYR|T37953-R1	7b3b6881c57953551ba8e94560b7600e	1503	Pfam	PF07725	Leucine Rich Repeat	1060	1079	1.5E-7	T	15-06-2017	IPR011713	Leucine-rich repeat 3
ALYR|T37953-R1	7b3b6881c57953551ba8e94560b7600e	1503	Pfam	PF01582	TIR domain	14	191	6.6E-45	T	15-06-2017	IPR000157	Toll/interleukin-1 receptor homology (TIR) domain
ALYR|T37953-R1	7b3b6881c57953551ba8e94560b7600e	1503	Pfam	PF00931	NB-ARC domain	194	398	2.7E-21	T	15-06-2017	IPR002182	NB-ARC
ALYR|T37953-R1	7b3b6881c57953551ba8e94560b7600e	1503	Pfam	PF01582	TIR domain	500	625	5.3E-12	T	15-06-2017	IPR000157	Toll/interleukin-1 receptor homology (TIR) domain
ALYR|T37953-R1	7b3b6881c57953551ba8e94560b7600e	1503	Pfam	PF00931	NB-ARC domain	637	891	1.1E-26	T	15-06-2017	IPR002182	NB-ARC
ALYR|T38322-R1	d12adba4a1177722561ff46fe85e2746	856	Pfam	PF00931	NB-ARC domain	230	482	1.5E-38	T	15-06-2017	IPR002182	NB-ARC
ALYR|T38322-R1	d12adba4a1177722561ff46fe85e2746	856	Pfam	PF05659	Arabidopsis broad-spectrum mildew resistance protein RPW8	51	173	3.9E-13	T	15-06-2017	IPR008808	Powdery mildew resistance protein, RPW8 domain
ALYR|T38435-R1	9977ac1da4b4441af7448d6634fee0de	225	Pfam	PF05659	Arabidopsis broad-spectrum mildew resistance protein RPW8	10	125	4.1E-13	T	15-06-2017	IPR008808	Powdery mildew resistance protein, RPW8 domain
ALYR|T39097-R2	9c2f3cae9a0744536cce7e955c256af4	952	Pfam	PF00931	NB-ARC domain	138	400	1.8E-62	T	15-06-2017	IPR002182	NB-ARC
ALYR|T39238-R1	e3f68f6e669e05d67c84112d6d56a051	907	Pfam	PF00931	NB-ARC domain	159	439	1.2E-98	T	15-06-2017	IPR002182	NB-ARC
ALYR|T39238-R1	e3f68f6e669e05d67c84112d6d56a051	907	Pfam	PF13855	Leucine rich repeat	533	593	4.5E-10	T	15-06-2017	IPR001611	Leucine-rich repeat
ALYR|T39560-R1	2899bfabf0d0e9c88460c0d9e8dd358d	322	Pfam	PF01582	TIR domain	10	196	2.7E-30	T	15-06-2017	IPR000157	Toll/interleukin-1 receptor homology (TIR) domain
ALYR|T39561-R1	456bce727111f2d3ad83b10bcf01698e	628	Pfam	PF01582	TIR domain	11	189	2.9E-23	T	15-06-2017	IPR000157	Toll/interleukin-1 receptor homology (TIR) domain
ALYR|T39561-R1	456bce727111f2d3ad83b10bcf01698e	628	Pfam	PF01582	TIR domain	373	500	1.2E-13	T	15-06-2017	IPR000157	Toll/interleukin-1 receptor homology (TIR) domain
ALYR|T39563-R1	66bc275172f0e11423231c2fb2c8c69d	576	Pfam	PF01582	TIR domain	2	149	1.2E-15	T	15-06-2017	IPR000157	Toll/interleukin-1 receptor homology (TIR) domain
ALYR|T39563-R1	66bc275172f0e11423231c2fb2c8c69d	576	Pfam	PF01582	TIR domain	358	432	4.9E-13	T	15-06-2017	IPR000157	Toll/interleukin-1 receptor homology (TIR) domain
ALYR|T39572-R1	a130512d7316f54a4e65094c3d214845	964	Pfam	PF13676	TIR domain	147	224	1.7E-6	T	15-06-2017	IPR000157	Toll/interleukin-1 receptor homology (TIR) domain
ALYR|T39572-R1	a130512d7316f54a4e65094c3d214845	964	Pfam	PF00931	NB-ARC domain	427	608	1.2E-7	T	15-06-2017	IPR002182	NB-ARC
ALYR|T39772-R1	af352622672e1d8f42605be91c5dbcfd	351	Pfam	PF00931	NB-ARC domain	228	347	9.8E-10	T	15-06-2017	IPR002182	NB-ARC
ALYR|T39772-R1	af352622672e1d8f42605be91c5dbcfd	351	Pfam	PF01582	TIR domain	48	225	7.7E-50	T	15-06-2017	IPR000157	Toll/interleukin-1 receptor homology (TIR) domain
ALYR|T40042-R1	c8ebba2544e84b29c50a075f1d7669e8	255	Pfam	PF01582	TIR domain	9	178	3.0E-23	T	15-06-2017	IPR000157	Toll/interleukin-1 receptor homology (TIR) domain
ALYR|T40045-R1	9927888799c570bf14c1bf4770dfa1e7	252	Pfam	PF01582	TIR domain	9	125	5.4E-21	T	15-06-2017	IPR000157	Toll/interleukin-1 receptor homology (TIR) domain
ALYR|T40051.1-R1	c70191356228148ce7111901cb50bc3c	618	Pfam	PF01582	TIR domain	16	94	2.5E-16	T	15-06-2017	IPR000157	Toll/interleukin-1 receptor homology (TIR) domain
ALYR|T40051.1-R1	c70191356228148ce7111901cb50bc3c	618	Pfam	PF00931	NB-ARC domain	160	410	6.5E-23	T	15-06-2017	IPR002182	NB-ARC
ALYR|T40051.1-R1	c70191356228148ce7111901cb50bc3c	618	Pfam	PF07725	Leucine Rich Repeat	557	576	7.1E-6	T	15-06-2017	IPR011713	Leucine-rich repeat 3
ALYR|T40124-R1	801e3cd6b58b1555496e96ccfc128054	1206	Pfam	PF01582	TIR domain	16	184	9.8E-38	T	15-06-2017	IPR000157	Toll/interleukin-1 receptor homology (TIR) domain
ALYR|T40124-R1	801e3cd6b58b1555496e96ccfc128054	1206	Pfam	PF00931	NB-ARC domain	204	444	1.9E-29	T	15-06-2017	IPR002182	NB-ARC
ALYR|T40124-R1	801e3cd6b58b1555496e96ccfc128054	1206	Pfam	PF13855	Leucine rich repeat	842	897	2.3E-6	T	15-06-2017	IPR001611	Leucine-rich repeat
ALYR|T40125-R1	4196860089a8eb1eb9b7b42ad78e8ceb	1126	Pfam	PF01582	TIR domain	414	521	5.4E-10	T	15-06-2017	IPR000157	Toll/interleukin-1 receptor homology (TIR) domain
ALYR|T40125-R1	4196860089a8eb1eb9b7b42ad78e8ceb	1126	Pfam	PF00931	NB-ARC domain	538	783	3.2E-21	T	15-06-2017	IPR002182	NB-ARC
ALYR|T40125-R1	4196860089a8eb1eb9b7b42ad78e8ceb	1126	Pfam	PF07725	Leucine Rich Repeat	937	956	1.9E-9	T	15-06-2017	IPR011713	Leucine-rich repeat 3
ALYR|T40173-R1	14466ee1a90f34f1d09e5a5ce115208d	1126	Pfam	PF00931	NB-ARC domain	38	371	1.2E-8	T	15-06-2017	IPR002182	NB-ARC
ALYR|T40179-R1	e59e468651df26fbd90147326c013b7e	1224	Pfam	PF00931	NB-ARC domain	33	271	2.2E-8	T	15-06-2017	IPR002182	NB-ARC
ALYR|T40526-R1	fc5bb4c19c6eef0b2ff7010ac8c90c9f	702	Pfam	PF01582	TIR domain	15	188	5.7E-49	T	15-06-2017	IPR000157	Toll/interleukin-1 receptor homology (TIR) domain
ALYR|T40526-R1	fc5bb4c19c6eef0b2ff7010ac8c90c9f	702	Pfam	PF00931	NB-ARC domain	193	410	2.2E-15	T	15-06-2017	IPR002182	NB-ARC
ALYR|T40526-R1	fc5bb4c19c6eef0b2ff7010ac8c90c9f	702	Pfam	PF08381	Transcription factor regulating root and shoot growth via Pin3	453	504	1.2E-13	T	15-06-2017	IPR013591	Brevis radix (BRX) domain
ALYR|T40526-R1	fc5bb4c19c6eef0b2ff7010ac8c90c9f	702	Pfam	PF08381	Transcription factor regulating root and shoot growth via Pin3	626	675	3.4E-14	T	15-06-2017	IPR013591	Brevis radix (BRX) domain
ALYR|T40529-R1	2a50929c804eaca8525e9b79358528dd	1368	Pfam	PF01582	TIR domain	13	176	3.5E-49	T	15-06-2017	IPR000157	Toll/interleukin-1 receptor homology (TIR) domain
ALYR|T40529-R1	2a50929c804eaca8525e9b79358528dd	1368	Pfam	PF00931	NB-ARC domain	189	438	3.0E-19	T	15-06-2017	IPR002182	NB-ARC
ALYR|T40529-R1	2a50929c804eaca8525e9b79358528dd	1368	Pfam	PF07725	Leucine Rich Repeat	593	612	2.2E-7	T	15-06-2017	IPR011713	Leucine-rich repeat 3
ALYR|T40529-R1	2a50929c804eaca8525e9b79358528dd	1368	Pfam	PF07725	Leucine Rich Repeat	731	750	9.5E-6	T	15-06-2017	IPR011713	Leucine-rich repeat 3
ALYR|T40529-R1	2a50929c804eaca8525e9b79358528dd	1368	Pfam	PF07725	Leucine Rich Repeat	890	909	2.0E-6	T	15-06-2017	IPR011713	Leucine-rich repeat 3
ALYR|T40718-R1	NA	880	Coils	Coil	maj_vote_coils_paircoils_nlrparser	15	65	NA	NA	NA	NA	NA	NA	NA
ALYR|T40718-R1	4c829221eac53e300dd19e38024d442f	880	Pfam	PF00931	NB-ARC domain	166	449	1.8E-94	T	15-06-2017	IPR002182	NB-ARC
ALYR|T41135-R1	c2627f4320b5cd49650dc6432532b124	881	Pfam	PF00931	NB-ARC domain	160	443	4.8E-112	T	15-06-2017	IPR002182	NB-ARC
ALYR|T41135-R1	NA	881	Coils	Coil	maj_vote_coils_paircoils_nlrparser	29	49	NA	NA	NA	NA	NA	NA	NA
ALYR|T41135-R1	c2627f4320b5cd49650dc6432532b124	881	Pfam	PF13855	Leucine rich repeat	539	600	1.3E-9	T	15-06-2017	IPR001611	Leucine-rich repeat
ALYR|T41196-R1	ac1fd21c4381da864bc7b1e5a0fe2757	723	Pfam	PF01582	TIR domain	2	91	4.0E-18	T	15-06-2017	IPR000157	Toll/interleukin-1 receptor homology (TIR) domain
ALYR|T41196-R1	ac1fd21c4381da864bc7b1e5a0fe2757	723	Pfam	PF07725	Leucine Rich Repeat	416	435	2.5E-5	T	15-06-2017	IPR011713	Leucine-rich repeat 3
ALYR|T41273.2-R1	d0b70be2cd28da1c03d129d453833b50	980	Pfam	PF00931	NB-ARC domain	110	355	8.2E-30	T	15-06-2017	IPR002182	NB-ARC
ALYR|T41273.2-R1	d0b70be2cd28da1c03d129d453833b50	980	Pfam	PF01582	TIR domain	5	89	1.4E-8	T	15-06-2017	IPR000157	Toll/interleukin-1 receptor homology (TIR) domain
ALYR|T41273.2-R1	d0b70be2cd28da1c03d129d453833b50	980	Pfam	PF07725	Leucine Rich Repeat	515	533	1.1E-6	T	15-06-2017	IPR011713	Leucine-rich repeat 3
ALYR|T41274-R1	1c6a5ce6f13333b393b532a5ee45a59e	268	Pfam	PF00931	NB-ARC domain	17	224	3.4E-17	T	15-06-2017	IPR002182	NB-ARC
ALYR|T41919-R1	06e500f6044b955b6fc108b2b93b98f7	568	Pfam	PF00931	NB-ARC domain	130	350	5.0E-69	T	15-06-2017	IPR002182	NB-ARC
ALYR|T41919-R1	NA	568	Coils	Coil	maj_vote_coils_paircoils_nlrparser	28	62	NA	NA	NA	NA	NA	NA	NA
ALYR|T42221-R1	1ee41ead09cb00a7359e9311d872617c	228	Pfam	PF00931	NB-ARC domain	52	215	8.2E-11	T	15-06-2017	IPR002182	NB-ARC
ALYR|T42222-R1	ea4493a2605249f77ed2fd9f3d3f53cf	224	Pfam	PF01582	TIR domain	80	212	4.1E-48	T	15-06-2017	IPR000157	Toll/interleukin-1 receptor homology (TIR) domain
ALYR|T42396-R1	4d8860586e872b38e0623c64d20865fc	851	Pfam	PF00931	NB-ARC domain	161	437	3.4E-91	T	15-06-2017	IPR002182	NB-ARC
ALYR|T42396-R1	NA	851	Coils	Coil	maj_vote_coils_paircoils_nlrparser	29	63	NA	NA	NA	NA	NA	NA	NA
ALYR|T42396-R1	4d8860586e872b38e0623c64d20865fc	851	Pfam	PF13855	Leucine rich repeat	535	593	2.2E-9	T	15-06-2017	IPR001611	Leucine-rich repeat
ALYR|T42475-R1	d5ba88c0ed01d90f7736168f07507f15	490	Pfam	PF00931	NB-ARC domain	1	107	3.0E-25	T	15-06-2017	IPR002182	NB-ARC
ALYR|T42610-R1	92225cce2d29b174191628eb7aea321d	1180	Pfam	PF01582	TIR domain	13	187	1.6E-52	T	15-06-2017	IPR000157	Toll/interleukin-1 receptor homology (TIR) domain
ALYR|T42610-R1	92225cce2d29b174191628eb7aea321d	1180	Pfam	PF00931	NB-ARC domain	190	445	2.9E-25	T	15-06-2017	IPR002182	NB-ARC
ALYR|T42611-R1	a3e5e4e5ad54af09d5f85adcc54d7b51	90	Pfam	PF01582	TIR domain	20	62	8.6E-10	T	15-06-2017	IPR000157	Toll/interleukin-1 receptor homology (TIR) domain
ALYR|T42612-R1	8a38bf6dbb73b1d0d75eb9b969acd977	1255	Pfam	PF01582	TIR domain	13	187	1.7E-52	T	15-06-2017	IPR000157	Toll/interleukin-1 receptor homology (TIR) domain
ALYR|T42612-R1	8a38bf6dbb73b1d0d75eb9b969acd977	1255	Pfam	PF00931	NB-ARC domain	190	450	5.3E-28	T	15-06-2017	IPR002182	NB-ARC
ALYR|T42612-R1	8a38bf6dbb73b1d0d75eb9b969acd977	1255	Pfam	PF07725	Leucine Rich Repeat	606	624	7.4E-6	T	15-06-2017	IPR011713	Leucine-rich repeat 3
ALYR|T42613-R1	3d544218a359c27c09787ce2f29833a4	99	Pfam	PF01582	TIR domain	20	62	1.1E-9	T	15-06-2017	IPR000157	Toll/interleukin-1 receptor homology (TIR) domain
ALYR|T42614-R1	7a4598f693aded54e448e5dc1d424796	1255	Pfam	PF01582	TIR domain	13	187	1.7E-52	T	15-06-2017	IPR000157	Toll/interleukin-1 receptor homology (TIR) domain
ALYR|T42614-R1	7a4598f693aded54e448e5dc1d424796	1255	Pfam	PF00931	NB-ARC domain	190	447	2.5E-25	T	15-06-2017	IPR002182	NB-ARC
ALYR|T42614-R1	7a4598f693aded54e448e5dc1d424796	1255	Pfam	PF07725	Leucine Rich Repeat	606	624	3.5E-6	T	15-06-2017	IPR011713	Leucine-rich repeat 3
ALYR|T42615-R1	e5b73554e0dac6d6db86b7a01bd876d8	978	Pfam	PF01582	TIR domain	13	187	6.1E-50	T	15-06-2017	IPR000157	Toll/interleukin-1 receptor homology (TIR) domain
ALYR|T42615-R1	e5b73554e0dac6d6db86b7a01bd876d8	978	Pfam	PF00931	NB-ARC domain	190	446	4.9E-26	T	15-06-2017	IPR002182	NB-ARC
ALYR|T42615-R1	e5b73554e0dac6d6db86b7a01bd876d8	978	Pfam	PF07725	Leucine Rich Repeat	599	617	1.2E-7	T	15-06-2017	IPR011713	Leucine-rich repeat 3
ALYR|T42647-R1	dc556a6dc0930fb7e3b2f612cdb9ad94	1041	Pfam	PF01582	TIR domain	15	188	5.6E-49	T	15-06-2017	IPR000157	Toll/interleukin-1 receptor homology (TIR) domain
ALYR|T42647-R1	dc556a6dc0930fb7e3b2f612cdb9ad94	1041	Pfam	PF00931	NB-ARC domain	194	432	1.1E-25	T	15-06-2017	IPR002182	NB-ARC
ALYR|T42650.1-R1	09cc86a0cc897150cab9cbddea4bd33b	1001	Pfam	PF01582	TIR domain	11	186	5.1E-50	T	15-06-2017	IPR000157	Toll/interleukin-1 receptor homology (TIR) domain
ALYR|T42650.1-R1	09cc86a0cc897150cab9cbddea4bd33b	1001	Pfam	PF00931	NB-ARC domain	188	447	4.4E-29	T	15-06-2017	IPR002182	NB-ARC
ALYR|T42650.1-R1	09cc86a0cc897150cab9cbddea4bd33b	1001	Pfam	PF07725	Leucine Rich Repeat	602	621	1.3E-7	T	15-06-2017	IPR011713	Leucine-rich repeat 3
ALYR|T42650.2-R1	e8cd8c91bdcac2ca24210addf29f6c9d	260	Pfam	PF01582	TIR domain	107	152	4.6E-11	T	15-06-2017	IPR000157	Toll/interleukin-1 receptor homology (TIR) domain
ALYR|T42650.3-R1	d98097abd77049fbb9fa78669632ad77	624	Pfam	PF01582	TIR domain	11	186	3.7E-50	T	15-06-2017	IPR000157	Toll/interleukin-1 receptor homology (TIR) domain
ALYR|T42650.3-R1	d98097abd77049fbb9fa78669632ad77	624	Pfam	PF00931	NB-ARC domain	188	446	1.1E-31	T	15-06-2017	IPR002182	NB-ARC
ALYR|T42650.3-R1	d98097abd77049fbb9fa78669632ad77	624	Pfam	PF07725	Leucine Rich Repeat	602	621	4.9E-5	T	15-06-2017	IPR011713	Leucine-rich repeat 3
ALYR|T42762-R1	5295a70c405531be3415eb7c61d421ac	1104	Pfam	PF01582	TIR domain	14	188	2.3E-52	T	15-06-2017	IPR000157	Toll/interleukin-1 receptor homology (TIR) domain
ALYR|T42762-R1	5295a70c405531be3415eb7c61d421ac	1104	Pfam	PF00931	NB-ARC domain	191	441	3.2E-27	T	15-06-2017	IPR002182	NB-ARC
ALYR|T42762-R1	5295a70c405531be3415eb7c61d421ac	1104	Pfam	PF07725	Leucine Rich Repeat	592	611	2.3E-8	T	15-06-2017	IPR011713	Leucine-rich repeat 3
ALYR|T42763-R1	73df704601c75c97dcca85dcb4159a70	1104	Pfam	PF01582	TIR domain	15	189	3.1E-52	T	15-06-2017	IPR000157	Toll/interleukin-1 receptor homology (TIR) domain
ALYR|T42763-R1	73df704601c75c97dcca85dcb4159a70	1104	Pfam	PF00931	NB-ARC domain	192	444	1.2E-29	T	15-06-2017	IPR002182	NB-ARC
ALYR|T42763-R1	73df704601c75c97dcca85dcb4159a70	1104	Pfam	PF07725	Leucine Rich Repeat	590	609	1.9E-6	T	15-06-2017	IPR011713	Leucine-rich repeat 3
ALYR|T42944-R1	bb9adac91a402d50467f6ab2e61154f5	863	Pfam	PF01582	TIR domain	11	179	5.3E-38	T	15-06-2017	IPR000157	Toll/interleukin-1 receptor homology (TIR) domain
ALYR|T42944-R1	bb9adac91a402d50467f6ab2e61154f5	863	Pfam	PF00931	NB-ARC domain	202	442	1.3E-25	T	15-06-2017	IPR002182	NB-ARC
ALYR|T42944-R1	bb9adac91a402d50467f6ab2e61154f5	863	Pfam	PF07725	Leucine Rich Repeat	553	571	8.2E-7	T	15-06-2017	IPR011713	Leucine-rich repeat 3
ALYR|T42945-R1	6c39434e9c2a2ff2b1652b3f0ad4b0b2	426	Pfam	PF00931	NB-ARC domain	162	379	2.2E-15	T	15-06-2017	IPR002182	NB-ARC
ALYR|T42945-R1	6c39434e9c2a2ff2b1652b3f0ad4b0b2	426	Pfam	PF01582	TIR domain	34	107	4.8E-5	T	15-06-2017	IPR000157	Toll/interleukin-1 receptor homology (TIR) domain
ALYR|T43246-R1	9ea06ba477bcc9fb8cd6ff6a7edf0f04	302	Pfam	PF00931	NB-ARC domain	157	276	3.9E-8	T	15-06-2017	IPR002182	NB-ARC
ALYR|T43246-R1	9ea06ba477bcc9fb8cd6ff6a7edf0f04	302	Pfam	PF01582	TIR domain	21	99	1.6E-10	T	15-06-2017	IPR000157	Toll/interleukin-1 receptor homology (TIR) domain
ALYR|T43385-R1	2867924cd94f4e31876696df20fd3411	836	Pfam	PF00931	NB-ARC domain	31	292	1.8E-21	T	15-06-2017	IPR002182	NB-ARC
ALYR|T43388-R1	9d4d436174c23b13a8bf23b17b913095	1024	Pfam	PF00931	NB-ARC domain	249	431	4.5E-13	T	15-06-2017	IPR002182	NB-ARC
ALYR|T43388-R1	9d4d436174c23b13a8bf23b17b913095	1024	Pfam	PF01582	TIR domain	64	241	1.1E-52	T	15-06-2017	IPR000157	Toll/interleukin-1 receptor homology (TIR) domain
ALYR|T43395-R1	4e0ae4de21ba2475706950809bce2335	979	Pfam	PF00931	NB-ARC domain	246	500	5.1E-21	T	15-06-2017	IPR002182	NB-ARC
ALYR|T43395-R1	4e0ae4de21ba2475706950809bce2335	979	Pfam	PF01582	TIR domain	61	238	1.3E-53	T	15-06-2017	IPR000157	Toll/interleukin-1 receptor homology (TIR) domain
ALYR|T43397-R1	0768b7446522b06372c43c7b62ea212f	1044	Pfam	PF00931	NB-ARC domain	243	504	5.5E-21	T	15-06-2017	IPR002182	NB-ARC
ALYR|T43397-R1	0768b7446522b06372c43c7b62ea212f	1044	Pfam	PF01582	TIR domain	62	239	1.1E-53	T	15-06-2017	IPR000157	Toll/interleukin-1 receptor homology (TIR) domain
ALYR|T43401-R1	81aadc5eb10b6991f9db0a96c1b96994	1040	Pfam	PF00931	NB-ARC domain	235	493	3.7E-21	T	15-06-2017	IPR002182	NB-ARC
ALYR|T43401-R1	81aadc5eb10b6991f9db0a96c1b96994	1040	Pfam	PF01582	TIR domain	54	231	3.0E-53	T	15-06-2017	IPR000157	Toll/interleukin-1 receptor homology (TIR) domain
ALYR|T43405-R1	123bdb6f7535317c4a0b041407c6bb89	1045	Pfam	PF00931	NB-ARC domain	242	497	7.0E-21	T	15-06-2017	IPR002182	NB-ARC
ALYR|T43405-R1	123bdb6f7535317c4a0b041407c6bb89	1045	Pfam	PF01582	TIR domain	61	238	1.4E-53	T	15-06-2017	IPR000157	Toll/interleukin-1 receptor homology (TIR) domain
ALYR|T43630-R1	20e1b32667eb513566393f890b8374cf	919	Pfam	PF00931	NB-ARC domain	1	81	4.9E-16	T	15-06-2017	IPR002182	NB-ARC
ALYR|T43630-R1	20e1b32667eb513566393f890b8374cf	919	Pfam	PF13855	Leucine rich repeat	177	236	2.7E-9	T	15-06-2017	IPR001611	Leucine-rich repeat
ALYR|T43630-R1	20e1b32667eb513566393f890b8374cf	919	Pfam	PF00646	F-box domain	502	535	3.4E-6	T	15-06-2017	IPR001810	F-box domain
ALYR|T43630-R1	20e1b32667eb513566393f890b8374cf	919	Pfam	PF07723	Leucine Rich Repeat	649	674	1.4E-7	T	15-06-2017	IPR013101	Leucine-rich repeat 2
ALYR|T43630-R1	20e1b32667eb513566393f890b8374cf	919	Pfam	PF08387	FBD	841	887	3.0E-17	T	15-06-2017	IPR006566	FBD domain
ALYR|T43763-R1	d9ba72c9613b9c30f660044b89c70616	1113	Pfam	PF00931	NB-ARC domain	198	453	1.6E-23	T	15-06-2017	IPR002182	NB-ARC
ALYR|T43763-R1	d9ba72c9613b9c30f660044b89c70616	1113	Pfam	PF01582	TIR domain	6	169	4.3E-46	T	15-06-2017	IPR000157	Toll/interleukin-1 receptor homology (TIR) domain
ALYR|T43763-R1	d9ba72c9613b9c30f660044b89c70616	1113	Pfam	PF07725	Leucine Rich Repeat	611	631	2.5E-7	T	15-06-2017	IPR011713	Leucine-rich repeat 3
ALYR|T43787-R1	e1bb5430e3d083113896599f8fd0d135	1286	Pfam	PF01582	TIR domain	13	188	2.0E-49	T	15-06-2017	IPR000157	Toll/interleukin-1 receptor homology (TIR) domain
ALYR|T43787-R1	e1bb5430e3d083113896599f8fd0d135	1286	Pfam	PF00931	NB-ARC domain	194	437	1.4E-17	T	15-06-2017	IPR002182	NB-ARC
ALYR|T43787-R1	e1bb5430e3d083113896599f8fd0d135	1286	Pfam	PF07725	Leucine Rich Repeat	612	631	1.6E-9	T	15-06-2017	IPR011713	Leucine-rich repeat 3
ALYR|T43788-R1	6f76a26f891d151feb1aeb51e54272b7	1216	Pfam	PF01582	TIR domain	13	180	1.2E-47	T	15-06-2017	IPR000157	Toll/interleukin-1 receptor homology (TIR) domain
ALYR|T43788-R1	6f76a26f891d151feb1aeb51e54272b7	1216	Pfam	PF00931	NB-ARC domain	196	447	6.8E-16	T	15-06-2017	IPR002182	NB-ARC
ALYR|T43788-R1	6f76a26f891d151feb1aeb51e54272b7	1216	Pfam	PF07725	Leucine Rich Repeat	607	625	1.1E-7	T	15-06-2017	IPR011713	Leucine-rich repeat 3
ALYR|T43789-R1	f54673a8e1785ad7f68b8ecbcc0ccb72	1162	Pfam	PF01582	TIR domain	13	188	5.2E-49	T	15-06-2017	IPR000157	Toll/interleukin-1 receptor homology (TIR) domain
ALYR|T43789-R1	f54673a8e1785ad7f68b8ecbcc0ccb72	1162	Pfam	PF00931	NB-ARC domain	190	435	8.2E-17	T	15-06-2017	IPR002182	NB-ARC
ALYR|T43789-R1	f54673a8e1785ad7f68b8ecbcc0ccb72	1162	Pfam	PF07725	Leucine Rich Repeat	612	630	5.9E-6	T	15-06-2017	IPR011713	Leucine-rich repeat 3
ALYR|T43793-R1	793bc7444da1b37f718ca7d4a6128422	534	Pfam	PF01582	TIR domain	12	188	9.7E-51	T	15-06-2017	IPR000157	Toll/interleukin-1 receptor homology (TIR) domain
ALYR|T43793-R1	793bc7444da1b37f718ca7d4a6128422	534	Pfam	PF00931	NB-ARC domain	196	446	3.5E-15	T	15-06-2017	IPR002182	NB-ARC
ALYR|T43796.1-R1	2680a35744bfa8d4d38f261d9213e3fc	1219	Pfam	PF01582	TIR domain	14	190	4.9E-51	T	15-06-2017	IPR000157	Toll/interleukin-1 receptor homology (TIR) domain
ALYR|T43796.1-R1	2680a35744bfa8d4d38f261d9213e3fc	1219	Pfam	PF00931	NB-ARC domain	191	414	9.5E-17	T	15-06-2017	IPR002182	NB-ARC
ALYR|T43796.1-R1	2680a35744bfa8d4d38f261d9213e3fc	1219	Pfam	PF07725	Leucine Rich Repeat	612	630	8.1E-8	T	15-06-2017	IPR011713	Leucine-rich repeat 3
ALYR|T43816-R1	565e7ea2ca878bbe9d9b3bdb840b9528	1154	Pfam	PF01582	TIR domain	12	184	1.2E-46	T	15-06-2017	IPR000157	Toll/interleukin-1 receptor homology (TIR) domain
ALYR|T43816-R1	565e7ea2ca878bbe9d9b3bdb840b9528	1154	Pfam	PF00931	NB-ARC domain	187	433	4.1E-18	T	15-06-2017	IPR002182	NB-ARC
ALYR|T43816-R1	565e7ea2ca878bbe9d9b3bdb840b9528	1154	Pfam	PF07725	Leucine Rich Repeat	607	625	1.9E-8	T	15-06-2017	IPR011713	Leucine-rich repeat 3
ALYR|T43968-R1	7704357c425adcc3d419a8e0ead9e82c	354	Pfam	PF00931	NB-ARC domain	68	321	1.3E-24	T	15-06-2017	IPR002182	NB-ARC
ALYR|T43976-R1	05d8b1e4a418ae9c1f991fe1cafb9175	320	Pfam	PF00931	NB-ARC domain	60	286	1.7E-24	T	15-06-2017	IPR002182	NB-ARC
ALYR|T43991-R1	54e28311998cdc4c130687901b219e5b	194	Pfam	PF00931	NB-ARC domain	24	167	2.1E-12	T	15-06-2017	IPR002182	NB-ARC
ALYR|T43999-R1	885dae241e52a6dd3eff9f6f3fa09dc6	1082	Pfam	PF00931	NB-ARC domain	16	173	1.9E-8	T	15-06-2017	IPR002182	NB-ARC
ALYR|T44032-R1	f0602b796af884daf35c49b854872eb9	1333	Pfam	PF00931	NB-ARC domain	168	404	7.3E-27	T	15-06-2017	IPR002182	NB-ARC
ALYR|T44032-R1	f0602b796af884daf35c49b854872eb9	1333	Pfam	PF07725	Leucine Rich Repeat	574	593	9.0E-9	T	15-06-2017	IPR011713	Leucine-rich repeat 3
ALYR|T44033-R1	60ee9f8bc1ca0c7c1bb06b8b6eef609f	779	Pfam	PF01582	TIR domain	16	184	9.7E-40	T	15-06-2017	IPR000157	Toll/interleukin-1 receptor homology (TIR) domain
ALYR|T44033-R1	60ee9f8bc1ca0c7c1bb06b8b6eef609f	779	Pfam	PF00931	NB-ARC domain	218	391	7.2E-18	T	15-06-2017	IPR002182	NB-ARC
ALYR|T44033-R1	60ee9f8bc1ca0c7c1bb06b8b6eef609f	779	Pfam	PF07725	Leucine Rich Repeat	496	515	2.8E-7	T	15-06-2017	IPR011713	Leucine-rich repeat 3
ALYR|T44035-R1	0f0767b6d54b918e801cfec39a65fdac	1125	Pfam	PF01582	TIR domain	13	121	9.1E-18	T	15-06-2017	IPR000157	Toll/interleukin-1 receptor homology (TIR) domain
ALYR|T44035-R1	0f0767b6d54b918e801cfec39a65fdac	1125	Pfam	PF00931	NB-ARC domain	138	307	3.2E-17	T	15-06-2017	IPR002182	NB-ARC
ALYR|T44035-R1	0f0767b6d54b918e801cfec39a65fdac	1125	Pfam	PF07725	Leucine Rich Repeat	504	523	1.3E-5	T	15-06-2017	IPR011713	Leucine-rich repeat 3
ALYR|T44037-R1	e675c01bc80ab1ef5a6f527aba1c3059	1295	Pfam	PF00931	NB-ARC domain	156	391	2.4E-29	T	15-06-2017	IPR002182	NB-ARC
ALYR|T44037-R1	e675c01bc80ab1ef5a6f527aba1c3059	1295	Pfam	PF07725	Leucine Rich Repeat	595	614	8.8E-9	T	15-06-2017	IPR011713	Leucine-rich repeat 3
ALYR|T44055-R1	d783d97b4a4c193a10b8f1d2aef4eadb	1161	Pfam	PF01582	TIR domain	14	183	6.7E-35	T	15-06-2017	IPR000157	Toll/interleukin-1 receptor homology (TIR) domain
ALYR|T44055-R1	d783d97b4a4c193a10b8f1d2aef4eadb	1161	Pfam	PF00931	NB-ARC domain	209	467	5.9E-25	T	15-06-2017	IPR002182	NB-ARC
ALYR|T44055-R1	d783d97b4a4c193a10b8f1d2aef4eadb	1161	Pfam	PF07725	Leucine Rich Repeat	636	655	2.8E-7	T	15-06-2017	IPR011713	Leucine-rich repeat 3
ALYR|T44056-R1	c0411d0eb685af0df42b1892c63af18c	105	Pfam	PF01582	TIR domain	60	105	9.8E-9	T	15-06-2017	IPR000157	Toll/interleukin-1 receptor homology (TIR) domain
ALYR|T44057-R1	280e47e856e195dc5307998ef099fe58	628	Pfam	PF01582	TIR domain	329	449	4.5E-19	T	15-06-2017	IPR000157	Toll/interleukin-1 receptor homology (TIR) domain
ALYR|T44057-R1	280e47e856e195dc5307998ef099fe58	628	Pfam	PF14299	Phloem protein 2	473	622	2.5E-28	T	15-06-2017	IPR025886	Phloem protein 2-like
ALYR|T44061-R1	5a64ee8dd322dedda501c3ce59c221f0	1368	Pfam	PF01582	TIR domain	1125	1290	6.7E-45	T	15-06-2017	IPR000157	Toll/interleukin-1 receptor homology (TIR) domain
ALYR|T44061-R1	5a64ee8dd322dedda501c3ce59c221f0	1368	Pfam	PF00931	NB-ARC domain	152	396	8.4E-25	T	15-06-2017	IPR002182	NB-ARC
ALYR|T44061-R1	5a64ee8dd322dedda501c3ce59c221f0	1368	Pfam	PF07725	Leucine Rich Repeat	567	585	9.4E-8	T	15-06-2017	IPR011713	Leucine-rich repeat 3
ALYR|T44062-R1	d1de8659631ea50d33fe1f5936c38cd2	1130	Pfam	PF01582	TIR domain	13	174	1.7E-34	T	15-06-2017	IPR000157	Toll/interleukin-1 receptor homology (TIR) domain
ALYR|T44062-R1	d1de8659631ea50d33fe1f5936c38cd2	1130	Pfam	PF00931	NB-ARC domain	181	423	1.4E-22	T	15-06-2017	IPR002182	NB-ARC
ALYR|T44062-R1	d1de8659631ea50d33fe1f5936c38cd2	1130	Pfam	PF07725	Leucine Rich Repeat	591	610	1.1E-6	T	15-06-2017	IPR011713	Leucine-rich repeat 3
ALYR|T44065-R1	78d0637ec6665eeaa5d2a5baf38d1ba9	704	Pfam	PF00931	NB-ARC domain	191	372	9.0E-16	T	15-06-2017	IPR002182	NB-ARC
ALYR|T44065-R1	78d0637ec6665eeaa5d2a5baf38d1ba9	704	Pfam	PF01582	TIR domain	58	171	8.0E-14	T	15-06-2017	IPR000157	Toll/interleukin-1 receptor homology (TIR) domain
ALYR|T44066-R1	8bb3405b58ff8bc8d1c22b64d54f556b	1168	Pfam	PF01582	TIR domain	14	188	9.0E-30	T	15-06-2017	IPR000157	Toll/interleukin-1 receptor homology (TIR) domain
ALYR|T44066-R1	8bb3405b58ff8bc8d1c22b64d54f556b	1168	Pfam	PF00931	NB-ARC domain	222	454	1.9E-27	T	15-06-2017	IPR002182	NB-ARC
ALYR|T44067-R1	571134500aec9e10f42f6e32a7cc2793	933	Pfam	PF00931	NB-ARC domain	161	399	4.7E-25	T	15-06-2017	IPR002182	NB-ARC
ALYR|T44067-R1	571134500aec9e10f42f6e32a7cc2793	933	Pfam	PF00931	NB-ARC domain	520	721	1.1E-16	T	15-06-2017	IPR002182	NB-ARC
ALYR|T44070-R1	624c420300fb05138d8b36f21de9611f	1133	Pfam	PF01582	TIR domain	14	177	7.5E-37	T	15-06-2017	IPR000157	Toll/interleukin-1 receptor homology (TIR) domain
ALYR|T44070-R1	624c420300fb05138d8b36f21de9611f	1133	Pfam	PF00931	NB-ARC domain	214	468	1.7E-22	T	15-06-2017	IPR002182	NB-ARC
ALYR|T44070-R1	624c420300fb05138d8b36f21de9611f	1133	Pfam	PF07725	Leucine Rich Repeat	633	652	8.8E-8	T	15-06-2017	IPR011713	Leucine-rich repeat 3
ALYR|T44074-R1	0e84df3b83487509264988adb1610b36	524	Pfam	PF00931	NB-ARC domain	78	273	1.2E-19	T	15-06-2017	IPR002182	NB-ARC
ALYR|T44075-R1	1ba948ce4150a919cd9fe82a6587d66b	1168	Pfam	PF01582	TIR domain	13	191	1.5E-27	T	15-06-2017	IPR000157	Toll/interleukin-1 receptor homology (TIR) domain
ALYR|T44075-R1	1ba948ce4150a919cd9fe82a6587d66b	1168	Pfam	PF00931	NB-ARC domain	225	470	1.9E-21	T	15-06-2017	IPR002182	NB-ARC
ALYR|T44076-R1	be69e6d74d7bf868f94a9bd98337cb92	588	Pfam	PF01582	TIR domain	10	167	4.4E-14	T	15-06-2017	IPR000157	Toll/interleukin-1 receptor homology (TIR) domain
ALYR|T44076-R1	be69e6d74d7bf868f94a9bd98337cb92	588	Pfam	PF00931	NB-ARC domain	177	378	9.1E-17	T	15-06-2017	IPR002182	NB-ARC
ALYR|T44079-R1	d17347812bfae5f1cbf4760f7953c8d5	418	Pfam	PF00931	NB-ARC domain	41	230	1.5E-15	T	15-06-2017	IPR002182	NB-ARC
ALYR|T44080-R1	d264a39ed2e482a0e91e664ba6495d0d	1013	Pfam	PF00931	NB-ARC domain	47	301	1.1E-31	T	15-06-2017	IPR002182	NB-ARC
ALYR|T44081-R1	2c3d45c217a280efddf97ef0e246ba9e	711	Pfam	PF00931	NB-ARC domain	259	425	1.5E-16	T	15-06-2017	IPR002182	NB-ARC
ALYR|T44081-R1	2c3d45c217a280efddf97ef0e246ba9e	711	Pfam	PF07725	Leucine Rich Repeat	586	605	4.5E-9	T	15-06-2017	IPR011713	Leucine-rich repeat 3
ALYR|T44081-R1	2c3d45c217a280efddf97ef0e246ba9e	711	Pfam	PF01582	TIR domain	9	179	2.8E-29	T	15-06-2017	IPR000157	Toll/interleukin-1 receptor homology (TIR) domain
ALYR|T44082-R1	86776b6407e22000814df51d4d42f5ae	1327	Pfam	PF01582	TIR domain	17	183	7.3E-31	T	15-06-2017	IPR000157	Toll/interleukin-1 receptor homology (TIR) domain
ALYR|T44082-R1	86776b6407e22000814df51d4d42f5ae	1327	Pfam	PF00931	NB-ARC domain	222	475	1.2E-31	T	15-06-2017	IPR002182	NB-ARC
ALYR|T44082-R1	86776b6407e22000814df51d4d42f5ae	1327	Pfam	PF07725	Leucine Rich Repeat	642	661	1.0E-5	T	15-06-2017	IPR011713	Leucine-rich repeat 3
ALYR|T44083-R1	d48c05263bfa7205bdd721c06423d689	524	Pfam	PF01582	TIR domain	14	194	2.7E-31	T	15-06-2017	IPR000157	Toll/interleukin-1 receptor homology (TIR) domain
ALYR|T44083-R1	d48c05263bfa7205bdd721c06423d689	524	Pfam	PF01582	TIR domain	342	508	1.3E-31	T	15-06-2017	IPR000157	Toll/interleukin-1 receptor homology (TIR) domain
ALYR|T44085-R1	ad59f31879d8303207d97ea61bc14898	165	Pfam	PF01582	TIR domain	12	70	9.9E-9	T	15-06-2017	IPR000157	Toll/interleukin-1 receptor homology (TIR) domain
ALYR|T44086-R1	c7c12c113b63b217256ad8e176161aed	712	Pfam	PF00931	NB-ARC domain	163	394	2.6E-23	T	15-06-2017	IPR002182	NB-ARC
ALYR|T44086-R1	c7c12c113b63b217256ad8e176161aed	712	Pfam	PF01582	TIR domain	48	150	6.0E-14	T	15-06-2017	IPR000157	Toll/interleukin-1 receptor homology (TIR) domain
ALYR|T44086-R1	c7c12c113b63b217256ad8e176161aed	712	Pfam	PF07725	Leucine Rich Repeat	541	560	9.8E-9	T	15-06-2017	IPR011713	Leucine-rich repeat 3
ALYR|T44087-R1	ecba1f041ed8746917b33688d7267daf	1091	Pfam	PF00931	NB-ARC domain	8	266	2.9E-25	T	15-06-2017	IPR002182	NB-ARC
ALYR|T44088-R1	8bb744d660e7b23b96656ba6c3a6a1fa	459	Pfam	PF00931	NB-ARC domain	174	401	4.2E-17	T	15-06-2017	IPR002182	NB-ARC
ALYR|T44088-R1	8bb744d660e7b23b96656ba6c3a6a1fa	459	Pfam	PF01582	TIR domain	48	155	2.7E-16	T	15-06-2017	IPR000157	Toll/interleukin-1 receptor homology (TIR) domain
ALYR|T44089-R1	f56edf58104b2316da603e08acf9f6f4	1150	Pfam	PF01582	TIR domain	14	174	1.3E-28	T	15-06-2017	IPR000157	Toll/interleukin-1 receptor homology (TIR) domain
ALYR|T44089-R1	f56edf58104b2316da603e08acf9f6f4	1150	Pfam	PF00931	NB-ARC domain	189	442	1.4E-22	T	15-06-2017	IPR002182	NB-ARC
ALYR|T44132-R1	a20b992f0a85776a8f6cd9bf1a39a593	329	Pfam	PF01582	TIR domain	16	183	3.0E-35	T	15-06-2017	IPR000157	Toll/interleukin-1 receptor homology (TIR) domain
ALYR|T44132-R1	a20b992f0a85776a8f6cd9bf1a39a593	329	Pfam	PF14299	Phloem protein 2	208	325	1.4E-16	T	15-06-2017	IPR025886	Phloem protein 2-like
ALYR|T44133-R1	e1627782d3e3310c5b49c5c3f0396920	1326	Pfam	PF03106	WRKY DNA -binding domain	1136	1193	6.5E-25	T	15-06-2017	IPR003657	WRKY domain
ALYR|T44133-R1	e1627782d3e3310c5b49c5c3f0396920	1326	Pfam	PF00931	NB-ARC domain	160	404	1.2E-27	T	15-06-2017	IPR002182	NB-ARC
ALYR|T44133-R1	e1627782d3e3310c5b49c5c3f0396920	1326	Pfam	PF07725	Leucine Rich Repeat	547	566	8.9E-9	T	15-06-2017	IPR011713	Leucine-rich repeat 3
ALYR|T44135-R1	dc4cf0c2206fc24033eff52424d97248	1146	Pfam	PF01582	TIR domain	15	179	8.6E-35	T	15-06-2017	IPR000157	Toll/interleukin-1 receptor homology (TIR) domain
ALYR|T44135-R1	dc4cf0c2206fc24033eff52424d97248	1146	Pfam	PF00931	NB-ARC domain	222	485	4.6E-24	T	15-06-2017	IPR002182	NB-ARC
ALYR|T44135-R1	dc4cf0c2206fc24033eff52424d97248	1146	Pfam	PF07725	Leucine Rich Repeat	627	646	1.7E-7	T	15-06-2017	IPR011713	Leucine-rich repeat 3
ALYR|T44137-R1	dae6acbef3a19389f23823e1a6fdd2b4	254	Pfam	PF14299	Phloem protein 2	125	250	9.5E-29	T	15-06-2017	IPR025886	Phloem protein 2-like
ALYR|T44137-R1	dae6acbef3a19389f23823e1a6fdd2b4	254	Pfam	PF01582	TIR domain	15	55	1.4E-4	T	15-06-2017	IPR000157	Toll/interleukin-1 receptor homology (TIR) domain
ALYR|T44137-R1	dae6acbef3a19389f23823e1a6fdd2b4	254	Pfam	PF01582	TIR domain	62	127	4.5E-8	T	15-06-2017	IPR000157	Toll/interleukin-1 receptor homology (TIR) domain
ALYR|T44141-R1	60ca3c2c26650ab9d4385edca7ef9b95	286	Pfam	PF01582	TIR domain	16	186	3.2E-35	T	15-06-2017	IPR000157	Toll/interleukin-1 receptor homology (TIR) domain
ALYR|T44142-R1	d9a9541b013c63df9489032c87d4e466	353	Pfam	PF01582	TIR domain	15	175	2.7E-34	T	15-06-2017	IPR000157	Toll/interleukin-1 receptor homology (TIR) domain
ALYR|T44142-R1	d9a9541b013c63df9489032c87d4e466	353	Pfam	PF14299	Phloem protein 2	198	352	3.8E-24	T	15-06-2017	IPR025886	Phloem protein 2-like
ALYR|T44143-R1	44b33488d9d35ec127de13efcac38645	390	Pfam	PF01582	TIR domain	16	178	2.2E-35	T	15-06-2017	IPR000157	Toll/interleukin-1 receptor homology (TIR) domain
ALYR|T44143-R1	44b33488d9d35ec127de13efcac38645	390	Pfam	PF14299	Phloem protein 2	236	388	9.0E-27	T	15-06-2017	IPR025886	Phloem protein 2-like
ALYR|T44146-R1	272c476243cdc3716c2921911ce9f93e	1132	Pfam	PF01582	TIR domain	14	133	2.0E-8	T	15-06-2017	IPR000157	Toll/interleukin-1 receptor homology (TIR) domain
ALYR|T44146-R1	272c476243cdc3716c2921911ce9f93e	1132	Pfam	PF00931	NB-ARC domain	162	399	3.0E-26	T	15-06-2017	IPR002182	NB-ARC
ALYR|T44146-R1	272c476243cdc3716c2921911ce9f93e	1132	Pfam	PF07725	Leucine Rich Repeat	571	587	4.8E-6	T	15-06-2017	IPR011713	Leucine-rich repeat 3
ALYR|T44147-R1	546dd49ef09a46a2d7ee7092cf0f8807	1395	Pfam	PF13966	zinc-binding in reverse transcriptase	1210	1294	1.7E-17	T	15-06-2017	IPR026960	Reverse transcriptase zinc-binding domain
ALYR|T44147-R1	546dd49ef09a46a2d7ee7092cf0f8807	1395	Pfam	PF01582	TIR domain	14	183	2.8E-37	T	15-06-2017	IPR000157	Toll/interleukin-1 receptor homology (TIR) domain
ALYR|T44147-R1	546dd49ef09a46a2d7ee7092cf0f8807	1395	Pfam	PF00931	NB-ARC domain	213	472	2.2E-25	T	15-06-2017	IPR002182	NB-ARC
ALYR|T44147-R1	546dd49ef09a46a2d7ee7092cf0f8807	1395	Pfam	PF07725	Leucine Rich Repeat	631	650	9.4E-8	T	15-06-2017	IPR011713	Leucine-rich repeat 3
ALYR|T44150-R1	5b701b92a800a5dfd1002e3cf4539767	362	Pfam	PF14299	Phloem protein 2	238	360	6.5E-24	T	15-06-2017	IPR025886	Phloem protein 2-like
ALYR|T44150-R1	5b701b92a800a5dfd1002e3cf4539767	362	Pfam	PF01582	TIR domain	25	202	1.4E-34	T	15-06-2017	IPR000157	Toll/interleukin-1 receptor homology (TIR) domain
ALYR|T44152-R1	a8c7b24aec3761d78ced7b1146245397	1148	Pfam	PF01582	TIR domain	15	179	1.3E-34	T	15-06-2017	IPR000157	Toll/interleukin-1 receptor homology (TIR) domain
ALYR|T44152-R1	a8c7b24aec3761d78ced7b1146245397	1148	Pfam	PF00931	NB-ARC domain	222	485	6.8E-24	T	15-06-2017	IPR002182	NB-ARC
ALYR|T44152-R1	a8c7b24aec3761d78ced7b1146245397	1148	Pfam	PF07725	Leucine Rich Repeat	643	662	9.3E-9	T	15-06-2017	IPR011713	Leucine-rich repeat 3
ALYR|T44153-R1	743c8d4213bc8fb3ae14d7bc054c9359	1360	Pfam	PF03106	WRKY DNA -binding domain	1171	1228	4.3E-24	T	15-06-2017	IPR003657	WRKY domain
ALYR|T44153-R1	743c8d4213bc8fb3ae14d7bc054c9359	1360	Pfam	PF01582	TIR domain	15	100	4.8E-5	T	15-06-2017	IPR000157	Toll/interleukin-1 receptor homology (TIR) domain
ALYR|T44153-R1	743c8d4213bc8fb3ae14d7bc054c9359	1360	Pfam	PF00931	NB-ARC domain	160	404	6.2E-27	T	15-06-2017	IPR002182	NB-ARC
ALYR|T44153-R1	743c8d4213bc8fb3ae14d7bc054c9359	1360	Pfam	PF07725	Leucine Rich Repeat	575	594	9.2E-9	T	15-06-2017	IPR011713	Leucine-rich repeat 3
ALYR|T44158-R1	b350acff7dac7fc1acb46cf10a2ea661	205	Pfam	PF01582	TIR domain	15	147	8.9E-30	T	15-06-2017	IPR000157	Toll/interleukin-1 receptor homology (TIR) domain
ALYR|T44158-R1	b350acff7dac7fc1acb46cf10a2ea661	205	Pfam	PF03953	Tubulin C-terminal domain	169	203	2.3E-6	T	15-06-2017	IPR018316	Tubulin/FtsZ, 2-layer sandwich domain
ALYR|T44174-R1	71748a5b7ecc6251ae74632cf909e20f	166	Pfam	PF01582	TIR domain	12	153	7.6E-24	T	15-06-2017	IPR000157	Toll/interleukin-1 receptor homology (TIR) domain
ALYR|T44175-R1	358cb262123eef95b0812064d1d994fc	242	Pfam	PF01582	TIR domain	12	154	4.4E-26	T	15-06-2017	IPR000157	Toll/interleukin-1 receptor homology (TIR) domain
ALYR|T44179-R1	cdf51b16ef224599017b7a3a3d1f94dc	205	Pfam	PF01582	TIR domain	12	154	8.0E-24	T	15-06-2017	IPR000157	Toll/interleukin-1 receptor homology (TIR) domain
ALYR|T44180-R1	358cb262123eef95b0812064d1d994fc	242	Pfam	PF01582	TIR domain	12	154	4.4E-26	T	15-06-2017	IPR000157	Toll/interleukin-1 receptor homology (TIR) domain
ALYR|T44181-R1	e335a3f6f7c783cf5145e68f8f046b67	252	Pfam	PF01582	TIR domain	17	185	9.5E-35	T	15-06-2017	IPR000157	Toll/interleukin-1 receptor homology (TIR) domain
ALYR|T44181-R1	NA	252	Coils	Coil	maj_vote_coils_paircoils_nlrparser	170	204	NA	NA	NA	NA	NA	NA	NA
ALYR|T44185-R1	3ecfe2d28cf2c1cdeb5e7baa27a9ec14	865	Pfam	PF01582	TIR domain	16	78	1.8E-6	T	15-06-2017	IPR000157	Toll/interleukin-1 receptor homology (TIR) domain
ALYR|T44185-R1	3ecfe2d28cf2c1cdeb5e7baa27a9ec14	865	Pfam	PF00931	NB-ARC domain	173	423	1.5E-23	T	15-06-2017	IPR002182	NB-ARC
ALYR|T44187-R1	71748a5b7ecc6251ae74632cf909e20f	166	Pfam	PF01582	TIR domain	12	153	7.6E-24	T	15-06-2017	IPR000157	Toll/interleukin-1 receptor homology (TIR) domain
ALYR|T44188-R1	0a6259516709740d44cfedc9caef2a9f	242	Pfam	PF01582	TIR domain	12	154	4.4E-26	T	15-06-2017	IPR000157	Toll/interleukin-1 receptor homology (TIR) domain
ALYR|T44189-R1	b0d8da9e2f5b50b3306ad6c72eba4630	252	Pfam	PF01582	TIR domain	17	185	9.8E-35	T	15-06-2017	IPR000157	Toll/interleukin-1 receptor homology (TIR) domain
ALYR|T44189-R1	NA	252	Coils	Coil	maj_vote_coils_paircoils_nlrparser	170	204	NA	NA	NA	NA	NA	NA	NA
ALYR|T44194-R1	f29ec247c561f99fa37fbd22fb8b4acc	1156	Pfam	PF01582	TIR domain	16	174	2.0E-30	T	15-06-2017	IPR000157	Toll/interleukin-1 receptor homology (TIR) domain
ALYR|T44194-R1	f29ec247c561f99fa37fbd22fb8b4acc	1156	Pfam	PF00931	NB-ARC domain	277	525	2.7E-21	T	15-06-2017	IPR002182	NB-ARC
ALYR|T44194-R1	f29ec247c561f99fa37fbd22fb8b4acc	1156	Pfam	PF07725	Leucine Rich Repeat	683	702	2.7E-5	T	15-06-2017	IPR011713	Leucine-rich repeat 3
ALYR|T44305.2-R1	28aea1d38ed1acb649bb1fc57f23fb53	1153	Pfam	PF00931	NB-ARC domain	223	477	9.1E-24	T	15-06-2017	IPR002182	NB-ARC
ALYR|T44305.2-R1	28aea1d38ed1acb649bb1fc57f23fb53	1153	Pfam	PF01582	TIR domain	41	216	5.4E-49	T	15-06-2017	IPR000157	Toll/interleukin-1 receptor homology (TIR) domain
ALYR|T44305.2-R1	28aea1d38ed1acb649bb1fc57f23fb53	1153	Pfam	PF07725	Leucine Rich Repeat	635	653	3.7E-7	T	15-06-2017	IPR011713	Leucine-rich repeat 3
ALYR|T44498-R1	61de19567c6dbe7a74d8c449e2d76ecf	800	Pfam	PF00931	NB-ARC domain	159	437	1.1E-87	T	15-06-2017	IPR002182	NB-ARC
ALYR|T44498-R1	NA	800	Coils	Coil	maj_vote_coils_paircoils_nlrparser	28	62	NA	NA	NA	NA	NA	NA	NA
ALYR|T44514-R1	35e94be9aa2b27b4384e8d9e6047e8c1	545	Pfam	PF13855	Leucine rich repeat	226	286	1.6E-10	T	15-06-2017	IPR001611	Leucine-rich repeat
ALYR|T44514-R1	35e94be9aa2b27b4384e8d9e6047e8c1	545	Pfam	PF00931	NB-ARC domain	6	132	3.8E-35	T	15-06-2017	IPR002182	NB-ARC
ALYR|T44517-R2	09c35fa2ed50f3d81b72f34dbf113ed8	536	Pfam	PF13855	Leucine rich repeat	445	505	1.0E-10	T	15-06-2017	IPR001611	Leucine-rich repeat
ALYR|T44517-R2	09c35fa2ed50f3d81b72f34dbf113ed8	536	Pfam	PF00931	NB-ARC domain	72	351	6.9E-88	T	15-06-2017	IPR002182	NB-ARC
ALYR|T44843-R1	531787945d53d0e2127f757f0ba39f84	944	Pfam	PF00931	NB-ARC domain	243	495	2.4E-25	T	15-06-2017	IPR002182	NB-ARC
ALYR|T44843-R1	531787945d53d0e2127f757f0ba39f84	944	Pfam	PF01582	TIR domain	63	240	6.3E-53	T	15-06-2017	IPR000157	Toll/interleukin-1 receptor homology (TIR) domain
ALYR|T44843-R1	531787945d53d0e2127f757f0ba39f84	944	Pfam	PF07725	Leucine Rich Repeat	656	675	1.9E-10	T	15-06-2017	IPR011713	Leucine-rich repeat 3
ALYR|T44844-R1	dba8de59793e0714584cb714b5acacc1	1254	Pfam	PF00931	NB-ARC domain	243	360	9.9E-7	T	15-06-2017	IPR002182	NB-ARC
ALYR|T44844-R1	dba8de59793e0714584cb714b5acacc1	1254	Pfam	PF07725	Leucine Rich Repeat	606	624	3.2E-6	T	15-06-2017	IPR011713	Leucine-rich repeat 3
ALYR|T44844-R1	dba8de59793e0714584cb714b5acacc1	1254	Pfam	PF01582	TIR domain	63	240	9.7E-53	T	15-06-2017	IPR000157	Toll/interleukin-1 receptor homology (TIR) domain
ALYR|T44990-R1	e67b0554357889e4ece316750f9c7120	399	Pfam	PF00931	NB-ARC domain	215	339	1.2E-8	T	15-06-2017	IPR002182	NB-ARC
ALYR|T44990-R1	e67b0554357889e4ece316750f9c7120	399	Pfam	PF01582	TIR domain	38	206	2.7E-47	T	15-06-2017	IPR000157	Toll/interleukin-1 receptor homology (TIR) domain
ALYR|T45010-R1	b5bdb9c2ca0fb0c798a35cf27a4daf19	124	Pfam	PF00931	NB-ARC domain	2	123	4.8E-29	T	15-06-2017	IPR002182	NB-ARC
ALYR|T45818-R1	9b2269ef97ef0716e4f988dd24712eef	147	Pfam	PF01582	TIR domain	2	131	4.2E-35	T	15-06-2017	IPR000157	Toll/interleukin-1 receptor homology (TIR) domain
ALYR|T46299-R1	390c49033ae340d08bfb77861d7be973	341	Pfam	PF00931	NB-ARC domain	165	332	1.2E-57	T	15-06-2017	IPR002182	NB-ARC
ALYR|T46299-R1	NA	341	Coils	Coil	maj_vote_coils_paircoils_nlrparser	9	60	NA	NA	NA	NA	NA	NA	NA
ALYR|T46301-R1	9184ad453c0fea3dc9f5b0d2b6529bf0	141	Pfam	PF00931	NB-ARC domain	1	106	1.3E-30	T	15-06-2017	IPR002182	NB-ARC
ALYR|T46304-R1	NA	856	Coils	Coil	maj_vote_coils_paircoils_nlrparser	13	64	NA	NA	NA	NA	NA	NA	NA
ALYR|T46304-R1	2a0807a88d036d0f1f58b68888698e41	856	Pfam	PF00931	NB-ARC domain	169	454	2.4E-97	T	15-06-2017	IPR002182	NB-ARC
ALYR|T46532-R1	9b2269ef97ef0716e4f988dd24712eef	147	Pfam	PF01582	TIR domain	2	131	4.2E-35	T	15-06-2017	IPR000157	Toll/interleukin-1 receptor homology (TIR) domain
ALYR|T47764-R1	3c95e7af95a5abba245ea1cd871c9c18	913	Pfam	PF00931	NB-ARC domain	407	543	7.0E-6	T	15-06-2017	IPR002182	NB-ARC
ALYR|T49163-R1	2a56318a2194d3948f96a0f6ec31e7d0	813	Pfam	PF05659	Arabidopsis broad-spectrum mildew resistance protein RPW8	10	128	4.7E-28	T	15-06-2017	IPR008808	Powdery mildew resistance protein, RPW8 domain
ALYR|T49163-R1	2a56318a2194d3948f96a0f6ec31e7d0	813	Pfam	PF00931	NB-ARC domain	176	438	6.7E-30	T	15-06-2017	IPR002182	NB-ARC
ALYR|T50374-R1	9d42b65b4deead3c53002ca0f877d02c	1129	Pfam	PF00931	NB-ARC domain	304	424	1.0E-9	T	15-06-2017	IPR002182	NB-ARC
ALYR|T50374-R1	9d42b65b4deead3c53002ca0f877d02c	1129	Pfam	PF07725	Leucine Rich Repeat	572	591	1.5E-9	T	15-06-2017	IPR011713	Leucine-rich repeat 3
ALYR|T50374-R1	9d42b65b4deead3c53002ca0f877d02c	1129	Pfam	PF01582	TIR domain	63	240	1.7E-52	T	15-06-2017	IPR000157	Toll/interleukin-1 receptor homology (TIR) domain
ALYR|T50376-R1	13dd2ef209addb817f5b9d653ae82efd	1012	Pfam	PF00931	NB-ARC domain	243	360	2.6E-7	T	15-06-2017	IPR002182	NB-ARC
ALYR|T50376-R1	13dd2ef209addb817f5b9d653ae82efd	1012	Pfam	PF07725	Leucine Rich Repeat	605	624	1.8E-8	T	15-06-2017	IPR011713	Leucine-rich repeat 3
ALYR|T50376-R1	13dd2ef209addb817f5b9d653ae82efd	1012	Pfam	PF01582	TIR domain	63	240	2.6E-51	T	15-06-2017	IPR000157	Toll/interleukin-1 receptor homology (TIR) domain
ALYR|T50377-R1	aaace32eb6ff27f45dc4e3b92f4d0142	982	Pfam	PF07725	Leucine Rich Repeat	547	566	8.4E-9	T	15-06-2017	IPR011713	Leucine-rich repeat 3
ALYR|T50377-R1	aaace32eb6ff27f45dc4e3b92f4d0142	982	Pfam	PF01582	TIR domain	63	240	1.5E-52	T	15-06-2017	IPR000157	Toll/interleukin-1 receptor homology (TIR) domain
ALYR|T50381-R1	195b929d95015363535ff92c4278d156	1121	Pfam	PF00931	NB-ARC domain	247	501	1.5E-21	T	15-06-2017	IPR002182	NB-ARC
ALYR|T50381-R1	195b929d95015363535ff92c4278d156	1121	Pfam	PF01582	TIR domain	63	240	6.4E-53	T	15-06-2017	IPR000157	Toll/interleukin-1 receptor homology (TIR) domain
ALYR|T50381-R1	195b929d95015363535ff92c4278d156	1121	Pfam	PF07725	Leucine Rich Repeat	656	675	1.5E-9	T	15-06-2017	IPR011713	Leucine-rich repeat 3
ALYR|T50731-R1	951ff02f4e85af988816146f503c0f1a	741	Pfam	PF00931	NB-ARC domain	171	323	4.1E-47	T	15-06-2017	IPR002182	NB-ARC
ALYR|T50731-R1	951ff02f4e85af988816146f503c0f1a	741	Pfam	PF13855	Leucine rich repeat	424	480	7.6E-8	T	15-06-2017	IPR001611	Leucine-rich repeat
ALYR|T50731-R1	951ff02f4e85af988816146f503c0f1a	741	Pfam	PF00931	NB-ARC domain	72	156	6.7E-18	T	15-06-2017	IPR002182	NB-ARC
ALYR|T50772-R1	NA	696	Coils	Coil	maj_vote_coils_paircoils_nlrparser	15	64	NA	NA	NA	NA	NA	NA	NA
ALYR|T50772-R1	77d4491231c060229be741c314b3ea7e	696	Pfam	PF00931	NB-ARC domain	169	454	5.9E-97	T	15-06-2017	IPR002182	NB-ARC
ALYR|T50792-R1	f4257cb02423706a8176cb6a5d13d6ce	338	Pfam	PF01582	TIR domain	73	122	1.2E-6	T	15-06-2017	IPR000157	Toll/interleukin-1 receptor homology (TIR) domain
ALYR|T50911-R1	110674ba9896257ad6a6f2928d299fca	308	Pfam	PF14299	Phloem protein 2	151	306	2.7E-30	T	15-06-2017	IPR025886	Phloem protein 2-like
ALYR|T50911-R1	110674ba9896257ad6a6f2928d299fca	308	Pfam	PF01582	TIR domain	22	125	1.4E-7	T	15-06-2017	IPR000157	Toll/interleukin-1 receptor homology (TIR) domain
ALYR|T50912-R1	fd9f0374e792aeac6e9a89ec7a75a86c	393	Pfam	PF01582	TIR domain	16	181	1.2E-35	T	15-06-2017	IPR000157	Toll/interleukin-1 receptor homology (TIR) domain
ALYR|T50912-R1	fd9f0374e792aeac6e9a89ec7a75a86c	393	Pfam	PF14299	Phloem protein 2	239	391	2.3E-26	T	15-06-2017	IPR025886	Phloem protein 2-like
ALYR|T50913-R1	5f6dcf4ea3189512bde66d3b1e9ee95f	353	Pfam	PF01582	TIR domain	15	172	6.3E-34	T	15-06-2017	IPR000157	Toll/interleukin-1 receptor homology (TIR) domain
ALYR|T50913-R1	5f6dcf4ea3189512bde66d3b1e9ee95f	353	Pfam	PF14299	Phloem protein 2	198	352	6.5E-24	T	15-06-2017	IPR025886	Phloem protein 2-like
ALYR|T50914-R1	8d34520d968308746ab308a6f7d1db1c	367	Pfam	PF01582	TIR domain	16	113	7.9E-26	T	15-06-2017	IPR000157	Toll/interleukin-1 receptor homology (TIR) domain
ALYR|T50914-R1	8d34520d968308746ab308a6f7d1db1c	367	Pfam	PF14299	Phloem protein 2	206	365	4.6E-27	T	15-06-2017	IPR025886	Phloem protein 2-like
ALYR|T51312-R1	4659204c062088f993832bf05e06dd66	156	Pfam	PF01582	TIR domain	28	147	5.6E-9	T	15-06-2017	IPR000157	Toll/interleukin-1 receptor homology (TIR) domain
ALYR|T51314-R1	a3a66071dfa22796a4d2f558634e3c19	149	Pfam	PF01582	TIR domain	10	137	7.4E-11	T	15-06-2017	IPR000157	Toll/interleukin-1 receptor homology (TIR) domain
ALYR|T51315-R1	6784f87dae2150328e566f9b5f0f9e68	160	Pfam	PF01582	TIR domain	15	147	4.0E-31	T	15-06-2017	IPR000157	Toll/interleukin-1 receptor homology (TIR) domain
ALYR|T51760-R1	2176507f5395b26b8e2fd9be1c8ea46d	129	Pfam	PF00931	NB-ARC domain	1	106	1.8E-31	T	15-06-2017	IPR002182	NB-ARC
ALYR|T51761-R1	NA	310	Coils	Coil	maj_vote_coils_paircoils_nlrparser	10	64	NA	NA	NA	NA	NA	NA	NA
ALYR|T51761-R1	a11ca54e6ea41aea48ea2544b7cb9a2c	310	Pfam	PF00931	NB-ARC domain	169	292	3.7E-43	T	15-06-2017	IPR002182	NB-ARC
ALYR|T51931-R1	381e3ad0e493294e7e36c7bf2745c177	1132	Pfam	PF01582	TIR domain	10	175	8.2E-35	T	15-06-2017	IPR000157	Toll/interleukin-1 receptor homology (TIR) domain
ALYR|T51931-R1	381e3ad0e493294e7e36c7bf2745c177	1132	Pfam	PF00931	NB-ARC domain	207	460	6.2E-27	T	15-06-2017	IPR002182	NB-ARC
ALYR|T51932-R1	25a7c1b74653652bff52249c3ddf4bc9	430	Pfam	PF00931	NB-ARC domain	19	145	1.7E-11	T	15-06-2017	IPR002182	NB-ARC
ALYR|T51932-R1	25a7c1b74653652bff52249c3ddf4bc9	430	Pfam	PF07725	Leucine Rich Repeat	305	324	6.0E-10	T	15-06-2017	IPR011713	Leucine-rich repeat 3
ALYR|T52238-R1	NA	202	Coils	Coil	maj_vote_coils_paircoils_nlrparser	13	64	NA	NA	NA	NA	NA	NA	NA
ALYR|T52238-R1	57fc323812c2e9437099d07c085a7c68	202	Pfam	PF00931	NB-ARC domain	136	197	2.3E-19	T	15-06-2017	IPR002182	NB-ARC
ALYR|T52415-R1	ba2f66bc4f8b56e145f0c7f6e2212f2a	182	Pfam	PF00931	NB-ARC domain	41	173	8.8E-14	T	15-06-2017	IPR002182	NB-ARC
