CRUB|T00916-R1	e9ac0a6ce07ed5130fea9f30d1380f4a	176	Pfam	PF01582	TIR domain	33	163	1.6E-32	T	15-06-2017	IPR000157	Toll/interleukin-1 receptor homology (TIR) domain
CRUB|T01064.1-R1	NA	916	Coils	Coil	maj_vote_coils_paircoils_nlrparser	13	64	NA	NA	NA	NA	NA	NA	NA
CRUB|T01064.1-R1	97e4b9fb657e74afa8bcc0beca47a0e8	916	Pfam	PF00931	NB-ARC domain	169	461	7.7E-101	T	15-06-2017	IPR002182	NB-ARC
CRUB|T01211-R1	067c25e18616b841aa19baece3fc3892	894	Pfam	PF00931	NB-ARC domain	161	443	2.1E-94	T	15-06-2017	IPR002182	NB-ARC
CRUB|T01211-R1	NA	894	Coils	Coil	maj_vote_coils_paircoils_nlrparser	29	56	NA	NA	NA	NA	NA	NA	NA
CRUB|T01211-R1	067c25e18616b841aa19baece3fc3892	894	Pfam	PF13855	Leucine rich repeat	541	598	1.5E-9	T	15-06-2017	IPR001611	Leucine-rich repeat
CRUB|T01212-R1	85dcf38ef53ef08dbe15a5a1babd7652	882	Pfam	PF00931	NB-ARC domain	159	438	2.9E-92	T	15-06-2017	IPR002182	NB-ARC
CRUB|T01212-R1	NA	882	Coils	Coil	maj_vote_coils_paircoils_nlrparser	29	56	NA	NA	NA	NA	NA	NA	NA
CRUB|T01212-R1	85dcf38ef53ef08dbe15a5a1babd7652	882	Pfam	PF13855	Leucine rich repeat	540	599	3.5E-12	T	15-06-2017	IPR001611	Leucine-rich repeat
CRUB|T01600-R1	f31b6501c03ac6c7dfaa3467bc61fb85	815	Pfam	PF00931	NB-ARC domain	136	398	8.6E-73	T	15-06-2017	IPR002182	NB-ARC
CRUB|T01600-R1	NA	815	Coils	Coil	maj_vote_coils_paircoils_nlrparser	16	43	NA	NA	NA	NA	NA	NA	NA
CRUB|T01600-R1	f31b6501c03ac6c7dfaa3467bc61fb85	815	Pfam	PF13855	Leucine rich repeat	496	553	9.8E-11	T	15-06-2017	IPR001611	Leucine-rich repeat
CRUB|T01766-R1	5bc5e80860b973c228d1354f49336c6d	375	Pfam	PF01582	TIR domain	14	184	9.0E-46	T	15-06-2017	IPR000157	Toll/interleukin-1 receptor homology (TIR) domain
CRUB|T02437-R1	bd85e3dd951654dd2793519757b8e21c	1424	Pfam	PF01582	TIR domain	13	174	3.5E-35	T	15-06-2017	IPR000157	Toll/interleukin-1 receptor homology (TIR) domain
CRUB|T02437-R1	bd85e3dd951654dd2793519757b8e21c	1424	Pfam	PF00931	NB-ARC domain	206	465	4.1E-33	T	15-06-2017	IPR002182	NB-ARC
CRUB|T02438-R1	9eed05620ad7c2da6515dd707eb9f885	162	Pfam	PF01582	TIR domain	15	147	3.3E-28	T	15-06-2017	IPR000157	Toll/interleukin-1 receptor homology (TIR) domain
CRUB|T03268-R1	1a6c42ab8683075af7b8885db86ec608	787	Pfam	PF05659	Arabidopsis broad-spectrum mildew resistance protein RPW8	12	127	4.4E-11	T	15-06-2017	IPR008808	Powdery mildew resistance protein, RPW8 domain
CRUB|T03268-R1	1a6c42ab8683075af7b8885db86ec608	787	Pfam	PF00931	NB-ARC domain	227	413	1.9E-27	T	15-06-2017	IPR002182	NB-ARC
CRUB|T04705-R1	9cad594807723c3eef5c23379aaf5e06	928	Pfam	PF00931	NB-ARC domain	169	459	3.5E-77	T	15-06-2017	IPR002182	NB-ARC
CRUB|T04705-R1	NA	928	Coils	Coil	maj_vote_coils_paircoils_nlrparser	28	58	NA	NA	NA	NA	NA	NA	NA
CRUB|T04975-R1	7683362e85304511aa48bb5bcd14691d	381	Pfam	PF00931	NB-ARC domain	154	369	6.6E-60	T	15-06-2017	IPR002182	NB-ARC
CRUB|T05019-R1	3abb04323863445adb6cb7e8a3979ac1	203	Pfam	PF01582	TIR domain	39	135	3.2E-19	T	15-06-2017	IPR000157	Toll/interleukin-1 receptor homology (TIR) domain
CRUB|T05070-R1	NA	1255	Coils	Coil	maj_vote_coils_paircoils_nlrparser	380	434	NA	NA	NA	NA	NA	NA	NA
CRUB|T05070-R1	31c596b41c6e917f4e6f550b72dece99	1255	Pfam	PF00931	NB-ARC domain	534	801	9.2E-82	T	15-06-2017	IPR002182	NB-ARC
CRUB|T05733-R1	e49969898b876b5a944325dc8b14bf83	1172	Pfam	PF01582	TIR domain	15	182	1.6E-33	T	15-06-2017	IPR000157	Toll/interleukin-1 receptor homology (TIR) domain
CRUB|T05733-R1	e49969898b876b5a944325dc8b14bf83	1172	Pfam	PF00931	NB-ARC domain	215	465	3.8E-30	T	15-06-2017	IPR002182	NB-ARC
CRUB|T05733-R1	e49969898b876b5a944325dc8b14bf83	1172	Pfam	PF07725	Leucine Rich Repeat	627	646	2.3E-6	T	15-06-2017	IPR011713	Leucine-rich repeat 3
CRUB|T05734-R1	fe6b61cb3e1995dae556d391b0af7c1c	1946	Pfam	PF07725	Leucine Rich Repeat	1096	1115	1.2E-8	T	15-06-2017	IPR011713	Leucine-rich repeat 3
CRUB|T05734-R1	fe6b61cb3e1995dae556d391b0af7c1c	1946	Pfam	PF01582	TIR domain	1669	1838	4.8E-37	T	15-06-2017	IPR000157	Toll/interleukin-1 receptor homology (TIR) domain
CRUB|T05734-R1	fe6b61cb3e1995dae556d391b0af7c1c	1946	Pfam	PF00931	NB-ARC domain	227	461	9.1E-20	T	15-06-2017	IPR002182	NB-ARC
CRUB|T05734-R1	fe6b61cb3e1995dae556d391b0af7c1c	1946	Pfam	PF01582	TIR domain	48	226	1.9E-40	T	15-06-2017	IPR000157	Toll/interleukin-1 receptor homology (TIR) domain
CRUB|T05734-R1	fe6b61cb3e1995dae556d391b0af7c1c	1946	Pfam	PF01582	TIR domain	536	668	4.9E-8	T	15-06-2017	IPR000157	Toll/interleukin-1 receptor homology (TIR) domain
CRUB|T05734-R1	fe6b61cb3e1995dae556d391b0af7c1c	1946	Pfam	PF00931	NB-ARC domain	678	927	6.9E-24	T	15-06-2017	IPR002182	NB-ARC
CRUB|T06043-R1	1d5ca08bfd6e6961e58f799d305b644e	816	Pfam	PF00931	NB-ARC domain	195	443	1.4E-37	T	15-06-2017	IPR002182	NB-ARC
CRUB|T06043-R1	1d5ca08bfd6e6961e58f799d305b644e	816	Pfam	PF05659	Arabidopsis broad-spectrum mildew resistance protein RPW8	8	126	2.9E-13	T	15-06-2017	IPR008808	Powdery mildew resistance protein, RPW8 domain
CRUB|T06703-R1	daf5aa23f4a979249cf9fef955329b03	985	Pfam	PF00931	NB-ARC domain	154	432	2.0E-69	T	15-06-2017	IPR002182	NB-ARC
CRUB|T06703-R1	daf5aa23f4a979249cf9fef955329b03	985	Pfam	PF13855	Leucine rich repeat	529	585	1.5E-7	T	15-06-2017	IPR001611	Leucine-rich repeat
CRUB|T06825-R1	f93f33df07d8fc5c7b0d77ca9c053fd4	615	Pfam	PF00931	NB-ARC domain	158	437	8.9E-90	T	15-06-2017	IPR002182	NB-ARC
CRUB|T06825-R1	NA	615	Coils	Coil	maj_vote_coils_paircoils_nlrparser	33	53	NA	NA	NA	NA	NA	NA	NA
CRUB|T06825-R1	f93f33df07d8fc5c7b0d77ca9c053fd4	615	Pfam	PF13855	Leucine rich repeat	531	591	1.6E-10	T	15-06-2017	IPR001611	Leucine-rich repeat
CRUB|T07103-R1	d78634e738e829127fcaf9012f99511f	970	Pfam	PF13676	TIR domain	153	230	1.3E-6	T	15-06-2017	IPR000157	Toll/interleukin-1 receptor homology (TIR) domain
CRUB|T07103-R1	d78634e738e829127fcaf9012f99511f	970	Pfam	PF00931	NB-ARC domain	433	620	1.2E-7	T	15-06-2017	IPR002182	NB-ARC
CRUB|T07111-R1	e3da1ca73fb0f6bf5d1d44b04a248990	630	Pfam	PF01582	TIR domain	11	187	1.1E-24	T	15-06-2017	IPR000157	Toll/interleukin-1 receptor homology (TIR) domain
CRUB|T07111-R1	e3da1ca73fb0f6bf5d1d44b04a248990	630	Pfam	PF01582	TIR domain	374	501	1.7E-10	T	15-06-2017	IPR000157	Toll/interleukin-1 receptor homology (TIR) domain
CRUB|T07112-R1	d2eb80cfd29480c93c9992ff1d433004	312	Pfam	PF01582	TIR domain	10	192	2.2E-30	T	15-06-2017	IPR000157	Toll/interleukin-1 receptor homology (TIR) domain
CRUB|T07113-R1	9dd3fbcd208a3d76f81ba3957b8013bb	366	Pfam	PF01582	TIR domain	10	189	1.8E-30	T	15-06-2017	IPR000157	Toll/interleukin-1 receptor homology (TIR) domain
CRUB|T07503-R1	8c345a1f77c7d4998a9d9c1b442c91e0	250	Pfam	PF01582	TIR domain	22	181	4.1E-26	T	15-06-2017	IPR000157	Toll/interleukin-1 receptor homology (TIR) domain
CRUB|T07504-R1	a70fa1fb8d319ec4f41556c35a68dd7d	248	Pfam	PF01582	TIR domain	14	138	3.8E-24	T	15-06-2017	IPR000157	Toll/interleukin-1 receptor homology (TIR) domain
CRUB|T07542-R1	4e7dd6714ec0a6a36791adcccb6ff47e	1146	Pfam	PF01582	TIR domain	13	185	3.9E-36	T	15-06-2017	IPR000157	Toll/interleukin-1 receptor homology (TIR) domain
CRUB|T07542-R1	4e7dd6714ec0a6a36791adcccb6ff47e	1146	Pfam	PF00931	NB-ARC domain	211	465	9.2E-22	T	15-06-2017	IPR002182	NB-ARC
CRUB|T07542-R1	4e7dd6714ec0a6a36791adcccb6ff47e	1146	Pfam	PF07725	Leucine Rich Repeat	625	641	9.0E-5	T	15-06-2017	IPR011713	Leucine-rich repeat 3
CRUB|T07543-R1	0a52eab3ad16538e0c2b2554e3ef9159	1005	Pfam	PF00931	NB-ARC domain	175	418	1.8E-16	T	15-06-2017	IPR002182	NB-ARC
CRUB|T07543-R1	0a52eab3ad16538e0c2b2554e3ef9159	1005	Pfam	PF07725	Leucine Rich Repeat	575	594	6.3E-10	T	15-06-2017	IPR011713	Leucine-rich repeat 3
CRUB|T07543-R1	0a52eab3ad16538e0c2b2554e3ef9159	1005	Pfam	PF01582	TIR domain	8	161	1.1E-16	T	15-06-2017	IPR000157	Toll/interleukin-1 receptor homology (TIR) domain
CRUB|T07544-R1	9fadfc8de76c05a61a2c6dac2927163b	1206	Pfam	PF01582	TIR domain	16	183	1.1E-38	T	15-06-2017	IPR000157	Toll/interleukin-1 receptor homology (TIR) domain
CRUB|T07544-R1	9fadfc8de76c05a61a2c6dac2927163b	1206	Pfam	PF00931	NB-ARC domain	211	444	1.3E-28	T	15-06-2017	IPR002182	NB-ARC
CRUB|T07544-R1	9fadfc8de76c05a61a2c6dac2927163b	1206	Pfam	PF13855	Leucine rich repeat	842	897	1.4E-6	T	15-06-2017	IPR001611	Leucine-rich repeat
CRUB|T07546-R1	13e013f5fe1dd14f1122173ca884b284	944	Pfam	PF04852	Protein of unknown function (DUF640)	218	257	1.4E-6	T	15-06-2017	IPR006936	ALOG domain
CRUB|T07546-R1	13e013f5fe1dd14f1122173ca884b284	944	Pfam	PF01582	TIR domain	314	405	4.2E-14	T	15-06-2017	IPR000157	Toll/interleukin-1 receptor homology (TIR) domain
CRUB|T07546-R1	13e013f5fe1dd14f1122173ca884b284	944	Pfam	PF00931	NB-ARC domain	498	653	4.1E-15	T	15-06-2017	IPR002182	NB-ARC
CRUB|T07546-R1	13e013f5fe1dd14f1122173ca884b284	944	Pfam	PF07725	Leucine Rich Repeat	810	829	4.7E-9	T	15-06-2017	IPR011713	Leucine-rich repeat 3
CRUB|T07584-R1	11248da98ac3a6f918c0eb573794990b	1205	Pfam	PF00931	NB-ARC domain	9	302	2.0E-12	T	15-06-2017	IPR002182	NB-ARC
CRUB|T07832-R1	b641fe82dc86474c0e390a86dc891f40	1331	Pfam	PF01582	TIR domain	121	296	1.5E-47	T	15-06-2017	IPR000157	Toll/interleukin-1 receptor homology (TIR) domain
CRUB|T07832-R1	b641fe82dc86474c0e390a86dc891f40	1331	Pfam	PF00931	NB-ARC domain	299	547	2.5E-18	T	15-06-2017	IPR002182	NB-ARC
CRUB|T07832-R1	b641fe82dc86474c0e390a86dc891f40	1331	Pfam	PF07725	Leucine Rich Repeat	703	721	1.0E-7	T	15-06-2017	IPR011713	Leucine-rich repeat 3
CRUB|T07937-R1	NA	828	Coils	Coil	maj_vote_coils_paircoils_nlrparser	22	51	NA	NA	NA	NA	NA	NA	NA
CRUB|T07937-R1	40a9e4bbd6a6984d04c45099d5b3ec91	828	Pfam	PF00931	NB-ARC domain	230	420	1.6E-59	T	15-06-2017	IPR002182	NB-ARC
CRUB|T08196-R1	3a5dee21cfcd4bb88bf6f2862077208f	1047	Pfam	PF01582	TIR domain	13	187	5.3E-51	T	15-06-2017	IPR000157	Toll/interleukin-1 receptor homology (TIR) domain
CRUB|T08196-R1	3a5dee21cfcd4bb88bf6f2862077208f	1047	Pfam	PF00931	NB-ARC domain	191	447	8.5E-22	T	15-06-2017	IPR002182	NB-ARC
CRUB|T08196-R1	3a5dee21cfcd4bb88bf6f2862077208f	1047	Pfam	PF07725	Leucine Rich Repeat	602	621	2.9E-6	T	15-06-2017	IPR011713	Leucine-rich repeat 3
CRUB|T08224-R1	882aa89641888737322a9e914f103a00	874	Pfam	PF01582	TIR domain	11	182	7.8E-45	T	15-06-2017	IPR000157	Toll/interleukin-1 receptor homology (TIR) domain
CRUB|T08224-R1	882aa89641888737322a9e914f103a00	874	Pfam	PF00931	NB-ARC domain	200	406	9.2E-18	T	15-06-2017	IPR002182	NB-ARC
CRUB|T08224-R1	882aa89641888737322a9e914f103a00	874	Pfam	PF07725	Leucine Rich Repeat	574	593	5.7E-7	T	15-06-2017	IPR011713	Leucine-rich repeat 3
CRUB|T08225-R1	abb434f0b8124008ea5634a2b353a9c3	874	Pfam	PF01582	TIR domain	11	186	5.9E-46	T	15-06-2017	IPR000157	Toll/interleukin-1 receptor homology (TIR) domain
CRUB|T08225-R1	abb434f0b8124008ea5634a2b353a9c3	874	Pfam	PF00931	NB-ARC domain	200	406	4.4E-19	T	15-06-2017	IPR002182	NB-ARC
CRUB|T08225-R1	abb434f0b8124008ea5634a2b353a9c3	874	Pfam	PF07725	Leucine Rich Repeat	574	593	5.7E-7	T	15-06-2017	IPR011713	Leucine-rich repeat 3
CRUB|T08365-R1	164b15dc89f0621ce537421a23e5c89c	1146	Pfam	PF01582	TIR domain	13	178	1.0E-29	T	15-06-2017	IPR000157	Toll/interleukin-1 receptor homology (TIR) domain
CRUB|T08365-R1	164b15dc89f0621ce537421a23e5c89c	1146	Pfam	PF00931	NB-ARC domain	211	458	2.2E-23	T	15-06-2017	IPR002182	NB-ARC
CRUB|T08369-R1	2b4f99810e7cac7b4c5aeb8ab11d7249	613	Pfam	PF00931	NB-ARC domain	168	360	3.0E-12	T	15-06-2017	IPR002182	NB-ARC
CRUB|T08369-R1	2b4f99810e7cac7b4c5aeb8ab11d7249	613	Pfam	PF01582	TIR domain	47	154	5.4E-13	T	15-06-2017	IPR000157	Toll/interleukin-1 receptor homology (TIR) domain
CRUB|T08523-R1	8d0e1ff3f4070c1da93d7cc83bd9f5dc	380	Pfam	PF00931	NB-ARC domain	32	305	2.4E-39	T	15-06-2017	IPR002182	NB-ARC
CRUB|T08632-R1	NA	873	Coils	Coil	maj_vote_coils_paircoils_nlrparser	15	63	NA	NA	NA	NA	NA	NA	NA
CRUB|T08632-R1	da07988fc68569a37f985f8dfa3b0023	873	Pfam	PF00931	NB-ARC domain	171	446	8.1E-87	T	15-06-2017	IPR002182	NB-ARC
CRUB|T09432-R1	a9dd09f41b0be696c91962ef8d2cc67d	847	Pfam	PF01582	TIR domain	14	180	1.6E-43	T	15-06-2017	IPR000157	Toll/interleukin-1 receptor homology (TIR) domain
CRUB|T09432-R1	a9dd09f41b0be696c91962ef8d2cc67d	847	Pfam	PF00931	NB-ARC domain	191	434	2.8E-29	T	15-06-2017	IPR002182	NB-ARC
CRUB|T09432-R1	a9dd09f41b0be696c91962ef8d2cc67d	847	Pfam	PF07725	Leucine Rich Repeat	598	617	2.8E-8	T	15-06-2017	IPR011713	Leucine-rich repeat 3
CRUB|T09437-R1	baa27b874acc632b47eb66c98342ffd1	183	Pfam	PF01582	TIR domain	13	181	2.1E-51	T	15-06-2017	IPR000157	Toll/interleukin-1 receptor homology (TIR) domain
CRUB|T09438-R1	0c946b46b9279bf61116a2303a74ab5e	1028	Pfam	PF01582	TIR domain	11	185	7.6E-50	T	15-06-2017	IPR000157	Toll/interleukin-1 receptor homology (TIR) domain
CRUB|T09438-R1	0c946b46b9279bf61116a2303a74ab5e	1028	Pfam	PF00931	NB-ARC domain	188	446	2.1E-30	T	15-06-2017	IPR002182	NB-ARC
CRUB|T09438-R1	0c946b46b9279bf61116a2303a74ab5e	1028	Pfam	PF07725	Leucine Rich Repeat	611	630	3.4E-8	T	15-06-2017	IPR011713	Leucine-rich repeat 3
CRUB|T09465-R1	df782a52d974a5e4965e2aa588305d6e	1020	Pfam	PF01582	TIR domain	15	190	1.8E-54	T	15-06-2017	IPR000157	Toll/interleukin-1 receptor homology (TIR) domain
CRUB|T09465-R1	df782a52d974a5e4965e2aa588305d6e	1020	Pfam	PF00931	NB-ARC domain	192	451	1.4E-25	T	15-06-2017	IPR002182	NB-ARC
CRUB|T09465-R1	df782a52d974a5e4965e2aa588305d6e	1020	Pfam	PF07725	Leucine Rich Repeat	607	626	2.7E-6	T	15-06-2017	IPR011713	Leucine-rich repeat 3
CRUB|T09469-R1	f322372c9b7841b54d22d0750926bf1e	172	Pfam	PF01582	TIR domain	8	89	3.0E-22	T	15-06-2017	IPR000157	Toll/interleukin-1 receptor homology (TIR) domain
CRUB|T09470-R1	e3a8afbf25527f8de4f2dea3abb1c346	180	Pfam	PF01582	TIR domain	13	173	1.1E-42	T	15-06-2017	IPR000157	Toll/interleukin-1 receptor homology (TIR) domain
CRUB|T09472-R1	d384d168913c370b4a1b2fa5f19decd0	1038	Pfam	PF00931	NB-ARC domain	204	463	5.1E-27	T	15-06-2017	IPR002182	NB-ARC
CRUB|T09472-R1	d384d168913c370b4a1b2fa5f19decd0	1038	Pfam	PF01582	TIR domain	26	202	3.6E-52	T	15-06-2017	IPR000157	Toll/interleukin-1 receptor homology (TIR) domain
CRUB|T09472-R1	d384d168913c370b4a1b2fa5f19decd0	1038	Pfam	PF07725	Leucine Rich Repeat	620	639	3.6E-7	T	15-06-2017	IPR011713	Leucine-rich repeat 3
CRUB|T09545-R1	dd5e5441c348aeaab404a8328309fc01	1092	Pfam	PF01582	TIR domain	15	191	3.9E-52	T	15-06-2017	IPR000157	Toll/interleukin-1 receptor homology (TIR) domain
CRUB|T09545-R1	dd5e5441c348aeaab404a8328309fc01	1092	Pfam	PF00931	NB-ARC domain	197	445	8.5E-26	T	15-06-2017	IPR002182	NB-ARC
CRUB|T09545-R1	dd5e5441c348aeaab404a8328309fc01	1092	Pfam	PF07725	Leucine Rich Repeat	591	610	6.7E-7	T	15-06-2017	IPR011713	Leucine-rich repeat 3
CRUB|T09657-R1	e623aff036c2da55eb4319c441dde7ba	1024	Pfam	PF01582	TIR domain	14	180	8.0E-38	T	15-06-2017	IPR000157	Toll/interleukin-1 receptor homology (TIR) domain
CRUB|T09657-R1	e623aff036c2da55eb4319c441dde7ba	1024	Pfam	PF00931	NB-ARC domain	205	445	4.9E-25	T	15-06-2017	IPR002182	NB-ARC
CRUB|T09657-R1	e623aff036c2da55eb4319c441dde7ba	1024	Pfam	PF07725	Leucine Rich Repeat	604	623	1.2E-8	T	15-06-2017	IPR011713	Leucine-rich repeat 3
CRUB|T09658-R1	63d15d15c4b2db11a91e857f1cc8a699	474	Pfam	PF00931	NB-ARC domain	181	394	4.0E-17	T	15-06-2017	IPR002182	NB-ARC
CRUB|T09658-R1	63d15d15c4b2db11a91e857f1cc8a699	474	Pfam	PF01582	TIR domain	33	160	3.2E-6	T	15-06-2017	IPR000157	Toll/interleukin-1 receptor homology (TIR) domain
CRUB|T09659-R1	a6c0a97882b47fa5d9d352cddfda7ced	1022	Pfam	PF01582	TIR domain	12	177	5.5E-40	T	15-06-2017	IPR000157	Toll/interleukin-1 receptor homology (TIR) domain
CRUB|T09659-R1	a6c0a97882b47fa5d9d352cddfda7ced	1022	Pfam	PF00931	NB-ARC domain	192	444	5.5E-24	T	15-06-2017	IPR002182	NB-ARC
CRUB|T09659-R1	a6c0a97882b47fa5d9d352cddfda7ced	1022	Pfam	PF07725	Leucine Rich Repeat	601	618	4.0E-6	T	15-06-2017	IPR011713	Leucine-rich repeat 3
CRUB|T09660-R1	806fa18f664cee6213b6972f6196b672	437	Pfam	PF00931	NB-ARC domain	186	401	1.7E-17	T	15-06-2017	IPR002182	NB-ARC
CRUB|T09660-R1	806fa18f664cee6213b6972f6196b672	437	Pfam	PF01582	TIR domain	39	130	1.0E-4	T	15-06-2017	IPR000157	Toll/interleukin-1 receptor homology (TIR) domain
CRUB|T09873-R1	2e94a8816ccf747f80d221fa9467d231	96	Pfam	PF01582	TIR domain	9	94	9.9E-22	T	15-06-2017	IPR000157	Toll/interleukin-1 receptor homology (TIR) domain
CRUB|T09954-R1	8647e6a8462418b3bb0f2bc1a2517e71	944	Pfam	PF00931	NB-ARC domain	242	498	2.2E-20	T	15-06-2017	IPR002182	NB-ARC
CRUB|T09954-R1	8647e6a8462418b3bb0f2bc1a2517e71	944	Pfam	PF01582	TIR domain	60	238	2.4E-53	T	15-06-2017	IPR000157	Toll/interleukin-1 receptor homology (TIR) domain
CRUB|T09956-R1	7e3c366457d044fd84296a8fb39b2e72	1061	Pfam	PF00931	NB-ARC domain	242	500	2.1E-19	T	15-06-2017	IPR002182	NB-ARC
CRUB|T09956-R1	7e3c366457d044fd84296a8fb39b2e72	1061	Pfam	PF01582	TIR domain	60	238	1.6E-53	T	15-06-2017	IPR000157	Toll/interleukin-1 receptor homology (TIR) domain
CRUB|T09956-R1	7e3c366457d044fd84296a8fb39b2e72	1061	Pfam	PF07725	Leucine Rich Repeat	668	687	2.8E-4	T	15-06-2017	IPR011713	Leucine-rich repeat 3
CRUB|T09958-R1	dfdccce2049317d9551e89c05dcad79a	217	Pfam	PF01582	TIR domain	89	174	3.0E-23	T	15-06-2017	IPR000157	Toll/interleukin-1 receptor homology (TIR) domain
CRUB|T09960-R1	ebb622bc5162680f579cd5ce3e7f6915	159	Pfam	PF00931	NB-ARC domain	29	151	4.7E-11	T	15-06-2017	IPR002182	NB-ARC
CRUB|T09961-R1	f4df114cb1aad302d3c835102df01f89	221	Pfam	PF01582	TIR domain	64	199	5.9E-50	T	15-06-2017	IPR000157	Toll/interleukin-1 receptor homology (TIR) domain
CRUB|T10357-R1	bd143131e4ed1ab18c94b6c82d2faf45	812	Pfam	PF00931	NB-ARC domain	187	438	4.7E-38	T	15-06-2017	IPR002182	NB-ARC
CRUB|T10357-R1	bd143131e4ed1ab18c94b6c82d2faf45	812	Pfam	PF05659	Arabidopsis broad-spectrum mildew resistance protein RPW8	7	115	2.7E-13	T	15-06-2017	IPR008808	Powdery mildew resistance protein, RPW8 domain
CRUB|T10989-R1	326bf528ef8c5bde17e9e111ddd094db	468	Pfam	PF00931	NB-ARC domain	97	350	3.9E-25	T	15-06-2017	IPR002182	NB-ARC
CRUB|T11613-R1	792db991bcbeb7abe1f741ed45f994cc	1282	Pfam	PF01582	TIR domain	16	178	8.8E-52	T	15-06-2017	IPR000157	Toll/interleukin-1 receptor homology (TIR) domain
CRUB|T11613-R1	792db991bcbeb7abe1f741ed45f994cc	1282	Pfam	PF00931	NB-ARC domain	198	448	4.9E-38	T	15-06-2017	IPR002182	NB-ARC
CRUB|T11613-R1	792db991bcbeb7abe1f741ed45f994cc	1282	Pfam	PF13855	Leucine rich repeat	811	869	8.4E-7	T	15-06-2017	IPR001611	Leucine-rich repeat
CRUB|T11638-R1	02c275ff367ed82c9e69db790cab10a5	1157	Pfam	PF01582	TIR domain	17	193	1.0E-46	T	15-06-2017	IPR000157	Toll/interleukin-1 receptor homology (TIR) domain
CRUB|T11638-R1	02c275ff367ed82c9e69db790cab10a5	1157	Pfam	PF00931	NB-ARC domain	196	448	4.2E-19	T	15-06-2017	IPR002182	NB-ARC
CRUB|T11638-R1	02c275ff367ed82c9e69db790cab10a5	1157	Pfam	PF07725	Leucine Rich Repeat	615	633	6.3E-5	T	15-06-2017	IPR011713	Leucine-rich repeat 3
CRUB|T11686-R1	fd4d76eb8b15d97e362eed282f2dcd6d	901	Pfam	PF01582	TIR domain	16	189	7.4E-49	T	15-06-2017	IPR000157	Toll/interleukin-1 receptor homology (TIR) domain
CRUB|T11686-R1	fd4d76eb8b15d97e362eed282f2dcd6d	901	Pfam	PF00931	NB-ARC domain	192	444	1.2E-20	T	15-06-2017	IPR002182	NB-ARC
CRUB|T11686-R1	fd4d76eb8b15d97e362eed282f2dcd6d	901	Pfam	PF07725	Leucine Rich Repeat	608	627	3.1E-7	T	15-06-2017	IPR011713	Leucine-rich repeat 3
CRUB|T12064-R1	73717e64cd5cab3fd6997e46581c2d07	1028	Pfam	PF01582	TIR domain	10	186	2.7E-51	T	15-06-2017	IPR000157	Toll/interleukin-1 receptor homology (TIR) domain
CRUB|T12064-R1	73717e64cd5cab3fd6997e46581c2d07	1028	Pfam	PF00931	NB-ARC domain	189	434	5.2E-18	T	15-06-2017	IPR002182	NB-ARC
CRUB|T12064-R1	73717e64cd5cab3fd6997e46581c2d07	1028	Pfam	PF07725	Leucine Rich Repeat	613	632	2.7E-6	T	15-06-2017	IPR011713	Leucine-rich repeat 3
CRUB|T12071-R1	e9821d4b1a4dcb6cc565635c6d9877a3	927	Pfam	PF00931	NB-ARC domain	167	456	2.5E-78	T	15-06-2017	IPR002182	NB-ARC
CRUB|T12071-R1	NA	927	Coils	Coil	maj_vote_coils_paircoils_nlrparser	19	60	NA	NA	NA	NA	NA	NA	NA
CRUB|T12712-R1	f919392e63cd59c42e871dd68802083e	831	Pfam	PF00931	NB-ARC domain	145	425	8.1E-92	T	15-06-2017	IPR002182	NB-ARC
CRUB|T12712-R1	NA	831	Coils	Coil	maj_vote_coils_paircoils_nlrparser	29	63	NA	NA	NA	NA	NA	NA	NA
CRUB|T13513-R1	c85cffed6a1a28823faf8d648d9e8dc8	532	Pfam	PF00931	NB-ARC domain	171	358	2.0E-13	T	15-06-2017	IPR002182	NB-ARC
CRUB|T13516-R1	653e7ff15cfeab01973a11b59b3e6e44	1083	Pfam	PF01582	TIR domain	15	187	3.9E-30	T	15-06-2017	IPR000157	Toll/interleukin-1 receptor homology (TIR) domain
CRUB|T13516-R1	653e7ff15cfeab01973a11b59b3e6e44	1083	Pfam	PF00931	NB-ARC domain	210	440	8.7E-23	T	15-06-2017	IPR002182	NB-ARC
CRUB|T13516-R1	653e7ff15cfeab01973a11b59b3e6e44	1083	Pfam	PF07725	Leucine Rich Repeat	595	611	2.6E-5	T	15-06-2017	IPR011713	Leucine-rich repeat 3
CRUB|T13620-R1	13e0f93bd8b5af83692bab19a8223fc0	1009	Pfam	PF01582	TIR domain	11	188	6.4E-54	T	15-06-2017	IPR000157	Toll/interleukin-1 receptor homology (TIR) domain
CRUB|T13620-R1	13e0f93bd8b5af83692bab19a8223fc0	1009	Pfam	PF00931	NB-ARC domain	190	455	2.1E-25	T	15-06-2017	IPR002182	NB-ARC
CRUB|T13620-R1	13e0f93bd8b5af83692bab19a8223fc0	1009	Pfam	PF07725	Leucine Rich Repeat	551	570	2.7E-7	T	15-06-2017	IPR011713	Leucine-rich repeat 3
CRUB|T13645-R1	3cba0983cc2ed0157c38a802c0eec878	341	Pfam	PF01582	TIR domain	64	246	1.8E-27	T	15-06-2017	IPR000157	Toll/interleukin-1 receptor homology (TIR) domain
CRUB|T13682-R1	62b7f6e5d2792c5bfafa4ad41be9dc7c	1029	Pfam	PF00931	NB-ARC domain	202	447	7.4E-22	T	15-06-2017	IPR002182	NB-ARC
CRUB|T13682-R1	62b7f6e5d2792c5bfafa4ad41be9dc7c	1029	Pfam	PF01582	TIR domain	41	174	9.2E-48	T	15-06-2017	IPR000157	Toll/interleukin-1 receptor homology (TIR) domain
CRUB|T13742-R1	20d5f0dbfd52b1a08caab193071a4280	1225	Pfam	PF01582	TIR domain	13	188	1.1E-35	T	15-06-2017	IPR000157	Toll/interleukin-1 receptor homology (TIR) domain
CRUB|T13742-R1	20d5f0dbfd52b1a08caab193071a4280	1225	Pfam	PF00931	NB-ARC domain	198	449	1.9E-29	T	15-06-2017	IPR002182	NB-ARC
CRUB|T13742-R1	20d5f0dbfd52b1a08caab193071a4280	1225	Pfam	PF07725	Leucine Rich Repeat	624	643	7.4E-6	T	15-06-2017	IPR011713	Leucine-rich repeat 3
CRUB|T13742-R1	20d5f0dbfd52b1a08caab193071a4280	1225	Pfam	PF13855	Leucine rich repeat	858	914	7.2E-7	T	15-06-2017	IPR001611	Leucine-rich repeat
CRUB|T13745-R1	d13207dbee1af243d15350cb4456549d	939	Pfam	PF03106	WRKY DNA -binding domain	1	50	1.8E-11	T	15-06-2017	IPR003657	WRKY domain
CRUB|T13745-R1	d13207dbee1af243d15350cb4456549d	939	Pfam	PF01582	TIR domain	160	270	3.4E-5	T	15-06-2017	IPR000157	Toll/interleukin-1 receptor homology (TIR) domain
CRUB|T13745-R1	d13207dbee1af243d15350cb4456549d	939	Pfam	PF00931	NB-ARC domain	278	487	2.7E-16	T	15-06-2017	IPR002182	NB-ARC
CRUB|T13745-R1	d13207dbee1af243d15350cb4456549d	939	Pfam	PF07725	Leucine Rich Repeat	679	698	1.1E-5	T	15-06-2017	IPR011713	Leucine-rich repeat 3
CRUB|T14126-R1	dcd7079aeedf8c675ec436376bc2d8f3	361	Pfam	PF00931	NB-ARC domain	128	302	4.2E-52	T	15-06-2017	IPR002182	NB-ARC
CRUB|T14126-R1	NA	361	Coils	Coil	maj_vote_coils_paircoils_nlrparser	6	33	NA	NA	NA	NA	NA	NA	NA
CRUB|T15864-R1	cef70484d67fe96155ef77807612734f	1428	Pfam	PF00931	NB-ARC domain	191	445	1.5E-60	T	15-06-2017	IPR002182	NB-ARC
CRUB|T15865-R1	690d4b571916e26f829976f960424bf9	1050	Pfam	PF00931	NB-ARC domain	178	457	6.5E-64	T	15-06-2017	IPR002182	NB-ARC
CRUB|T15865-R1	690d4b571916e26f829976f960424bf9	1050	Pfam	PF13855	Leucine rich repeat	576	632	1.6E-7	T	15-06-2017	IPR001611	Leucine-rich repeat
CRUB|T15992-R1	6ddc3d3200120b94f845907bfc2fc21c	378	Pfam	PF00931	NB-ARC domain	157	366	2.9E-58	T	15-06-2017	IPR002182	NB-ARC
CRUB|T17098-R1	a4fbfd61c99f039d6f24cac1ca8f16a2	783	Pfam	PF00931	NB-ARC domain	237	495	5.6E-20	T	15-06-2017	IPR002182	NB-ARC
CRUB|T17098-R1	a4fbfd61c99f039d6f24cac1ca8f16a2	783	Pfam	PF01582	TIR domain	55	232	7.5E-48	T	15-06-2017	IPR000157	Toll/interleukin-1 receptor homology (TIR) domain
CRUB|T17098-R1	a4fbfd61c99f039d6f24cac1ca8f16a2	783	Pfam	PF07725	Leucine Rich Repeat	652	667	3.3E-4	T	15-06-2017	IPR011713	Leucine-rich repeat 3
CRUB|T17112-R1	7127c806141a30a5a9f5ff9455795458	859	Pfam	PF01582	TIR domain	11	182	1.9E-45	T	15-06-2017	IPR000157	Toll/interleukin-1 receptor homology (TIR) domain
CRUB|T17112-R1	7127c806141a30a5a9f5ff9455795458	859	Pfam	PF00931	NB-ARC domain	200	407	5.8E-19	T	15-06-2017	IPR002182	NB-ARC
CRUB|T17112-R1	7127c806141a30a5a9f5ff9455795458	859	Pfam	PF07725	Leucine Rich Repeat	574	593	1.1E-6	T	15-06-2017	IPR011713	Leucine-rich repeat 3
CRUB|T17941-R2	5258ac1d5d67724965f9de4ef10042d4	936	Pfam	PF01582	TIR domain	18	188	6.8E-50	T	15-06-2017	IPR000157	Toll/interleukin-1 receptor homology (TIR) domain
CRUB|T17941-R2	5258ac1d5d67724965f9de4ef10042d4	936	Pfam	PF00931	NB-ARC domain	196	455	5.9E-24	T	15-06-2017	IPR002182	NB-ARC
CRUB|T17941-R2	5258ac1d5d67724965f9de4ef10042d4	936	Pfam	PF07725	Leucine Rich Repeat	556	575	1.9E-8	T	15-06-2017	IPR011713	Leucine-rich repeat 3
CRUB|T18405-R1	6c5fa4700d513bb673fd57db32be2eeb	324	Pfam	PF01582	TIR domain	19	180	1.2E-38	T	15-06-2017	IPR000157	Toll/interleukin-1 receptor homology (TIR) domain
CRUB|T18930-R1	4ebf73c85662ff474583ab16dbfc6415	1106	Pfam	PF01582	TIR domain	14	189	1.9E-51	T	15-06-2017	IPR000157	Toll/interleukin-1 receptor homology (TIR) domain
CRUB|T18930-R1	4ebf73c85662ff474583ab16dbfc6415	1106	Pfam	PF00931	NB-ARC domain	191	438	4.0E-21	T	15-06-2017	IPR002182	NB-ARC
CRUB|T18930-R1	4ebf73c85662ff474583ab16dbfc6415	1106	Pfam	PF07725	Leucine Rich Repeat	638	656	1.6E-6	T	15-06-2017	IPR011713	Leucine-rich repeat 3
CRUB|T18949-R1	60c68bc21ed8c53d215ad17b5555fbe4	1090	Pfam	PF00931	NB-ARC domain	173	385	2.2E-22	T	15-06-2017	IPR002182	NB-ARC
CRUB|T18949-R1	60c68bc21ed8c53d215ad17b5555fbe4	1090	Pfam	PF01582	TIR domain	22	151	1.4E-24	T	15-06-2017	IPR000157	Toll/interleukin-1 receptor homology (TIR) domain
CRUB|T18949-R1	60c68bc21ed8c53d215ad17b5555fbe4	1090	Pfam	PF07725	Leucine Rich Repeat	562	581	4.6E-5	T	15-06-2017	IPR011713	Leucine-rich repeat 3
CRUB|T18949-R1	60c68bc21ed8c53d215ad17b5555fbe4	1090	Pfam	PF13855	Leucine rich repeat	676	732	2.2E-6	T	15-06-2017	IPR001611	Leucine-rich repeat
CRUB|T18952-R1	7d3adb213f0f0acfa20b81aa5b8bacbf	1354	Pfam	PF01582	TIR domain	22	187	6.4E-28	T	15-06-2017	IPR000157	Toll/interleukin-1 receptor homology (TIR) domain
CRUB|T18952-R1	7d3adb213f0f0acfa20b81aa5b8bacbf	1354	Pfam	PF01582	TIR domain	252	417	2.4E-27	T	15-06-2017	IPR000157	Toll/interleukin-1 receptor homology (TIR) domain
CRUB|T18952-R1	7d3adb213f0f0acfa20b81aa5b8bacbf	1354	Pfam	PF00931	NB-ARC domain	425	646	2.1E-23	T	15-06-2017	IPR002182	NB-ARC
CRUB|T18952-R1	7d3adb213f0f0acfa20b81aa5b8bacbf	1354	Pfam	PF07725	Leucine Rich Repeat	840	859	4.2E-6	T	15-06-2017	IPR011713	Leucine-rich repeat 3
CRUB|T19395-R1	49d363074c5ab50356cfa853188b7ba6	350	Pfam	PF01582	TIR domain	10	185	1.7E-43	T	15-06-2017	IPR000157	Toll/interleukin-1 receptor homology (TIR) domain
CRUB|T19396-R1	a1b1857771de4bae49fdb0c1c840f3a4	381	Pfam	PF01582	TIR domain	108	170	1.1E-5	T	15-06-2017	IPR000157	Toll/interleukin-1 receptor homology (TIR) domain
CRUB|T19396-R1	a1b1857771de4bae49fdb0c1c840f3a4	381	Pfam	PF00931	NB-ARC domain	191	347	5.8E-6	T	15-06-2017	IPR002182	NB-ARC
CRUB|T19396-R1	a1b1857771de4bae49fdb0c1c840f3a4	381	Pfam	PF01582	TIR domain	8	67	1.3E-14	T	15-06-2017	IPR000157	Toll/interleukin-1 receptor homology (TIR) domain
CRUB|T19397-R1	cfba3d876852fbcf2b764c10f9599916	376	Pfam	PF01582	TIR domain	3	179	2.4E-42	T	15-06-2017	IPR000157	Toll/interleukin-1 receptor homology (TIR) domain
CRUB|T19401-R1	2723caeeb2019f3878722b5bdd379341	384	Pfam	PF01582	TIR domain	7	176	1.3E-47	T	15-06-2017	IPR000157	Toll/interleukin-1 receptor homology (TIR) domain
CRUB|T19406-R1	8c76a2d558331d3d40ca58f828810075	379	Pfam	PF01582	TIR domain	8	178	8.9E-45	T	15-06-2017	IPR000157	Toll/interleukin-1 receptor homology (TIR) domain
CRUB|T19437-R1	04f021b273971f19f3f3b549c3341ce6	365	Pfam	PF01582	TIR domain	4	174	2.0E-50	T	15-06-2017	IPR000157	Toll/interleukin-1 receptor homology (TIR) domain
CRUB|T19438-R1	235faf2357abe66c7bfaf0219f42d28b	149	Pfam	PF01582	TIR domain	8	137	1.5E-39	T	15-06-2017	IPR000157	Toll/interleukin-1 receptor homology (TIR) domain
CRUB|T19444-R1	b39504a7f84c90cb504f30c04adf3461	159	Pfam	PF01582	TIR domain	10	147	4.8E-40	T	15-06-2017	IPR000157	Toll/interleukin-1 receptor homology (TIR) domain
CRUB|T20122-R1	03ad37472e4ada245fdc50f9471d2c4c	906	Pfam	PF01582	TIR domain	12	188	1.8E-52	T	15-06-2017	IPR000157	Toll/interleukin-1 receptor homology (TIR) domain
CRUB|T20122-R1	03ad37472e4ada245fdc50f9471d2c4c	906	Pfam	PF00931	NB-ARC domain	190	450	5.2E-25	T	15-06-2017	IPR002182	NB-ARC
CRUB|T20122-R1	03ad37472e4ada245fdc50f9471d2c4c	906	Pfam	PF07725	Leucine Rich Repeat	607	626	9.3E-11	T	15-06-2017	IPR011713	Leucine-rich repeat 3
CRUB|T22556-R1	1843c746e919a61caab8c2bbdee7b441	1055	Pfam	PF01582	TIR domain	12	187	3.4E-52	T	15-06-2017	IPR000157	Toll/interleukin-1 receptor homology (TIR) domain
CRUB|T22556-R1	1843c746e919a61caab8c2bbdee7b441	1055	Pfam	PF00931	NB-ARC domain	189	451	2.0E-20	T	15-06-2017	IPR002182	NB-ARC
CRUB|T22556-R1	1843c746e919a61caab8c2bbdee7b441	1055	Pfam	PF07725	Leucine Rich Repeat	610	629	1.6E-5	T	15-06-2017	IPR011713	Leucine-rich repeat 3
CRUB|T22575-R1	deb68da320b5acf6e1a41ac7202368b6	999	Pfam	PF01582	TIR domain	12	187	8.9E-47	T	15-06-2017	IPR000157	Toll/interleukin-1 receptor homology (TIR) domain
CRUB|T22575-R1	deb68da320b5acf6e1a41ac7202368b6	999	Pfam	PF00931	NB-ARC domain	197	447	1.1E-26	T	15-06-2017	IPR002182	NB-ARC
CRUB|T22575-R1	deb68da320b5acf6e1a41ac7202368b6	999	Pfam	PF07725	Leucine Rich Repeat	520	539	3.1E-7	T	15-06-2017	IPR011713	Leucine-rich repeat 3
CRUB|T22577-R1	9a125e8eec170ac27695f9d01540f9ca	926	Pfam	PF01582	TIR domain	16	135	3.2E-40	T	15-06-2017	IPR000157	Toll/interleukin-1 receptor homology (TIR) domain
CRUB|T22577-R1	9a125e8eec170ac27695f9d01540f9ca	926	Pfam	PF00931	NB-ARC domain	164	278	6.4E-9	T	15-06-2017	IPR002182	NB-ARC
CRUB|T22577-R1	9a125e8eec170ac27695f9d01540f9ca	926	Pfam	PF07725	Leucine Rich Repeat	521	540	1.3E-7	T	15-06-2017	IPR011713	Leucine-rich repeat 3
CRUB|T22582-R1	097413bbbef2da3b3b2c0ed68ebf6703	1040	Pfam	PF01582	TIR domain	16	187	9.4E-51	T	15-06-2017	IPR000157	Toll/interleukin-1 receptor homology (TIR) domain
CRUB|T22582-R1	097413bbbef2da3b3b2c0ed68ebf6703	1040	Pfam	PF00931	NB-ARC domain	193	446	3.4E-24	T	15-06-2017	IPR002182	NB-ARC
CRUB|T22583-R1	3ad2cf4e51e6c0db77d359c3923ea909	988	Pfam	PF01582	TIR domain	15	189	2.9E-47	T	15-06-2017	IPR000157	Toll/interleukin-1 receptor homology (TIR) domain
CRUB|T22583-R1	3ad2cf4e51e6c0db77d359c3923ea909	988	Pfam	PF00931	NB-ARC domain	192	449	5.7E-27	T	15-06-2017	IPR002182	NB-ARC
CRUB|T22583-R1	3ad2cf4e51e6c0db77d359c3923ea909	988	Pfam	PF07725	Leucine Rich Repeat	602	621	1.1E-4	T	15-06-2017	IPR011713	Leucine-rich repeat 3
CRUB|T22594-R2	50800e0fd0427ffa534cbda94ef96f63	1036	Pfam	PF01582	TIR domain	16	191	4.2E-51	T	15-06-2017	IPR000157	Toll/interleukin-1 receptor homology (TIR) domain
CRUB|T22594-R2	50800e0fd0427ffa534cbda94ef96f63	1036	Pfam	PF00931	NB-ARC domain	199	450	2.3E-22	T	15-06-2017	IPR002182	NB-ARC
CRUB|T22594-R2	50800e0fd0427ffa534cbda94ef96f63	1036	Pfam	PF07725	Leucine Rich Repeat	609	628	9.2E-9	T	15-06-2017	IPR011713	Leucine-rich repeat 3
CRUB|T22595-R1	bf3daa6eda8b9b9e125e4d0a99d2d752	968	Pfam	PF01582	TIR domain	15	191	9.3E-50	T	15-06-2017	IPR000157	Toll/interleukin-1 receptor homology (TIR) domain
CRUB|T22595-R1	bf3daa6eda8b9b9e125e4d0a99d2d752	968	Pfam	PF00931	NB-ARC domain	193	449	1.1E-23	T	15-06-2017	IPR002182	NB-ARC
CRUB|T22595-R1	bf3daa6eda8b9b9e125e4d0a99d2d752	968	Pfam	PF07725	Leucine Rich Repeat	605	624	1.7E-8	T	15-06-2017	IPR011713	Leucine-rich repeat 3
CRUB|T22629-R1	b1863d9d6acf28e66d7c321b3c5b97d6	1015	Pfam	PF01582	TIR domain	16	192	1.8E-52	T	15-06-2017	IPR000157	Toll/interleukin-1 receptor homology (TIR) domain
CRUB|T22629-R1	b1863d9d6acf28e66d7c321b3c5b97d6	1015	Pfam	PF00931	NB-ARC domain	201	451	5.0E-28	T	15-06-2017	IPR002182	NB-ARC
CRUB|T22629-R1	b1863d9d6acf28e66d7c321b3c5b97d6	1015	Pfam	PF07725	Leucine Rich Repeat	607	626	1.5E-6	T	15-06-2017	IPR011713	Leucine-rich repeat 3
CRUB|T22648-R1	0b1c7d14e09979f0df339a453e84729d	874	Pfam	PF00931	NB-ARC domain	161	438	1.8E-84	T	15-06-2017	IPR002182	NB-ARC
CRUB|T22648-R1	NA	874	Coils	Coil	maj_vote_coils_paircoils_nlrparser	77	97	NA	NA	NA	NA	NA	NA	NA
CRUB|T22729-R1	06c1228670210ad9974c4744963d155e	896	Pfam	PF00931	NB-ARC domain	145	425	4.0E-92	T	15-06-2017	IPR002182	NB-ARC
CRUB|T22729-R1	NA	896	Coils	Coil	maj_vote_coils_paircoils_nlrparser	29	63	NA	NA	NA	NA	NA	NA	NA
CRUB|T22729-R1	06c1228670210ad9974c4744963d155e	896	Pfam	PF13855	Leucine rich repeat	566	610	1.7E-7	T	15-06-2017	IPR001611	Leucine-rich repeat
CRUB|T22731-R1	3bce497e53c72ab8d72f19765c9fd7b2	767	Pfam	PF13855	Leucine rich repeat	424	482	1.5E-8	T	15-06-2017	IPR001611	Leucine-rich repeat
CRUB|T22731-R1	3bce497e53c72ab8d72f19765c9fd7b2	767	Pfam	PF00931	NB-ARC domain	43	322	2.0E-91	T	15-06-2017	IPR002182	NB-ARC
CRUB|T22733-R1	62a66a614b4cea977344996e1fb292ce	732	Pfam	PF13855	Leucine rich repeat	424	482	1.4E-8	T	15-06-2017	IPR001611	Leucine-rich repeat
CRUB|T22733-R1	62a66a614b4cea977344996e1fb292ce	732	Pfam	PF00931	NB-ARC domain	43	322	1.8E-91	T	15-06-2017	IPR002182	NB-ARC
CRUB|T22735-R1	b4f7c36473f29da17c0f1797ea6e402a	891	Pfam	PF00931	NB-ARC domain	159	439	2.9E-93	T	15-06-2017	IPR002182	NB-ARC
CRUB|T22735-R1	NA	891	Coils	Coil	maj_vote_coils_paircoils_nlrparser	22	68	NA	NA	NA	NA	NA	NA	NA
CRUB|T22735-R1	b4f7c36473f29da17c0f1797ea6e402a	891	Pfam	PF13855	Leucine rich repeat	557	605	1.2E-8	T	15-06-2017	IPR001611	Leucine-rich repeat
CRUB|T22882-R1	d06b6a50d1f5f2ed900a5a6f0b4e39aa	377	Pfam	PF00931	NB-ARC domain	1	113	1.4E-28	T	15-06-2017	IPR002182	NB-ARC
CRUB|T22882-R1	d06b6a50d1f5f2ed900a5a6f0b4e39aa	377	Pfam	PF13855	Leucine rich repeat	198	257	5.0E-8	T	15-06-2017	IPR001611	Leucine-rich repeat
CRUB|T22883-R1	f11b282ad4d6c0990f21685b0f8451a2	880	Pfam	PF00931	NB-ARC domain	159	438	5.5E-101	T	15-06-2017	IPR002182	NB-ARC
CRUB|T22883-R1	NA	880	Coils	Coil	maj_vote_coils_paircoils_nlrparser	29	63	NA	NA	NA	NA	NA	NA	NA
CRUB|T22883-R1	f11b282ad4d6c0990f21685b0f8451a2	880	Pfam	PF13855	Leucine rich repeat	537	594	2.6E-11	T	15-06-2017	IPR001611	Leucine-rich repeat
CRUB|T22884-R1	6cb0ef8113e307b886807f20373ec407	605	Pfam	PF13855	Leucine rich repeat	428	485	7.5E-12	T	15-06-2017	IPR001611	Leucine-rich repeat
CRUB|T22884-R1	6cb0ef8113e307b886807f20373ec407	605	Pfam	PF00931	NB-ARC domain	52	330	1.2E-99	T	15-06-2017	IPR002182	NB-ARC
CRUB|T22885-R1	a4c1db0d923dbabebde072db67088610	873	Pfam	PF00931	NB-ARC domain	158	437	1.8E-104	T	15-06-2017	IPR002182	NB-ARC
CRUB|T22885-R1	NA	873	Coils	Coil	maj_vote_coils_paircoils_nlrparser	28	62	NA	NA	NA	NA	NA	NA	NA
CRUB|T22885-R1	a4c1db0d923dbabebde072db67088610	873	Pfam	PF13855	Leucine rich repeat	535	591	1.5E-9	T	15-06-2017	IPR001611	Leucine-rich repeat
CRUB|T22894-R1	375d353196e146c469ee7daa52f89585	814	Pfam	PF00931	NB-ARC domain	158	437	1.7E-98	T	15-06-2017	IPR002182	NB-ARC
CRUB|T22894-R1	NA	814	Coils	Coil	maj_vote_coils_paircoils_nlrparser	28	62	NA	NA	NA	NA	NA	NA	NA
CRUB|T22894-R1	375d353196e146c469ee7daa52f89585	814	Pfam	PF13855	Leucine rich repeat	450	509	3.8E-9	T	15-06-2017	IPR001611	Leucine-rich repeat
CRUB|T22895-R1	96e78cd1c8f95fb664ae7a9d7222666b	906	Pfam	PF00931	NB-ARC domain	161	438	1.7E-103	T	15-06-2017	IPR002182	NB-ARC
CRUB|T22895-R1	NA	906	Coils	Coil	maj_vote_coils_paircoils_nlrparser	29	66	NA	NA	NA	NA	NA	NA	NA
CRUB|T22895-R1	96e78cd1c8f95fb664ae7a9d7222666b	906	Pfam	PF13855	Leucine rich repeat	535	595	1.6E-10	T	15-06-2017	IPR001611	Leucine-rich repeat
CRUB|T22896-R1	ae207ac0eaeacfdf1f41f40f54655c3d	772	Pfam	PF13855	Leucine rich repeat	427	483	1.2E-9	T	15-06-2017	IPR001611	Leucine-rich repeat
CRUB|T22896-R1	ae207ac0eaeacfdf1f41f40f54655c3d	772	Pfam	PF00931	NB-ARC domain	44	326	6.4E-104	T	15-06-2017	IPR002182	NB-ARC
CRUB|T22897-R1	b4645d113a2e64d4b4c7ccda54ae78b6	761	Pfam	PF13855	Leucine rich repeat	424	481	1.6E-10	T	15-06-2017	IPR001611	Leucine-rich repeat
CRUB|T22897-R1	b4645d113a2e64d4b4c7ccda54ae78b6	761	Pfam	PF00931	NB-ARC domain	43	323	1.0E-103	T	15-06-2017	IPR002182	NB-ARC
CRUB|T22910-R1	5e2b299e3f44f5df13425b9fb5fad9cb	200	Pfam	PF01582	TIR domain	31	126	4.9E-12	T	15-06-2017	IPR000157	Toll/interleukin-1 receptor homology (TIR) domain
CRUB|T22962-R1	71b8cf98ab7ecd6e1b9a2242b530ced3	963	Pfam	PF01582	TIR domain	16	191	9.1E-44	T	15-06-2017	IPR000157	Toll/interleukin-1 receptor homology (TIR) domain
CRUB|T22962-R1	71b8cf98ab7ecd6e1b9a2242b530ced3	963	Pfam	PF00931	NB-ARC domain	195	451	2.6E-27	T	15-06-2017	IPR002182	NB-ARC
CRUB|T23030-R1	abcb87a3bbbae9c9046825112586481e	995	Pfam	PF01582	TIR domain	17	193	8.2E-49	T	15-06-2017	IPR000157	Toll/interleukin-1 receptor homology (TIR) domain
CRUB|T23030-R1	abcb87a3bbbae9c9046825112586481e	995	Pfam	PF00931	NB-ARC domain	196	450	1.2E-26	T	15-06-2017	IPR002182	NB-ARC
CRUB|T23058-R1	d71d0181fc5ce9cb97f32fbfbd87ba1c	902	Pfam	PF00931	NB-ARC domain	170	454	1.1E-83	T	15-06-2017	IPR002182	NB-ARC
CRUB|T23066-R1	3b42f08a45cfa63ef8e79c2b7d311c40	332	Pfam	PF00931	NB-ARC domain	162	328	1.5E-45	T	15-06-2017	IPR002182	NB-ARC
CRUB|T23067-R1	89c03d9611bbdc8aca2958eabde07d3b	395	Pfam	PF00931	NB-ARC domain	2	109	5.6E-24	T	15-06-2017	IPR002182	NB-ARC
CRUB|T23068-R1	fb023b9e56685710c438bafd7f24fc22	933	Pfam	PF00931	NB-ARC domain	166	452	4.1E-74	T	15-06-2017	IPR002182	NB-ARC
CRUB|T23070-R1	NA	882	Coils	Coil	maj_vote_coils_paircoils_nlrparser	12	58	NA	NA	NA	NA	NA	NA	NA
CRUB|T23070-R1	597e5df99240f6689a7b14aef29a49b8	882	Pfam	PF00931	NB-ARC domain	167	445	7.5E-75	T	15-06-2017	IPR002182	NB-ARC
CRUB|T23084-R1	9179bf4e1c40edef1291dcb348e7bdc2	725	Pfam	PF00931	NB-ARC domain	164	447	8.2E-85	T	15-06-2017	IPR002182	NB-ARC
CRUB|T23085.1-R1	7ec1de2bbd625b603db4307995a1d030	904	Pfam	PF00931	NB-ARC domain	167	453	3.1E-82	T	15-06-2017	IPR002182	NB-ARC
CRUB|T23085.2-R1	5f73cdfa6ad27df3adab1fbbf0878bcf	765	Pfam	PF00931	NB-ARC domain	167	431	6.3E-70	T	15-06-2017	IPR002182	NB-ARC
CRUB|T23085.2-R1	NA	765	Coils	Coil	maj_vote_coils_paircoils_nlrparser	19	54	NA	NA	NA	NA	NA	NA	NA
CRUB|T23094-R1	12ae572b7a175680be5afdef4cb56bb3	747	Pfam	PF00931	NB-ARC domain	169	458	3.2E-82	T	15-06-2017	IPR002182	NB-ARC
CRUB|T23094-R1	NA	747	Coils	Coil	maj_vote_coils_paircoils_nlrparser	17	57	NA	NA	NA	NA	NA	NA	NA
CRUB|T23095-R1	509d1ce1c89a5a4c2e77be1c549b11ed	651	Pfam	PF00931	NB-ARC domain	163	446	1.8E-83	T	15-06-2017	IPR002182	NB-ARC
CRUB|T23112-R1	96706e422af6fd93efeb336d6e19441b	903	Pfam	PF00931	NB-ARC domain	167	458	1.6E-83	T	15-06-2017	IPR002182	NB-ARC
CRUB|T23127-R1	NA	929	Coils	Coil	maj_vote_coils_paircoils_nlrparser	15	54	NA	NA	NA	NA	NA	NA	NA
CRUB|T23127-R1	1d9a3a9fbc1f1209b2ce5627a22b4233	929	Pfam	PF00931	NB-ARC domain	167	457	5.3E-83	T	15-06-2017	IPR002182	NB-ARC
CRUB|T23132-R1	801e1960f06a07e979c11cfbf550c8be	908	Pfam	PF00931	NB-ARC domain	170	459	1.7E-81	T	15-06-2017	IPR002182	NB-ARC
CRUB|T23136-R1	ef059f7b8176d3be890b740d298943f0	908	Pfam	PF00931	NB-ARC domain	167	456	8.1E-80	T	15-06-2017	IPR002182	NB-ARC
CRUB|T23136-R1	NA	908	Coils	Coil	maj_vote_coils_paircoils_nlrparser	25	54	NA	NA	NA	NA	NA	NA	NA
CRUB|T23137-R1	c67965d46788a780213bab330391dffd	897	Pfam	PF00931	NB-ARC domain	168	447	2.6E-77	T	15-06-2017	IPR002182	NB-ARC
CRUB|T23137-R1	NA	897	Coils	Coil	maj_vote_coils_paircoils_nlrparser	27	58	NA	NA	NA	NA	NA	NA	NA
CRUB|T23139-R1	8b91a81db23d1cbf44a254487fcc18f1	965	Pfam	PF00931	NB-ARC domain	170	452	1.5E-76	T	15-06-2017	IPR002182	NB-ARC
CRUB|T23197-R1	d3ef515fd70f62d38282c9bc3b8df578	156	Pfam	PF01582	TIR domain	10	144	4.9E-34	T	15-06-2017	IPR000157	Toll/interleukin-1 receptor homology (TIR) domain
CRUB|T23237-R1	2b5dbefedc82db4ec19865eefb55915c	882	Pfam	PF01582	TIR domain	19	193	1.2E-49	T	15-06-2017	IPR000157	Toll/interleukin-1 receptor homology (TIR) domain
CRUB|T23237-R1	2b5dbefedc82db4ec19865eefb55915c	882	Pfam	PF00931	NB-ARC domain	195	455	3.9E-20	T	15-06-2017	IPR002182	NB-ARC
CRUB|T23237-R1	2b5dbefedc82db4ec19865eefb55915c	882	Pfam	PF07725	Leucine Rich Repeat	611	630	6.1E-6	T	15-06-2017	IPR011713	Leucine-rich repeat 3
CRUB|T23238-R1	a2f3ccb4e6b54cc6ef33020edabccb66	938	Pfam	PF00931	NB-ARC domain	207	461	7.1E-23	T	15-06-2017	IPR002182	NB-ARC
CRUB|T23238-R1	a2f3ccb4e6b54cc6ef33020edabccb66	938	Pfam	PF01582	TIR domain	22	199	7.7E-48	T	15-06-2017	IPR000157	Toll/interleukin-1 receptor homology (TIR) domain
CRUB|T23238-R1	a2f3ccb4e6b54cc6ef33020edabccb66	938	Pfam	PF07725	Leucine Rich Repeat	620	639	9.6E-6	T	15-06-2017	IPR011713	Leucine-rich repeat 3
CRUB|T23243-R1	f58e09d7d41a05a6c2628dd64294aae9	973	Pfam	PF00931	NB-ARC domain	248	503	4.1E-19	T	15-06-2017	IPR002182	NB-ARC
CRUB|T23243-R1	f58e09d7d41a05a6c2628dd64294aae9	973	Pfam	PF07725	Leucine Rich Repeat	662	681	1.8E-6	T	15-06-2017	IPR011713	Leucine-rich repeat 3
CRUB|T23243-R1	f58e09d7d41a05a6c2628dd64294aae9	973	Pfam	PF01582	TIR domain	70	246	6.9E-50	T	15-06-2017	IPR000157	Toll/interleukin-1 receptor homology (TIR) domain
CRUB|T23279-R1	NA	911	Coils	Coil	maj_vote_coils_paircoils_nlrparser	13	65	NA	NA	NA	NA	NA	NA	NA
CRUB|T23279-R1	65d886f12daff7d8ffbba18639a0197b	911	Pfam	PF00931	NB-ARC domain	166	453	4.2E-88	T	15-06-2017	IPR002182	NB-ARC
CRUB|T23292-R1	a6532497100d06a769651bbde4424f20	83	Pfam	PF01582	TIR domain	16	83	3.5E-17	T	15-06-2017	IPR000157	Toll/interleukin-1 receptor homology (TIR) domain
CRUB|T23293-R1	9a8827f38ccded7e7dc240aa6d7fcf2e	1087	Pfam	PF00931	NB-ARC domain	202	458	5.0E-20	T	15-06-2017	IPR002182	NB-ARC
CRUB|T23293-R1	9a8827f38ccded7e7dc240aa6d7fcf2e	1087	Pfam	PF01582	TIR domain	24	200	1.2E-49	T	15-06-2017	IPR000157	Toll/interleukin-1 receptor homology (TIR) domain
CRUB|T23293-R1	9a8827f38ccded7e7dc240aa6d7fcf2e	1087	Pfam	PF07725	Leucine Rich Repeat	616	635	7.9E-7	T	15-06-2017	IPR011713	Leucine-rich repeat 3
CRUB|T23294-R1	b19fa05ea0f0cb2b15c29cdcf7ac1c5e	1143	Pfam	PF01582	TIR domain	16	189	4.9E-47	T	15-06-2017	IPR000157	Toll/interleukin-1 receptor homology (TIR) domain
CRUB|T23294-R1	b19fa05ea0f0cb2b15c29cdcf7ac1c5e	1143	Pfam	PF00931	NB-ARC domain	198	447	1.8E-23	T	15-06-2017	IPR002182	NB-ARC
CRUB|T23294-R1	b19fa05ea0f0cb2b15c29cdcf7ac1c5e	1143	Pfam	PF07725	Leucine Rich Repeat	600	619	8.8E-9	T	15-06-2017	IPR011713	Leucine-rich repeat 3
CRUB|T23296-R1	aee2cf0c17a6f52b650bb103c66609a5	1018	Pfam	PF01582	TIR domain	11	185	6.1E-46	T	15-06-2017	IPR000157	Toll/interleukin-1 receptor homology (TIR) domain
CRUB|T23296-R1	aee2cf0c17a6f52b650bb103c66609a5	1018	Pfam	PF00931	NB-ARC domain	188	453	8.1E-23	T	15-06-2017	IPR002182	NB-ARC
CRUB|T23299-R1	5c9962b51a32d53664e5c529b41c5ad3	663	Pfam	PF00931	NB-ARC domain	226	482	2.5E-20	T	15-06-2017	IPR002182	NB-ARC
CRUB|T23299-R1	5c9962b51a32d53664e5c529b41c5ad3	663	Pfam	PF01582	TIR domain	60	211	6.6E-40	T	15-06-2017	IPR000157	Toll/interleukin-1 receptor homology (TIR) domain
CRUB|T23299-R1	5c9962b51a32d53664e5c529b41c5ad3	663	Pfam	PF07725	Leucine Rich Repeat	634	652	2.9E-6	T	15-06-2017	IPR011713	Leucine-rich repeat 3
CRUB|T23300-R1	d550e875be3b65bee2a5b108555dae6b	1165	Pfam	PF01582	TIR domain	19	182	4.7E-46	T	15-06-2017	IPR000157	Toll/interleukin-1 receptor homology (TIR) domain
CRUB|T23300-R1	d550e875be3b65bee2a5b108555dae6b	1165	Pfam	PF00931	NB-ARC domain	197	435	1.4E-20	T	15-06-2017	IPR002182	NB-ARC
CRUB|T23300-R1	d550e875be3b65bee2a5b108555dae6b	1165	Pfam	PF07725	Leucine Rich Repeat	605	624	1.4E-6	T	15-06-2017	IPR011713	Leucine-rich repeat 3
CRUB|T23301-R1	12f581e6b8b90ce28acd91ef03bf15d7	359	Pfam	PF00931	NB-ARC domain	208	343	1.5E-8	T	15-06-2017	IPR002182	NB-ARC
CRUB|T23301-R1	12f581e6b8b90ce28acd91ef03bf15d7	359	Pfam	PF01582	TIR domain	23	188	1.5E-45	T	15-06-2017	IPR000157	Toll/interleukin-1 receptor homology (TIR) domain
CRUB|T23304-R1	300168ef205c3ca205ddad29ffadb8e3	1038	Pfam	PF00931	NB-ARC domain	201	456	7.1E-20	T	15-06-2017	IPR002182	NB-ARC
CRUB|T23304-R1	300168ef205c3ca205ddad29ffadb8e3	1038	Pfam	PF01582	TIR domain	23	186	2.7E-45	T	15-06-2017	IPR000157	Toll/interleukin-1 receptor homology (TIR) domain
CRUB|T23304-R1	300168ef205c3ca205ddad29ffadb8e3	1038	Pfam	PF07725	Leucine Rich Repeat	609	628	5.2E-8	T	15-06-2017	IPR011713	Leucine-rich repeat 3
CRUB|T23305-R1	188b4dd3a3e2fea84212e8e70e0ac2ad	1114	Pfam	PF00931	NB-ARC domain	201	458	2.2E-20	T	15-06-2017	IPR002182	NB-ARC
CRUB|T23305-R1	188b4dd3a3e2fea84212e8e70e0ac2ad	1114	Pfam	PF01582	TIR domain	23	196	6.3E-46	T	15-06-2017	IPR000157	Toll/interleukin-1 receptor homology (TIR) domain
CRUB|T23305-R1	188b4dd3a3e2fea84212e8e70e0ac2ad	1114	Pfam	PF07725	Leucine Rich Repeat	611	629	6.6E-5	T	15-06-2017	IPR011713	Leucine-rich repeat 3
CRUB|T23307-R1	7d8447d5eed4af9d4320b6b37e3c2caf	833	Pfam	PF07725	Leucine Rich Repeat	404	423	2.5E-6	T	15-06-2017	IPR011713	Leucine-rich repeat 3
CRUB|T23307-R1	7d8447d5eed4af9d4320b6b37e3c2caf	833	Pfam	PF00931	NB-ARC domain	6	251	2.5E-20	T	15-06-2017	IPR002182	NB-ARC
CRUB|T23308-R1	1345620716a50d721f57458852277d30	165	Pfam	PF01582	TIR domain	14	146	4.4E-42	T	15-06-2017	IPR000157	Toll/interleukin-1 receptor homology (TIR) domain
CRUB|T23329-R1	3be58267a02d3978382b1256f667b03d	849	Pfam	PF00931	NB-ARC domain	200	455	2.6E-24	T	15-06-2017	IPR002182	NB-ARC
CRUB|T23329-R1	3be58267a02d3978382b1256f667b03d	849	Pfam	PF01582	TIR domain	22	196	8.4E-48	T	15-06-2017	IPR000157	Toll/interleukin-1 receptor homology (TIR) domain
CRUB|T23329-R1	3be58267a02d3978382b1256f667b03d	849	Pfam	PF07725	Leucine Rich Repeat	609	628	1.6E-8	T	15-06-2017	IPR011713	Leucine-rich repeat 3
CRUB|T23381-R1	NA	763	Coils	Coil	maj_vote_coils_paircoils_nlrparser	15	67	NA	NA	NA	NA	NA	NA	NA
CRUB|T23381-R1	009297e5f5cacbab4f4ee9cc325a022d	763	Pfam	PF00931	NB-ARC domain	160	445	6.5E-86	T	15-06-2017	IPR002182	NB-ARC
CRUB|T23382-R1	d29a18dc37487aed271409d15f16c8b6	1071	Pfam	PF01582	TIR domain	15	187	1.9E-50	T	15-06-2017	IPR000157	Toll/interleukin-1 receptor homology (TIR) domain
CRUB|T23382-R1	d29a18dc37487aed271409d15f16c8b6	1071	Pfam	PF00931	NB-ARC domain	203	452	4.2E-27	T	15-06-2017	IPR002182	NB-ARC
CRUB|T23382-R1	d29a18dc37487aed271409d15f16c8b6	1071	Pfam	PF07725	Leucine Rich Repeat	605	624	1.9E-9	T	15-06-2017	IPR011713	Leucine-rich repeat 3
CRUB|T24248-R1	217a26ec2fa52e2dffe1a042fc3deccd	895	Pfam	PF00931	NB-ARC domain	162	450	2.4E-78	T	15-06-2017	IPR002182	NB-ARC
CRUB|T24248-R1	NA	895	Coils	Coil	maj_vote_coils_paircoils_nlrparser	20	57	NA	NA	NA	NA	NA	NA	NA
CRUB|T24248-R1	NA	895	Coils	Coil	maj_vote_coils_paircoils_nlrparser	240	260	NA	NA	NA	NA	NA	NA	NA
CRUB|T24267-R1	dcdad9a04bfb603f6cb6f32c3a11a826	858	Pfam	PF00931	NB-ARC domain	152	440	5.5E-77	T	15-06-2017	IPR002182	NB-ARC
CRUB|T24267-R1	NA	858	Coils	Coil	maj_vote_coils_paircoils_nlrparser	21	52	NA	NA	NA	NA	NA	NA	NA
CRUB|T24267-R1	NA	858	Coils	Coil	maj_vote_coils_paircoils_nlrparser	230	250	NA	NA	NA	NA	NA	NA	NA
CRUB|T24289-R1	b854279c8036fccbfe0c428e48312c0b	801	Pfam	PF00931	NB-ARC domain	162	433	1.8E-66	T	15-06-2017	IPR002182	NB-ARC
CRUB|T24289-R1	NA	801	Coils	Coil	maj_vote_coils_paircoils_nlrparser	19	58	NA	NA	NA	NA	NA	NA	NA
CRUB|T24289-R1	NA	801	Coils	Coil	maj_vote_coils_paircoils_nlrparser	240	260	NA	NA	NA	NA	NA	NA	NA
CRUB|T24298-R1	2cefcf2ceeb6d7c1fafc64dd14daea86	891	Pfam	PF00931	NB-ARC domain	162	450	2.2E-77	T	15-06-2017	IPR002182	NB-ARC
CRUB|T24298-R1	NA	891	Coils	Coil	maj_vote_coils_paircoils_nlrparser	19	58	NA	NA	NA	NA	NA	NA	NA
CRUB|T24298-R1	NA	891	Coils	Coil	maj_vote_coils_paircoils_nlrparser	240	260	NA	NA	NA	NA	NA	NA	NA
CRUB|T24314-R1	0abebed155c189fa7368642d34bda38e	894	Pfam	PF00931	NB-ARC domain	162	450	2.4E-75	T	15-06-2017	IPR002182	NB-ARC
CRUB|T24314-R1	NA	894	Coils	Coil	maj_vote_coils_paircoils_nlrparser	19	58	NA	NA	NA	NA	NA	NA	NA
CRUB|T24314-R1	NA	894	Coils	Coil	maj_vote_coils_paircoils_nlrparser	240	260	NA	NA	NA	NA	NA	NA	NA
CRUB|T24405-R1	07e37a921b20958ede5bc807c8aa6385	153	Pfam	PF01582	TIR domain	4	140	4.0E-24	T	15-06-2017	IPR000157	Toll/interleukin-1 receptor homology (TIR) domain
CRUB|T24618-R1	a4e6d968ca19b6a7887b82972bf886c9	1364	Pfam	PF00931	NB-ARC domain	207	464	4.8E-16	T	15-06-2017	IPR002182	NB-ARC
CRUB|T24618-R1	a4e6d968ca19b6a7887b82972bf886c9	1364	Pfam	PF01582	TIR domain	28	202	8.7E-44	T	15-06-2017	IPR000157	Toll/interleukin-1 receptor homology (TIR) domain
CRUB|T24618-R1	a4e6d968ca19b6a7887b82972bf886c9	1364	Pfam	PF07725	Leucine Rich Repeat	612	630	2.3E-7	T	15-06-2017	IPR011713	Leucine-rich repeat 3
CRUB|T24999-R1	56f6ba040f15bb2eef483c1e578f8957	1519	Pfam	PF01582	TIR domain	123	298	5.5E-50	T	15-06-2017	IPR000157	Toll/interleukin-1 receptor homology (TIR) domain
CRUB|T24999-R1	56f6ba040f15bb2eef483c1e578f8957	1519	Pfam	PF00931	NB-ARC domain	303	561	2.4E-16	T	15-06-2017	IPR002182	NB-ARC
CRUB|T24999-R1	56f6ba040f15bb2eef483c1e578f8957	1519	Pfam	PF07725	Leucine Rich Repeat	717	736	1.3E-5	T	15-06-2017	IPR011713	Leucine-rich repeat 3
CRUB|T25000-R1	e4c0cd61e9127cd0801d96a1766676a6	1399	Pfam	PF00931	NB-ARC domain	241	496	1.3E-19	T	15-06-2017	IPR002182	NB-ARC
CRUB|T25000-R1	e4c0cd61e9127cd0801d96a1766676a6	1399	Pfam	PF01582	TIR domain	62	238	9.7E-51	T	15-06-2017	IPR000157	Toll/interleukin-1 receptor homology (TIR) domain
CRUB|T25000-R1	e4c0cd61e9127cd0801d96a1766676a6	1399	Pfam	PF07725	Leucine Rich Repeat	651	670	1.5E-7	T	15-06-2017	IPR011713	Leucine-rich repeat 3
CRUB|T25001-R1	7377a526d84df77bed071adbb2e82945	1420	Pfam	PF00931	NB-ARC domain	247	503	4.5E-19	T	15-06-2017	IPR002182	NB-ARC
CRUB|T25001-R1	7377a526d84df77bed071adbb2e82945	1420	Pfam	PF07725	Leucine Rich Repeat	662	681	2.8E-6	T	15-06-2017	IPR011713	Leucine-rich repeat 3
CRUB|T25001-R1	7377a526d84df77bed071adbb2e82945	1420	Pfam	PF01582	TIR domain	68	244	4.0E-50	T	15-06-2017	IPR000157	Toll/interleukin-1 receptor homology (TIR) domain
CRUB|T25371-R1	baaf2dff77f1872ee1e92e83ffab21b2	442	Pfam	PF00931	NB-ARC domain	233	391	3.1E-14	T	15-06-2017	IPR002182	NB-ARC
CRUB|T25371-R1	baaf2dff77f1872ee1e92e83ffab21b2	442	Pfam	PF01582	TIR domain	42	218	5.4E-54	T	15-06-2017	IPR000157	Toll/interleukin-1 receptor homology (TIR) domain
CRUB|T25372-R1	ac61361234a0ad58a641ec792b1cbb24	380	Pfam	PF00931	NB-ARC domain	194	333	3.4E-7	T	15-06-2017	IPR002182	NB-ARC
CRUB|T25372-R1	ac61361234a0ad58a641ec792b1cbb24	380	Pfam	PF01582	TIR domain	5	185	1.1E-51	T	15-06-2017	IPR000157	Toll/interleukin-1 receptor homology (TIR) domain
CRUB|T25376-R1	5b8a22ae1fe831853b85be2df7ccf219	1169	Pfam	PF01582	TIR domain	10	187	1.8E-53	T	15-06-2017	IPR000157	Toll/interleukin-1 receptor homology (TIR) domain
CRUB|T25376-R1	5b8a22ae1fe831853b85be2df7ccf219	1169	Pfam	PF00931	NB-ARC domain	192	350	1.4E-8	T	15-06-2017	IPR002182	NB-ARC
CRUB|T25376-R1	5b8a22ae1fe831853b85be2df7ccf219	1169	Pfam	PF05879	Root hair defective 3 GTP-binding protein (RHD3)	422	1162	0.0	T	15-06-2017	IPR008803	RHD3/Sey1
CRUB|T26025-R1	536078eb289500f5c78b349c942dcd55	966	Pfam	PF00931	NB-ARC domain	251	504	2.7E-30	T	15-06-2017	IPR002182	NB-ARC
CRUB|T26025-R1	536078eb289500f5c78b349c942dcd55	966	Pfam	PF01582	TIR domain	62	227	3.1E-49	T	15-06-2017	IPR000157	Toll/interleukin-1 receptor homology (TIR) domain
CRUB|T26059-R1	1e55dc0ad8126ad1093aba95181a8b61	107	Pfam	PF00931	NB-ARC domain	24	96	6.3E-8	T	15-06-2017	IPR002182	NB-ARC
CRUB|T26060-R1	543d0fc040ac1fa2c9599bd7a1a396aa	843	Pfam	PF00931	NB-ARC domain	132	375	6.6E-31	T	15-06-2017	IPR002182	NB-ARC
CRUB|T26060-R1	543d0fc040ac1fa2c9599bd7a1a396aa	843	Pfam	PF01582	TIR domain	3	127	2.4E-21	T	15-06-2017	IPR000157	Toll/interleukin-1 receptor homology (TIR) domain
CRUB|T26060-R1	543d0fc040ac1fa2c9599bd7a1a396aa	843	Pfam	PF07725	Leucine Rich Repeat	542	561	2.6E-6	T	15-06-2017	IPR011713	Leucine-rich repeat 3
CRUB|T26425.1-R1	4989e2ce060b59271daf277249a935a1	197	Pfam	PF01582	TIR domain	8	180	7.4E-34	T	15-06-2017	IPR000157	Toll/interleukin-1 receptor homology (TIR) domain
CRUB|T26425.2-R1	00cedba6e1ef4867dfdd0e284c85e82f	186	Pfam	PF01582	TIR domain	87	155	5.6E-16	T	15-06-2017	IPR000157	Toll/interleukin-1 receptor homology (TIR) domain
CRUB|T26425.2-R1	00cedba6e1ef4867dfdd0e284c85e82f	186	Pfam	PF01582	TIR domain	9	70	2.4E-7	T	15-06-2017	IPR000157	Toll/interleukin-1 receptor homology (TIR) domain
CRUB|T26427-R1	7beb58135f13071c872379b6cf7bcb97	206	Pfam	PF01582	TIR domain	9	180	2.5E-36	T	15-06-2017	IPR000157	Toll/interleukin-1 receptor homology (TIR) domain
CRUB|T26428-R1	3ddb4d23cc4beb37b1d264bd1de3c0a5	198	Pfam	PF01582	TIR domain	8	167	4.9E-28	T	15-06-2017	IPR000157	Toll/interleukin-1 receptor homology (TIR) domain
CRUB|T26429-R1	d602a025738b49cc0cf03dc3b877e89b	100	Pfam	PF01582	TIR domain	2	69	7.5E-5	T	15-06-2017	IPR000157	Toll/interleukin-1 receptor homology (TIR) domain
CRUB|T26430-R1	f96761e8c6cc75a9e5f5d06031e804da	190	Pfam	PF01582	TIR domain	11	182	1.6E-33	T	15-06-2017	IPR000157	Toll/interleukin-1 receptor homology (TIR) domain
CRUB|T26431-R1	91b1605740055a656e7fe544431db6c4	222	Pfam	PF01582	TIR domain	10	75	2.0E-8	T	15-06-2017	IPR000157	Toll/interleukin-1 receptor homology (TIR) domain
CRUB|T26431-R1	91b1605740055a656e7fe544431db6c4	222	Pfam	PF01582	TIR domain	88	187	5.2E-18	T	15-06-2017	IPR000157	Toll/interleukin-1 receptor homology (TIR) domain
CRUB|T26432-R1	5fd0f4e73befaf5f2b2e1fc4dfaeb51c	203	Pfam	PF01582	TIR domain	8	176	3.5E-36	T	15-06-2017	IPR000157	Toll/interleukin-1 receptor homology (TIR) domain
CRUB|T26435-R1	41611195d9c94a53914497fdf54c6972	183	Pfam	PF01582	TIR domain	1	169	5.5E-34	T	15-06-2017	IPR000157	Toll/interleukin-1 receptor homology (TIR) domain
CRUB|T26436-R1	5a730f471bae372e50314d9d4b21e43e	211	Pfam	PF01582	TIR domain	3	172	4.6E-27	T	15-06-2017	IPR000157	Toll/interleukin-1 receptor homology (TIR) domain
CRUB|T26437-R1	44039378ac28f767390bad312524330a	206	Pfam	PF01582	TIR domain	11	174	2.7E-37	T	15-06-2017	IPR000157	Toll/interleukin-1 receptor homology (TIR) domain
CRUB|T26438-R1	71ba66e2fd518840c968e5cfb454548f	151	Pfam	PF01582	TIR domain	2	137	8.4E-30	T	15-06-2017	IPR000157	Toll/interleukin-1 receptor homology (TIR) domain
CRUB|T26439-R1	84d6d13cfc96d04b223530a0e537e281	248	Pfam	PF01582	TIR domain	63	203	9.3E-29	T	15-06-2017	IPR000157	Toll/interleukin-1 receptor homology (TIR) domain
CRUB|T26451-R1	b2fdbd3f338aeb4de4d0a1f016dee467	275	Pfam	PF01582	TIR domain	96	255	7.3E-29	T	15-06-2017	IPR000157	Toll/interleukin-1 receptor homology (TIR) domain
CRUB|T26452-R1	dd7469f7813bf51ac9b3d53af2b7d11b	354	Pfam	PF01582	TIR domain	198	331	2.3E-27	T	15-06-2017	IPR000157	Toll/interleukin-1 receptor homology (TIR) domain
CRUB|T26941-R1	857fdb592b251ed230001d1005841e41	1089	Pfam	PF01582	TIR domain	11	186	1.2E-47	T	15-06-2017	IPR000157	Toll/interleukin-1 receptor homology (TIR) domain
CRUB|T26941-R1	857fdb592b251ed230001d1005841e41	1089	Pfam	PF00931	NB-ARC domain	188	433	2.9E-21	T	15-06-2017	IPR002182	NB-ARC
CRUB|T26941-R1	857fdb592b251ed230001d1005841e41	1089	Pfam	PF07725	Leucine Rich Repeat	557	574	8.5E-5	T	15-06-2017	IPR011713	Leucine-rich repeat 3
CRUB|T27106-R1	d4083d488601ac1f69b3170d4c81eb5b	1099	Pfam	PF00931	NB-ARC domain	233	492	1.8E-25	T	15-06-2017	IPR002182	NB-ARC
CRUB|T27106-R1	d4083d488601ac1f69b3170d4c81eb5b	1099	Pfam	PF01582	TIR domain	52	227	1.7E-50	T	15-06-2017	IPR000157	Toll/interleukin-1 receptor homology (TIR) domain
CRUB|T27106-R1	d4083d488601ac1f69b3170d4c81eb5b	1099	Pfam	PF07725	Leucine Rich Repeat	650	669	2.4E-8	T	15-06-2017	IPR011713	Leucine-rich repeat 3
CRUB|T27118-R1	6f6e50105296698955565ea26eb21386	95	Pfam	PF00931	NB-ARC domain	2	62	2.0E-17	T	15-06-2017	IPR002182	NB-ARC
CRUB|T27825-R1	7f771ffc5c975ac65deec94bc385aa2d	1164	Pfam	PF00931	NB-ARC domain	252	503	1.2E-26	T	15-06-2017	IPR002182	NB-ARC
CRUB|T27825-R1	7f771ffc5c975ac65deec94bc385aa2d	1164	Pfam	PF07725	Leucine Rich Repeat	669	688	9.5E-8	T	15-06-2017	IPR011713	Leucine-rich repeat 3
CRUB|T27825-R1	7f771ffc5c975ac65deec94bc385aa2d	1164	Pfam	PF01582	TIR domain	71	248	3.6E-52	T	15-06-2017	IPR000157	Toll/interleukin-1 receptor homology (TIR) domain
CRUB|T27825-R1	7f771ffc5c975ac65deec94bc385aa2d	1164	Pfam	PF00560	Leucine Rich Repeat	811	833	1.5	T	15-06-2017	IPR001611	Leucine-rich repeat
CRUB|T27826-R1	2eb65f34d11d87fff1d10b1bc88d5ce2	1139	Pfam	PF00931	NB-ARC domain	242	492	7.1E-26	T	15-06-2017	IPR002182	NB-ARC
CRUB|T27826-R1	2eb65f34d11d87fff1d10b1bc88d5ce2	1139	Pfam	PF01582	TIR domain	60	238	2.2E-53	T	15-06-2017	IPR000157	Toll/interleukin-1 receptor homology (TIR) domain
CRUB|T27826-R1	2eb65f34d11d87fff1d10b1bc88d5ce2	1139	Pfam	PF07725	Leucine Rich Repeat	657	674	4.3E-6	T	15-06-2017	IPR011713	Leucine-rich repeat 3
CRUB|T27831-R1	56e4c2c66247de9f60954c01a3fb6daa	1225	Pfam	PF00931	NB-ARC domain	245	498	7.4E-27	T	15-06-2017	IPR002182	NB-ARC
CRUB|T27831-R1	56e4c2c66247de9f60954c01a3fb6daa	1225	Pfam	PF01582	TIR domain	62	239	1.4E-52	T	15-06-2017	IPR000157	Toll/interleukin-1 receptor homology (TIR) domain
CRUB|T27831-R1	56e4c2c66247de9f60954c01a3fb6daa	1225	Pfam	PF07725	Leucine Rich Repeat	661	680	1.5E-6	T	15-06-2017	IPR011713	Leucine-rich repeat 3
CRUB|T27831-R1	56e4c2c66247de9f60954c01a3fb6daa	1225	Pfam	PF00560	Leucine Rich Repeat	731	753	0.79	T	15-06-2017	IPR001611	Leucine-rich repeat
CRUB|T27831-R1	56e4c2c66247de9f60954c01a3fb6daa	1225	Pfam	PF00560	Leucine Rich Repeat	848	870	1.6	T	15-06-2017	IPR001611	Leucine-rich repeat
CRUB|T27831-R1	56e4c2c66247de9f60954c01a3fb6daa	1225	Pfam	PF00560	Leucine Rich Repeat	872	891	0.17	T	15-06-2017	IPR001611	Leucine-rich repeat
CRUB|T27833-R1	302d6f49b6c080bf92a2afa2061d6d39	1118	Pfam	PF00931	NB-ARC domain	256	515	2.5E-21	T	15-06-2017	IPR002182	NB-ARC
CRUB|T27833-R1	302d6f49b6c080bf92a2afa2061d6d39	1118	Pfam	PF07725	Leucine Rich Repeat	674	693	7.4E-6	T	15-06-2017	IPR011713	Leucine-rich repeat 3
CRUB|T27833-R1	302d6f49b6c080bf92a2afa2061d6d39	1118	Pfam	PF13306	Leucine rich repeats (6 copies)	718	827	0.022	T	15-06-2017	IPR026906	Leucine rich repeat 5
CRUB|T27833-R1	302d6f49b6c080bf92a2afa2061d6d39	1118	Pfam	PF01582	TIR domain	77	255	1.5E-51	T	15-06-2017	IPR000157	Toll/interleukin-1 receptor homology (TIR) domain
CRUB|T27833-R1	302d6f49b6c080bf92a2afa2061d6d39	1118	Pfam	PF13306	Leucine rich repeats (6 copies)	983	1103	0.0013	T	15-06-2017	IPR026906	Leucine rich repeat 5
CRUB|T27836-R1	48191cd18ea6e770732c630f3233439a	170	Pfam	PF01582	TIR domain	20	158	1.6E-48	T	15-06-2017	IPR000157	Toll/interleukin-1 receptor homology (TIR) domain
CRUB|T27837-R1	b7426fe19e5f0196feb0136624fe87e7	1063	Pfam	PF00931	NB-ARC domain	20	278	1.4E-26	T	15-06-2017	IPR002182	NB-ARC
CRUB|T27837-R1	b7426fe19e5f0196feb0136624fe87e7	1063	Pfam	PF07725	Leucine Rich Repeat	436	454	5.1E-6	T	15-06-2017	IPR011713	Leucine-rich repeat 3
CRUB|T27837-R1	b7426fe19e5f0196feb0136624fe87e7	1063	Pfam	PF00560	Leucine Rich Repeat	505	527	0.46	T	15-06-2017	IPR001611	Leucine-rich repeat
CRUB|T27837-R1	b7426fe19e5f0196feb0136624fe87e7	1063	Pfam	PF00560	Leucine Rich Repeat	575	593	1.6	T	15-06-2017	IPR001611	Leucine-rich repeat
CRUB|T27838-R1	7f2c2138e2c25a86f4c88601710f682a	1176	Pfam	PF01582	TIR domain	101	279	3.5E-54	T	15-06-2017	IPR000157	Toll/interleukin-1 receptor homology (TIR) domain
CRUB|T27838-R1	7f2c2138e2c25a86f4c88601710f682a	1176	Pfam	PF00931	NB-ARC domain	281	539	1.0E-26	T	15-06-2017	IPR002182	NB-ARC
CRUB|T27839-R1	072cf80938e7dd55bd348af426666ab6	926	Pfam	PF01582	TIR domain	114	293	3.0E-50	T	15-06-2017	IPR000157	Toll/interleukin-1 receptor homology (TIR) domain
CRUB|T27839-R1	072cf80938e7dd55bd348af426666ab6	926	Pfam	PF00931	NB-ARC domain	294	551	1.6E-27	T	15-06-2017	IPR002182	NB-ARC
CRUB|T27839-R1	072cf80938e7dd55bd348af426666ab6	926	Pfam	PF07725	Leucine Rich Repeat	713	730	3.4E-6	T	15-06-2017	IPR011713	Leucine-rich repeat 3
CRUB|T27839-R1	072cf80938e7dd55bd348af426666ab6	926	Pfam	PF00560	Leucine Rich Repeat	783	805	0.28	T	15-06-2017	IPR001611	Leucine-rich repeat
CRUB|T27839-R1	072cf80938e7dd55bd348af426666ab6	926	Pfam	PF00560	Leucine Rich Repeat	853	871	1.4	T	15-06-2017	IPR001611	Leucine-rich repeat
CRUB|T27841-R1	9677c9400fce07a133aa85e60c8b45b8	446	Pfam	PF00931	NB-ARC domain	226	359	2.9E-10	T	15-06-2017	IPR002182	NB-ARC
CRUB|T27841-R1	9677c9400fce07a133aa85e60c8b45b8	446	Pfam	PF01582	TIR domain	90	209	3.3E-44	T	15-06-2017	IPR000157	Toll/interleukin-1 receptor homology (TIR) domain
CRUB|T27842-R1	589095860e2514378e54df43468c06ba	1099	Pfam	PF00931	NB-ARC domain	190	442	6.8E-21	T	15-06-2017	IPR002182	NB-ARC
CRUB|T27842-R1	589095860e2514378e54df43468c06ba	1099	Pfam	PF01582	TIR domain	40	173	4.0E-48	T	15-06-2017	IPR000157	Toll/interleukin-1 receptor homology (TIR) domain
CRUB|T27842-R1	589095860e2514378e54df43468c06ba	1099	Pfam	PF07725	Leucine Rich Repeat	601	620	7.3E-7	T	15-06-2017	IPR011713	Leucine-rich repeat 3
CRUB|T27843-R1	a2a78919019abc22f828923a5b10737a	997	Pfam	PF00931	NB-ARC domain	10	112	1.3E-8	T	15-06-2017	IPR002182	NB-ARC
CRUB|T27843-R1	a2a78919019abc22f828923a5b10737a	997	Pfam	PF07725	Leucine Rich Repeat	274	292	4.2E-6	T	15-06-2017	IPR011713	Leucine-rich repeat 3
CRUB|T28124-R1	114e744aa24f9ebaf73a1603d904ce92	844	Pfam	PF00931	NB-ARC domain	170	450	9.4E-73	T	15-06-2017	IPR002182	NB-ARC
CRUB|T28542-R1	59b2bd4d2cdaa31bf96b8ce7a01ad708	192	Pfam	PF05659	Arabidopsis broad-spectrum mildew resistance protein RPW8	5	143	1.8E-50	T	15-06-2017	IPR008808	Powdery mildew resistance protein, RPW8 domain
CRUB|T28544-R1	1e1d62f5079048ba9829c91afa87cf72	213	Pfam	PF05659	Arabidopsis broad-spectrum mildew resistance protein RPW8	5	143	1.0E-56	T	15-06-2017	IPR008808	Powdery mildew resistance protein, RPW8 domain
CRUB|T28611-R1	NA	854	Coils	Coil	maj_vote_coils_paircoils_nlrparser	10	68	NA	NA	NA	NA	NA	NA	NA
CRUB|T28611-R1	b005df69a2509f106cbe7877d9f72e84	854	Pfam	PF00931	NB-ARC domain	167	452	5.9E-102	T	15-06-2017	IPR002182	NB-ARC
CRUB|T29977-R1	a9637aa44584df08a990e604257196f5	1574	Pfam	PF00931	NB-ARC domain	159	428	3.4E-73	T	15-06-2017	IPR002182	NB-ARC
CRUB|T29977-R1	NA	1574	Coils	Coil	maj_vote_coils_paircoils_nlrparser	27	61	NA	NA	NA	NA	NA	NA	NA
CRUB|T29977-R1	a9637aa44584df08a990e604257196f5	1574	Pfam	PF00931	NB-ARC domain	946	1200	5.1E-35	T	15-06-2017	IPR002182	NB-ARC
CRUB|T29978-R1	2881cbb67e335818e8193a27f1604145	846	Pfam	PF00931	NB-ARC domain	160	438	5.1E-73	T	15-06-2017	IPR002182	NB-ARC
CRUB|T29978-R1	2881cbb67e335818e8193a27f1604145	846	Pfam	PF13855	Leucine rich repeat	537	595	6.2E-7	T	15-06-2017	IPR001611	Leucine-rich repeat
CRUB|T30070-R1	a346d8657ca38371042ffa39dfecd2ae	1164	Pfam	PF01582	TIR domain	14	189	4.5E-49	T	15-06-2017	IPR000157	Toll/interleukin-1 receptor homology (TIR) domain
CRUB|T30070-R1	a346d8657ca38371042ffa39dfecd2ae	1164	Pfam	PF00931	NB-ARC domain	192	449	6.7E-18	T	15-06-2017	IPR002182	NB-ARC
CRUB|T30070-R1	a346d8657ca38371042ffa39dfecd2ae	1164	Pfam	PF07725	Leucine Rich Repeat	623	641	1.2E-6	T	15-06-2017	IPR011713	Leucine-rich repeat 3
CRUB|T30072-R1	e4da4e747ca71a3da81aece1dc4a4bc8	1223	Pfam	PF01582	TIR domain	13	189	3.9E-50	T	15-06-2017	IPR000157	Toll/interleukin-1 receptor homology (TIR) domain
CRUB|T30072-R1	e4da4e747ca71a3da81aece1dc4a4bc8	1223	Pfam	PF00931	NB-ARC domain	190	456	4.9E-21	T	15-06-2017	IPR002182	NB-ARC
CRUB|T30073-R1	d122a7f182fbe7e8267173bf2bc26096	1153	Pfam	PF01582	TIR domain	13	187	9.2E-50	T	15-06-2017	IPR000157	Toll/interleukin-1 receptor homology (TIR) domain
CRUB|T30073-R1	d122a7f182fbe7e8267173bf2bc26096	1153	Pfam	PF00931	NB-ARC domain	193	435	4.1E-17	T	15-06-2017	IPR002182	NB-ARC
CRUB|T30073-R1	d122a7f182fbe7e8267173bf2bc26096	1153	Pfam	PF07725	Leucine Rich Repeat	612	630	4.8E-5	T	15-06-2017	IPR011713	Leucine-rich repeat 3
CRUB|T30075-R1	1a494908bb757cb7b148a2ec1bbd918b	1192	Pfam	PF01582	TIR domain	12	183	1.8E-47	T	15-06-2017	IPR000157	Toll/interleukin-1 receptor homology (TIR) domain
CRUB|T30075-R1	1a494908bb757cb7b148a2ec1bbd918b	1192	Pfam	PF00931	NB-ARC domain	197	438	3.2E-16	T	15-06-2017	IPR002182	NB-ARC
CRUB|T30075-R1	1a494908bb757cb7b148a2ec1bbd918b	1192	Pfam	PF07725	Leucine Rich Repeat	608	626	1.6E-5	T	15-06-2017	IPR011713	Leucine-rich repeat 3
CRUB|T30076-R1	16de67a15f06894e56b98cb2ccae69e1	1135	Pfam	PF01582	TIR domain	14	186	7.5E-51	T	15-06-2017	IPR000157	Toll/interleukin-1 receptor homology (TIR) domain
CRUB|T30076-R1	16de67a15f06894e56b98cb2ccae69e1	1135	Pfam	PF00931	NB-ARC domain	191	433	1.1E-16	T	15-06-2017	IPR002182	NB-ARC
CRUB|T30076-R1	16de67a15f06894e56b98cb2ccae69e1	1135	Pfam	PF07725	Leucine Rich Repeat	612	630	7.5E-8	T	15-06-2017	IPR011713	Leucine-rich repeat 3
CRUB|T30097-R1	bc2cf9da8bb449be3122594592816d03	1160	Pfam	PF01582	TIR domain	14	183	5.9E-45	T	15-06-2017	IPR000157	Toll/interleukin-1 receptor homology (TIR) domain
CRUB|T30097-R1	bc2cf9da8bb449be3122594592816d03	1160	Pfam	PF00931	NB-ARC domain	194	451	4.2E-20	T	15-06-2017	IPR002182	NB-ARC
CRUB|T30097-R1	bc2cf9da8bb449be3122594592816d03	1160	Pfam	PF07725	Leucine Rich Repeat	607	624	1.3E-7	T	15-06-2017	IPR011713	Leucine-rich repeat 3
CRUB|T30196-R1	72100350d26698e3400ae25de60ec954	370	Pfam	PF00931	NB-ARC domain	78	332	3.3E-21	T	15-06-2017	IPR002182	NB-ARC
CRUB|T30201-R1	ef3f4f927a962661e63e5a639c00eb57	975	Pfam	PF00931	NB-ARC domain	19	159	1.2E-7	T	15-06-2017	IPR002182	NB-ARC
CRUB|T30219-R1	c02a7c53aad9ca024b770d7f153610e0	228	Pfam	PF01582	TIR domain	15	175	4.6E-33	T	15-06-2017	IPR000157	Toll/interleukin-1 receptor homology (TIR) domain
CRUB|T30220-R1	fc703825e6ddd8dabb5f301b6f03c7e8	421	Pfam	PF00931	NB-ARC domain	160	344	1.8E-13	T	15-06-2017	IPR002182	NB-ARC
CRUB|T30228-R2	745ebda1d0363d96ef6e3e00846d1f0d	2721	Pfam	PF00931	NB-ARC domain	1377	1623	2.0E-29	T	15-06-2017	IPR002182	NB-ARC
CRUB|T30228-R2	745ebda1d0363d96ef6e3e00846d1f0d	2721	Pfam	PF07725	Leucine Rich Repeat	1783	1800	9.2E-6	T	15-06-2017	IPR011713	Leucine-rich repeat 3
CRUB|T30228-R2	745ebda1d0363d96ef6e3e00846d1f0d	2721	Pfam	PF01582	TIR domain	184	301	8.2E-19	T	15-06-2017	IPR000157	Toll/interleukin-1 receptor homology (TIR) domain
CRUB|T30228-R2	745ebda1d0363d96ef6e3e00846d1f0d	2721	Pfam	PF01582	TIR domain	2409	2567	2.5E-23	T	15-06-2017	IPR000157	Toll/interleukin-1 receptor homology (TIR) domain
CRUB|T30228-R2	745ebda1d0363d96ef6e3e00846d1f0d	2721	Pfam	PF00931	NB-ARC domain	343	562	1.6E-21	T	15-06-2017	IPR002182	NB-ARC
CRUB|T30228-R2	745ebda1d0363d96ef6e3e00846d1f0d	2721	Pfam	PF07725	Leucine Rich Repeat	757	776	8.0E-7	T	15-06-2017	IPR011713	Leucine-rich repeat 3
CRUB|T30229-R1	eb3d3ca2e8e8934fe4c2c97c74ed1e8e	1149	Pfam	PF00931	NB-ARC domain	209	447	1.1E-20	T	15-06-2017	IPR002182	NB-ARC
CRUB|T30229-R1	eb3d3ca2e8e8934fe4c2c97c74ed1e8e	1149	Pfam	PF07725	Leucine Rich Repeat	618	637	7.4E-5	T	15-06-2017	IPR011713	Leucine-rich repeat 3
CRUB|T30229-R1	eb3d3ca2e8e8934fe4c2c97c74ed1e8e	1149	Pfam	PF01582	TIR domain	9	169	5.7E-30	T	15-06-2017	IPR000157	Toll/interleukin-1 receptor homology (TIR) domain
CRUB|T30230-R1	473aa673d03195eba31f1891994a89a3	1411	Pfam	PF03106	WRKY DNA -binding domain	1215	1275	7.4E-24	T	15-06-2017	IPR003657	WRKY domain
CRUB|T30230-R1	473aa673d03195eba31f1891994a89a3	1411	Pfam	PF00931	NB-ARC domain	158	404	8.3E-27	T	15-06-2017	IPR002182	NB-ARC
CRUB|T30230-R1	473aa673d03195eba31f1891994a89a3	1411	Pfam	PF01582	TIR domain	18	99	1.0E-4	T	15-06-2017	IPR000157	Toll/interleukin-1 receptor homology (TIR) domain
CRUB|T30230-R1	473aa673d03195eba31f1891994a89a3	1411	Pfam	PF07725	Leucine Rich Repeat	575	594	9.6E-9	T	15-06-2017	IPR011713	Leucine-rich repeat 3
CRUB|T30231-R1	714e8e6747ecb60cbe811501b49a73ef	1216	Pfam	PF01582	TIR domain	16	183	4.9E-41	T	15-06-2017	IPR000157	Toll/interleukin-1 receptor homology (TIR) domain
CRUB|T30231-R1	714e8e6747ecb60cbe811501b49a73ef	1216	Pfam	PF00931	NB-ARC domain	211	473	2.9E-28	T	15-06-2017	IPR002182	NB-ARC
CRUB|T30231-R1	714e8e6747ecb60cbe811501b49a73ef	1216	Pfam	PF07725	Leucine Rich Repeat	638	657	5.0E-8	T	15-06-2017	IPR011713	Leucine-rich repeat 3
CRUB|T30232-R1	dde48da6b87d92bd3d93d7a4fc1b51b2	363	Pfam	PF01582	TIR domain	16	133	3.5E-26	T	15-06-2017	IPR000157	Toll/interleukin-1 receptor homology (TIR) domain
CRUB|T30232-R1	dde48da6b87d92bd3d93d7a4fc1b51b2	363	Pfam	PF01582	TIR domain	218	348	1.6E-26	T	15-06-2017	IPR000157	Toll/interleukin-1 receptor homology (TIR) domain
CRUB|T30234-R1	9255d5678580718fcf09db7780d80e23	752	Pfam	PF00931	NB-ARC domain	172	400	1.6E-20	T	15-06-2017	IPR002182	NB-ARC
CRUB|T30234-R1	9255d5678580718fcf09db7780d80e23	752	Pfam	PF01582	TIR domain	49	148	3.5E-15	T	15-06-2017	IPR000157	Toll/interleukin-1 receptor homology (TIR) domain
CRUB|T30234-R1	9255d5678580718fcf09db7780d80e23	752	Pfam	PF07725	Leucine Rich Repeat	547	566	1.4E-6	T	15-06-2017	IPR011713	Leucine-rich repeat 3
CRUB|T30235-R1	e2cd038b39c935ce8b1a01787309abc7	1158	Pfam	PF01582	TIR domain	14	175	2.7E-28	T	15-06-2017	IPR000157	Toll/interleukin-1 receptor homology (TIR) domain
CRUB|T30235-R1	e2cd038b39c935ce8b1a01787309abc7	1158	Pfam	PF00931	NB-ARC domain	192	469	4.2E-28	T	15-06-2017	IPR002182	NB-ARC
CRUB|T30255-R1	cc42cfbb3589bf3cfeb40879d7fea5e9	424	Pfam	PF01582	TIR domain	22	188	1.5E-34	T	15-06-2017	IPR000157	Toll/interleukin-1 receptor homology (TIR) domain
CRUB|T30255-R1	cc42cfbb3589bf3cfeb40879d7fea5e9	424	Pfam	PF14299	Phloem protein 2	270	422	2.1E-36	T	15-06-2017	IPR025886	Phloem protein 2-like
CRUB|T30256-R1	77f850aec3ba96074164881f2c7c3125	395	Pfam	PF01582	TIR domain	225	384	1.5E-32	T	15-06-2017	IPR000157	Toll/interleukin-1 receptor homology (TIR) domain
CRUB|T30256-R1	77f850aec3ba96074164881f2c7c3125	395	Pfam	PF01582	TIR domain	23	187	6.9E-24	T	15-06-2017	IPR000157	Toll/interleukin-1 receptor homology (TIR) domain
CRUB|T30257-R1	5d3ecdcdc9f57ec676f8209ddf63ae84	385	Pfam	PF01582	TIR domain	14	187	5.1E-31	T	15-06-2017	IPR000157	Toll/interleukin-1 receptor homology (TIR) domain
CRUB|T30257-R1	5d3ecdcdc9f57ec676f8209ddf63ae84	385	Pfam	PF14299	Phloem protein 2	227	384	2.0E-33	T	15-06-2017	IPR025886	Phloem protein 2-like
CRUB|T30259-R1	3c619deb63c997114f881d9036803326	347	Pfam	PF01582	TIR domain	183	338	6.6E-31	T	15-06-2017	IPR000157	Toll/interleukin-1 receptor homology (TIR) domain
CRUB|T30259-R1	3c619deb63c997114f881d9036803326	347	Pfam	PF01582	TIR domain	50	175	1.6E-15	T	15-06-2017	IPR000157	Toll/interleukin-1 receptor homology (TIR) domain
CRUB|T30260-R1	fcbe85eee519c06a5129462bc9159655	363	Pfam	PF01582	TIR domain	2	84	5.5E-22	T	15-06-2017	IPR000157	Toll/interleukin-1 receptor homology (TIR) domain
CRUB|T30260-R1	fcbe85eee519c06a5129462bc9159655	363	Pfam	PF14299	Phloem protein 2	208	361	1.0E-34	T	15-06-2017	IPR025886	Phloem protein 2-like
CRUB|T30261-R1	07b637a3a8fde61f88b9949064d082f0	1468	Pfam	PF01582	TIR domain	12	176	3.8E-50	T	15-06-2017	IPR000157	Toll/interleukin-1 receptor homology (TIR) domain
CRUB|T30261-R1	07b637a3a8fde61f88b9949064d082f0	1468	Pfam	PF00931	NB-ARC domain	188	441	1.4E-20	T	15-06-2017	IPR002182	NB-ARC
CRUB|T30261-R1	07b637a3a8fde61f88b9949064d082f0	1468	Pfam	PF07725	Leucine Rich Repeat	599	618	8.4E-8	T	15-06-2017	IPR011713	Leucine-rich repeat 3
CRUB|T30261-R1	07b637a3a8fde61f88b9949064d082f0	1468	Pfam	PF07725	Leucine Rich Repeat	759	778	3.9E-6	T	15-06-2017	IPR011713	Leucine-rich repeat 3
CRUB|T30261-R1	07b637a3a8fde61f88b9949064d082f0	1468	Pfam	PF07725	Leucine Rich Repeat	920	939	2.3E-7	T	15-06-2017	IPR011713	Leucine-rich repeat 3
CRUB|T30263-R1	1f101db7c09b80a4693f4bd18932c1be	393	Pfam	PF01582	TIR domain	15	185	2.4E-38	T	15-06-2017	IPR000157	Toll/interleukin-1 receptor homology (TIR) domain
CRUB|T30263-R1	1f101db7c09b80a4693f4bd18932c1be	393	Pfam	PF14299	Phloem protein 2	239	391	1.3E-29	T	15-06-2017	IPR025886	Phloem protein 2-like
CRUB|T30264-R1	6d330320dd093ac6e2df3a5e316b2638	355	Pfam	PF01582	TIR domain	16	176	6.3E-36	T	15-06-2017	IPR000157	Toll/interleukin-1 receptor homology (TIR) domain
CRUB|T30264-R1	6d330320dd093ac6e2df3a5e316b2638	355	Pfam	PF14299	Phloem protein 2	199	353	7.4E-27	T	15-06-2017	IPR025886	Phloem protein 2-like
CRUB|T30268-R1	a063075dd48302543002b45f9679872f	1165	Pfam	PF01582	TIR domain	13	181	4.9E-34	T	15-06-2017	IPR000157	Toll/interleukin-1 receptor homology (TIR) domain
CRUB|T30268-R1	a063075dd48302543002b45f9679872f	1165	Pfam	PF00931	NB-ARC domain	210	473	1.9E-21	T	15-06-2017	IPR002182	NB-ARC
CRUB|T30268-R1	a063075dd48302543002b45f9679872f	1165	Pfam	PF07725	Leucine Rich Repeat	636	653	2.9E-7	T	15-06-2017	IPR011713	Leucine-rich repeat 3
CRUB|T30269-R1	e5bbc263bb9b22ea3e16b014335e764d	1360	Pfam	PF03106	WRKY DNA -binding domain	1207	1262	2.2E-22	T	15-06-2017	IPR003657	WRKY domain
CRUB|T30269-R1	e5bbc263bb9b22ea3e16b014335e764d	1360	Pfam	PF01582	TIR domain	14	134	6.4E-5	T	15-06-2017	IPR000157	Toll/interleukin-1 receptor homology (TIR) domain
CRUB|T30269-R1	e5bbc263bb9b22ea3e16b014335e764d	1360	Pfam	PF00931	NB-ARC domain	156	400	1.5E-28	T	15-06-2017	IPR002182	NB-ARC
CRUB|T30269-R1	e5bbc263bb9b22ea3e16b014335e764d	1360	Pfam	PF07725	Leucine Rich Repeat	570	589	7.9E-10	T	15-06-2017	IPR011713	Leucine-rich repeat 3
CRUB|T30282-R1	ad5516b23f19c85c4540af3b72aaa764	254	Pfam	PF01582	TIR domain	17	188	7.6E-35	T	15-06-2017	IPR000157	Toll/interleukin-1 receptor homology (TIR) domain
CRUB|T30353-R1	64bb8b58ea6486c51b15b55ff325e24a	104	Pfam	PF01582	TIR domain	10	98	2.0E-20	T	15-06-2017	IPR000157	Toll/interleukin-1 receptor homology (TIR) domain
CRUB|T30354-R1	110fb83dffda52986cdd485e28025c71	270	Pfam	PF01582	TIR domain	10	186	4.3E-33	T	15-06-2017	IPR000157	Toll/interleukin-1 receptor homology (TIR) domain
CRUB|T30464-R1	591f9d19cac6999a1c701c2639c8cc2a	265	Pfam	PF01582	TIR domain	1	86	3.5E-7	T	15-06-2017	IPR000157	Toll/interleukin-1 receptor homology (TIR) domain
CRUB|T30464-R1	591f9d19cac6999a1c701c2639c8cc2a	265	Pfam	PF00931	NB-ARC domain	89	258	1.4E-12	T	15-06-2017	IPR002182	NB-ARC
CRUB|T30465-R1	d799e9a277111a9ba943a1384ef6c29e	79	Pfam	PF01582	TIR domain	10	74	1.8E-16	T	15-06-2017	IPR000157	Toll/interleukin-1 receptor homology (TIR) domain
CRUB|T30568-R1	2536acaa928bfc1fe938e549a1433ca6	95	Pfam	PF01582	TIR domain	57	92	5.8E-6	T	15-06-2017	IPR000157	Toll/interleukin-1 receptor homology (TIR) domain
CRUB|T30569-R1	967ecf19c5128a67472c9254aa568a04	1260	Pfam	PF00931	NB-ARC domain	244	495	1.5E-19	T	15-06-2017	IPR002182	NB-ARC
CRUB|T30569-R1	967ecf19c5128a67472c9254aa568a04	1260	Pfam	PF01582	TIR domain	57	234	4.2E-51	T	15-06-2017	IPR000157	Toll/interleukin-1 receptor homology (TIR) domain
CRUB|T30569-R1	967ecf19c5128a67472c9254aa568a04	1260	Pfam	PF07725	Leucine Rich Repeat	650	669	9.5E-8	T	15-06-2017	IPR011713	Leucine-rich repeat 3
CRUB|T30577-R1	98ee243f141fd984e49c858b75625c49	604	Pfam	PF00931	NB-ARC domain	158	403	1.1E-20	T	15-06-2017	IPR002182	NB-ARC
CRUB|T30577-R1	98ee243f141fd984e49c858b75625c49	604	Pfam	PF01582	TIR domain	57	132	1.7E-20	T	15-06-2017	IPR000157	Toll/interleukin-1 receptor homology (TIR) domain
CRUB|T30579-R1	dc1e068cdc8875114962443b474143e6	1143	Pfam	PF00931	NB-ARC domain	245	493	4.5E-23	T	15-06-2017	IPR002182	NB-ARC
CRUB|T30579-R1	dc1e068cdc8875114962443b474143e6	1143	Pfam	PF01582	TIR domain	57	234	1.4E-51	T	15-06-2017	IPR000157	Toll/interleukin-1 receptor homology (TIR) domain
CRUB|T30579-R1	dc1e068cdc8875114962443b474143e6	1143	Pfam	PF07725	Leucine Rich Repeat	650	669	1.4E-7	T	15-06-2017	IPR011713	Leucine-rich repeat 3
CRUB|T30586-R1	330f5569c4d7de285c9f77910b89d8f5	1081	Pfam	PF00931	NB-ARC domain	159	418	1.7E-23	T	15-06-2017	IPR002182	NB-ARC
CRUB|T30586-R1	330f5569c4d7de285c9f77910b89d8f5	1081	Pfam	PF01582	TIR domain	4	156	4.4E-44	T	15-06-2017	IPR000157	Toll/interleukin-1 receptor homology (TIR) domain
CRUB|T30586-R1	330f5569c4d7de285c9f77910b89d8f5	1081	Pfam	PF07725	Leucine Rich Repeat	575	590	2.0E-5	T	15-06-2017	IPR011713	Leucine-rich repeat 3
CRUB|T30588-R1	519860919b44292603c2186502f9c7ee	1124	Pfam	PF00931	NB-ARC domain	258	367	2.2E-6	T	15-06-2017	IPR002182	NB-ARC
CRUB|T30588-R1	519860919b44292603c2186502f9c7ee	1124	Pfam	PF00931	NB-ARC domain	408	539	9.9E-10	T	15-06-2017	IPR002182	NB-ARC
CRUB|T30588-R1	519860919b44292603c2186502f9c7ee	1124	Pfam	PF07725	Leucine Rich Repeat	654	673	1.9E-6	T	15-06-2017	IPR011713	Leucine-rich repeat 3
CRUB|T30588-R1	519860919b44292603c2186502f9c7ee	1124	Pfam	PF01582	TIR domain	70	247	2.9E-52	T	15-06-2017	IPR000157	Toll/interleukin-1 receptor homology (TIR) domain
CRUB|T30589-R1	621f60cebead446197744c3e856b8f52	1154	Pfam	PF00931	NB-ARC domain	245	495	7.4E-24	T	15-06-2017	IPR002182	NB-ARC
CRUB|T30589-R1	621f60cebead446197744c3e856b8f52	1154	Pfam	PF01582	TIR domain	57	234	1.0E-51	T	15-06-2017	IPR000157	Toll/interleukin-1 receptor homology (TIR) domain
CRUB|T30589-R1	621f60cebead446197744c3e856b8f52	1154	Pfam	PF07725	Leucine Rich Repeat	651	669	2.3E-6	T	15-06-2017	IPR011713	Leucine-rich repeat 3
CRUB|T30596-R1	044173cee24250f9c88bbfccbf637b33	1167	Pfam	PF00931	NB-ARC domain	251	499	1.6E-21	T	15-06-2017	IPR002182	NB-ARC
CRUB|T30596-R1	044173cee24250f9c88bbfccbf637b33	1167	Pfam	PF01582	TIR domain	61	238	8.6E-52	T	15-06-2017	IPR000157	Toll/interleukin-1 receptor homology (TIR) domain
CRUB|T30596-R1	044173cee24250f9c88bbfccbf637b33	1167	Pfam	PF07725	Leucine Rich Repeat	655	672	6.5E-5	T	15-06-2017	IPR011713	Leucine-rich repeat 3
CRUB|T30630-R1	9c8d96c0005906bb99968a3f20ff25a7	994	Pfam	PF01582	TIR domain	19	194	2.0E-42	T	15-06-2017	IPR000157	Toll/interleukin-1 receptor homology (TIR) domain
CRUB|T30630-R1	9c8d96c0005906bb99968a3f20ff25a7	994	Pfam	PF00931	NB-ARC domain	196	455	7.1E-14	T	15-06-2017	IPR002182	NB-ARC
CRUB|T30630-R1	9c8d96c0005906bb99968a3f20ff25a7	994	Pfam	PF07725	Leucine Rich Repeat	616	635	2.3E-5	T	15-06-2017	IPR011713	Leucine-rich repeat 3
CRUB|T30672-R1	f1c259df6e0fda4f071e8930c0f36fe2	1046	Pfam	PF00931	NB-ARC domain	260	428	2.7E-12	T	15-06-2017	IPR002182	NB-ARC
CRUB|T30672-R1	f1c259df6e0fda4f071e8930c0f36fe2	1046	Pfam	PF07725	Leucine Rich Repeat	589	609	5.5E-6	T	15-06-2017	IPR011713	Leucine-rich repeat 3
CRUB|T30672-R1	f1c259df6e0fda4f071e8930c0f36fe2	1046	Pfam	PF01582	TIR domain	7	170	2.2E-47	T	15-06-2017	IPR000157	Toll/interleukin-1 receptor homology (TIR) domain
CRUB|T30715-R1	60614860f05bd98d41f7fabbe5780d2f	802	Pfam	PF00931	NB-ARC domain	185	440	1.8E-38	T	15-06-2017	IPR002182	NB-ARC
CRUB|T30715-R1	60614860f05bd98d41f7fabbe5780d2f	802	Pfam	PF05659	Arabidopsis broad-spectrum mildew resistance protein RPW8	9	135	1.7E-16	T	15-06-2017	IPR008808	Powdery mildew resistance protein, RPW8 domain
CRUB|T30718-R1	8b6d408f4cf4ee26b51e742ff17c0d48	992	Pfam	PF05659	Arabidopsis broad-spectrum mildew resistance protein RPW8	207	333	2.4E-16	T	15-06-2017	IPR008808	Powdery mildew resistance protein, RPW8 domain
CRUB|T30718-R1	8b6d408f4cf4ee26b51e742ff17c0d48	992	Pfam	PF00931	NB-ARC domain	383	630	1.1E-33	T	15-06-2017	IPR002182	NB-ARC
CRUB|T30718-R1	8b6d408f4cf4ee26b51e742ff17c0d48	992	Pfam	PF05659	Arabidopsis broad-spectrum mildew resistance protein RPW8	9	136	2.4E-16	T	15-06-2017	IPR008808	Powdery mildew resistance protein, RPW8 domain
CRUB|T31405-R1	NA	905	Coils	Coil	maj_vote_coils_paircoils_nlrparser	15	58	NA	NA	NA	NA	NA	NA	NA
CRUB|T31405-R1	7b177cd9c6c85a4511fda96d4484f21c	905	Pfam	PF00931	NB-ARC domain	170	454	6.6E-94	T	15-06-2017	IPR002182	NB-ARC
CRUB|T31406-R1	NA	869	Coils	Coil	maj_vote_coils_paircoils_nlrparser	17	71	NA	NA	NA	NA	NA	NA	NA
CRUB|T31406-R1	02429e70ebff9947786edc9b21820c39	869	Pfam	PF00931	NB-ARC domain	179	455	5.5E-88	T	15-06-2017	IPR002182	NB-ARC
CRUB|T31407-R2	NA	897	Coils	Coil	maj_vote_coils_paircoils_nlrparser	13	58	NA	NA	NA	NA	NA	NA	NA
CRUB|T31407-R2	94346142f944db60b1bef1f4da3d522e	897	Pfam	PF00931	NB-ARC domain	171	447	1.2E-89	T	15-06-2017	IPR002182	NB-ARC
CRUB|T31688-R1	76e31381ea888c31d50710455f97476d	1162	Pfam	PF01582	TIR domain	13	188	5.6E-50	T	15-06-2017	IPR000157	Toll/interleukin-1 receptor homology (TIR) domain
CRUB|T31688-R1	76e31381ea888c31d50710455f97476d	1162	Pfam	PF00931	NB-ARC domain	194	434	1.1E-14	T	15-06-2017	IPR002182	NB-ARC
CRUB|T31688-R1	76e31381ea888c31d50710455f97476d	1162	Pfam	PF07725	Leucine Rich Repeat	612	631	3.2E-9	T	15-06-2017	IPR011713	Leucine-rich repeat 3
CRUB|T32277-R1	0f5b3ba2015a6c5c18106fe0bb1f0e3f	973	Pfam	PF00931	NB-ARC domain	435	573	4.8E-6	T	15-06-2017	IPR002182	NB-ARC
CRUB|T33419-R1	35628400a065e80e9b5218be2a0412ce	813	Pfam	PF05659	Arabidopsis broad-spectrum mildew resistance protein RPW8	10	128	6.7E-26	T	15-06-2017	IPR008808	Powdery mildew resistance protein, RPW8 domain
CRUB|T33419-R1	35628400a065e80e9b5218be2a0412ce	813	Pfam	PF00931	NB-ARC domain	180	438	9.9E-30	T	15-06-2017	IPR002182	NB-ARC
CRUB|T34225-R1	a586a45ba2178e2270e741c9fd9b5544	1208	Pfam	PF01582	TIR domain	105	283	4.7E-51	T	15-06-2017	IPR000157	Toll/interleukin-1 receptor homology (TIR) domain
CRUB|T34225-R1	a586a45ba2178e2270e741c9fd9b5544	1208	Pfam	PF00931	NB-ARC domain	290	432	5.6E-11	T	15-06-2017	IPR002182	NB-ARC
CRUB|T34225-R1	a586a45ba2178e2270e741c9fd9b5544	1208	Pfam	PF07725	Leucine Rich Repeat	669	687	5.2E-6	T	15-06-2017	IPR011713	Leucine-rich repeat 3
CRUB|T34226-R1	666de8a9a59f98d463fd829f17348ab2	1184	Pfam	PF00931	NB-ARC domain	269	529	4.5E-22	T	15-06-2017	IPR002182	NB-ARC
CRUB|T34226-R1	666de8a9a59f98d463fd829f17348ab2	1184	Pfam	PF07725	Leucine Rich Repeat	687	706	8.7E-6	T	15-06-2017	IPR011713	Leucine-rich repeat 3
CRUB|T34226-R1	666de8a9a59f98d463fd829f17348ab2	1184	Pfam	PF01582	TIR domain	90	268	1.2E-51	T	15-06-2017	IPR000157	Toll/interleukin-1 receptor homology (TIR) domain
CRUB|T34228-R1	390a278cb64337e88ed4f2fbe24e3b48	1177	Pfam	PF00931	NB-ARC domain	244	491	5.6E-22	T	15-06-2017	IPR002182	NB-ARC
CRUB|T34228-R1	390a278cb64337e88ed4f2fbe24e3b48	1177	Pfam	PF01582	TIR domain	52	230	2.8E-52	T	15-06-2017	IPR000157	Toll/interleukin-1 receptor homology (TIR) domain
CRUB|T34228-R1	390a278cb64337e88ed4f2fbe24e3b48	1177	Pfam	PF07725	Leucine Rich Repeat	653	670	1.4E-4	T	15-06-2017	IPR011713	Leucine-rich repeat 3
CRUB|T34230-R1	8f30a44d6c1cfb7702c303fb0c71043f	765	Pfam	PF00931	NB-ARC domain	19	142	1.2E-11	T	15-06-2017	IPR002182	NB-ARC
CRUB|T34232-R1	d7c8b384751e69766599a19cfbfea66f	936	Pfam	PF00931	NB-ARC domain	256	495	1.1E-13	T	15-06-2017	IPR002182	NB-ARC
CRUB|T34232-R1	d7c8b384751e69766599a19cfbfea66f	936	Pfam	PF00560	Leucine Rich Repeat	747	768	1.0	T	15-06-2017	IPR001611	Leucine-rich repeat
CRUB|T34232-R1	d7c8b384751e69766599a19cfbfea66f	936	Pfam	PF01582	TIR domain	77	255	3.1E-55	T	15-06-2017	IPR000157	Toll/interleukin-1 receptor homology (TIR) domain
CRUB|T34232-R1	d7c8b384751e69766599a19cfbfea66f	936	Pfam	PF00560	Leucine Rich Repeat	771	788	1.2	T	15-06-2017	IPR001611	Leucine-rich repeat
CRUB|T34232-R1	d7c8b384751e69766599a19cfbfea66f	936	Pfam	PF00560	Leucine Rich Repeat	812	834	0.51	T	15-06-2017	IPR001611	Leucine-rich repeat
CRUB|T34232-R1	d7c8b384751e69766599a19cfbfea66f	936	Pfam	PF00560	Leucine Rich Repeat	907	926	1.4	T	15-06-2017	IPR001611	Leucine-rich repeat
CRUB|T34234-R1	ce695c6e87946fc7a5be35a807ef8ed7	1241	Pfam	PF01582	TIR domain	101	279	2.8E-50	T	15-06-2017	IPR000157	Toll/interleukin-1 receptor homology (TIR) domain
CRUB|T34234-R1	ce695c6e87946fc7a5be35a807ef8ed7	1241	Pfam	PF00931	NB-ARC domain	284	544	6.8E-27	T	15-06-2017	IPR002182	NB-ARC
CRUB|T34234-R1	ce695c6e87946fc7a5be35a807ef8ed7	1241	Pfam	PF07725	Leucine Rich Repeat	698	717	8.3E-6	T	15-06-2017	IPR011713	Leucine-rich repeat 3
CRUB|T34236-R1	4ab913caa624314a2eac20d2d1868a99	884	Pfam	PF00931	NB-ARC domain	10	174	4.9E-19	T	15-06-2017	IPR002182	NB-ARC
CRUB|T34236-R1	4ab913caa624314a2eac20d2d1868a99	884	Pfam	PF07725	Leucine Rich Repeat	331	349	8.7E-6	T	15-06-2017	IPR011713	Leucine-rich repeat 3
CRUB|T34236-R1	4ab913caa624314a2eac20d2d1868a99	884	Pfam	PF00560	Leucine Rich Repeat	376	397	0.38	T	15-06-2017	IPR001611	Leucine-rich repeat
CRUB|T34236-R1	4ab913caa624314a2eac20d2d1868a99	884	Pfam	PF00560	Leucine Rich Repeat	424	446	0.2	T	15-06-2017	IPR001611	Leucine-rich repeat
CRUB|T34236-R1	4ab913caa624314a2eac20d2d1868a99	884	Pfam	PF00560	Leucine Rich Repeat	542	564	1.1	T	15-06-2017	IPR001611	Leucine-rich repeat
CRUB|T34898-R1	5cee71065420c34fed2cf566121d0769	352	Pfam	PF00931	NB-ARC domain	209	342	6.6E-7	T	15-06-2017	IPR002182	NB-ARC
CRUB|T34898-R1	5cee71065420c34fed2cf566121d0769	352	Pfam	PF01582	TIR domain	28	196	1.5E-46	T	15-06-2017	IPR000157	Toll/interleukin-1 receptor homology (TIR) domain
